Date,Close,High,Low,Open,Volume,return,log_return,rolling_vol_5d,rolling_vol_21d,rolling_vol_63d,rolling_mean_5d,zscore_5d,rolling_mean_21d,zscore_21d
2025-01-02,242.0931396484375,247.3053149666319,240.0777664039773,247.1365264348607,55740700,-0.026235840484950756,-0.026586140680771416,0.010829262414336916,0.011919257855869921,0.01116046802441272,250.39884338378906,-1.4624726337521559,247.72795032319567,-1.1119871140452826
2025-01-03,241.6066436767578,242.42072787413275,240.14723350152744,241.6066436767578,40244100,-0.002009540511499708,-0.002011562347127869,0.009208468974697142,0.011616250530458264,0.011140989251601967,247.28941040039064,-1.0722940546054036,247.76151602608817,-1.2255845644419014
2025-01-06,243.23486328125,245.5480782886853,241.44782860288203,242.5498320588044,45045600,0.006739134237842226,0.006716527781167452,0.012512944519689474,0.011702346636986712,0.01115251558818233,245.18667907714843,-0.4843484855667543,247.85559590657553,-0.9408227794397553
2025-01-07,240.46495056152344,243.78088314896328,239.61114601786815,241.22939201717415,40856000,-0.011387811279848226,-0.011453148911409066,0.012355288523091043,0.011984714908662444,0.010845780935777405,243.203076171875,-0.8597004171553454,247.8163568405878,-1.4793319033685268
2025-01-08,240.951416015625,241.9541489627904,238.32051453305576,240.1770368943837,37628900,0.002023020207167825,0.0020209766574193415,0.013182704816405289,0.0119929474016304,0.010630591402800434,241.67020263671876,-0.6702453777925753,247.8097388857887,-1.3774780139581964
2025-01-10,235.14356994628903,238.4297199246896,231.32130202918376,238.28079154222544,61710900,-0.02410380551139546,-0.02439905633140696,0.012349728782235165,0.0125239061752102,0.010922362837866453,240.28028869628906,-1.6808055165286369,247.34170750209265,-2.150359297433846
2025-01-13,232.7112274169922,232.97928640713008,228.0649523818292,231.8475002973708,49630700,-0.010344074174992057,-0.010397945934594989,0.012271534220743396,0.012572553745409994,0.011003834779635423,238.50120544433594,-1.3191026346159662,246.70962887718565,-2.15056259531403
2025-01-14,231.59927368164065,234.41880854341963,230.7951119565212,233.0586839045808,39435300,-0.004778255641955109,-0.004789708001543233,0.009760396126268566,0.012568908003561478,0.010988404383632263,236.17408752441406,-1.0549852697052668,246.08511207217262,-1.9864694726477894
2025-01-15,236.1562042236328,237.2383625727966,232.74098609709984,232.94947976770305,39832000,0.01967592760353898,0.01948485877736529,0.016161164821432965,0.013353181990149258,0.011068646168104983,235.31233825683594,0.231625953918356,245.60809689476378,-1.2425218243214227
2025-01-16,226.6154327392578,236.29518618874627,226.38709407905125,235.63995285298608,71759100,-0.0404002575995851,-0.0412390164613867,0.022661356514604682,0.01583787344198781,0.012169070467979777,232.4451416015625,-1.56049120644182,244.66872224353608,-2.0853182686353047
2025-01-17,228.3230438232422,230.61639839146835,226.8338509712665,230.44762501944007,68488300,0.007535281526696025,0.007507033110612243,0.022882575748906668,0.01565782530165573,0.012159161468332296,231.08103637695314,-0.7355852603040444,243.67309061686197,-1.653060525685871
2025-01-21,221.03594970703125,222.80312416686704,217.79944241349196,222.38615194982364,98070400,-0.031915719036455625,-0.032436128384581396,0.02589315706771278,0.01647129164128243,0.012820310958153757,228.74598083496093,-1.3671504651184865,242.21510096958704,-2.0529202155552326
2025-01-22,222.2173614501953,222.5052654056773,218.2064601780486,218.2064601780486,64126500,0.005344885050282411,0.005330651846216455,0.026810364117002116,0.016254686095316002,0.012738208852845696,226.86959838867188,-0.7751227861483914,241.07007635207404,-1.69144356315006
2025-01-23,222.048583984375,225.3942990498913,220.6983818704437,223.1208046468074,60234800,-0.0007595152094276303,-0.0007598037872330465,0.022799468315208325,0.016058199738029817,0.012706349046530651,224.0480743408203,-0.6223458742673942,239.83475458054315,-1.5122751111023192
2025-01-24,221.1749267578125,224.00439930767484,219.81480209957203,223.160517277336,54697900,-0.003934531852830769,-0.003942292486275984,0.016084849592849546,0.01510535347705597,0.012710370974360658,222.95997314453126,-0.5866589782374285,238.33563232421875,-1.4243544697904016
2025-01-27,228.2039337158203,230.47742834163907,222.36629236472388,222.40601266103107,94863400,0.03178030647978747,0.03128576307889148,0.022778179031027163,0.017106521050235794,0.013054977901640504,222.93615112304687,1.7616464037645225,237.1343500046503,-0.7619217261650758
2025-01-28,236.5434112548828,238.45951413038736,229.1470890329199,229.1868093297106,75707600,0.03654396926149195,0.03589207289264612,0.01865498152007442,0.01900863674584817,0.013816919301893597,226.0376434326172,1.6152346642098183,236.19166710263207,0.03237769086868063
2025-01-29,237.63546752929688,238.1318651456976,232.3240069742682,232.4332150558305,45486100,0.004616726666029747,0.004606102270877926,0.018737531277782514,0.019037617931826234,0.013820965336756542,229.1212646484375,1.0955592181256932,235.26222229003906,0.24317218994250717
2025-01-30,235.8782196044922,239.05516137192973,235.500967711044,236.95044029141235,55658300,-0.007394720758962636,-0.007422197244272815,0.02017910290606321,0.01893245361937019,0.013818289813163902,231.88719177246094,0.5658750547857362,234.41125560942152,0.16672219644296613
2025-01-31,234.2996826171875,245.40906406001392,231.7581291617668,245.40906406001392,100959800,-0.006692169331918407,-0.006714662304453805,0.020759302803212167,0.018814396259276115,0.013845976205056513,234.51214294433595,-0.056993465850950054,233.64538501557848,0.08175542088930275
2025-02-03,226.36724853515625,230.15973381299625,224.0738938399255,228.33299411580023,73063300,-0.033855931828092656,-0.03444231699540432,0.025410851322839403,0.02000887267720897,0.01438874743235436,234.14480590820312,-1.7234895496960858,232.58593096051897,-0.8438048150443164
2025-02-04,231.12274169921875,231.45036595591677,225.0170417043348,225.61272492539547,45067300,0.021007867502192745,0.02079024483569272,0.02020155095604848,0.02006069856387024,0.014433590307673083,233.0606719970703,-0.4361789150161405,232.06353105817522,-0.13356255456774044
2025-02-05,230.79510498046875,230.9936609938165,226.62536810475493,226.88348940722173,39620300,-0.0014175875395956439,-0.0014185932673956836,0.019685525684822444,0.020061406588150255,0.014326594320785221,231.69259948730468,-0.24470726541267349,231.54869588216147,-0.11250901982006575
2025-02-06,231.5397186279297,232.1155417136993,228.7698112868805,229.62361584180036,29925300,0.003226297401428546,0.0032211040711213348,0.02004405153951632,0.01999830290668733,0.014317150595701218,230.82489929199218,0.25060049327780437,230.99178423200334,0.08922796763402784
2025-02-07,225.989990234375,232.31409120281864,225.6226456863809,230.9241838961893,39707200,-0.02396879648313288,-0.024260722263638013,0.022128530942940518,0.020479421207362396,0.01464071239118776,229.1629608154297,-1.1578842344806626,230.30250040690103,-0.7398629410475948
2025-02-10,226.25831604003903,229.1803455563177,225.81107002878403,228.16659197494192,33115600,0.001187334914195759,0.0011866305895542222,0.016082339682530148,0.020470089393252105,0.01463388361440833,229.14117431640625,-1.0413481344560636,229.6028289794922,-0.6252939394947371
2025-02-11,231.1979217529297,233.79196667406023,226.7353801285285,226.80494431220237,53718400,0.021831708992373633,0.021596809917280656,0.01634609815079199,0.020526168128840873,0.014644287611726241,229.15621032714844,0.7338968148203261,229.4149409702846,0.3420986452475563
2025-02-12,235.42198181152344,235.5114431570428,229.2698195612854,229.7866449882993,45243300,0.018270320193915168,0.018105423344237107,0.018136953236286023,0.020800732926715186,0.014811542650107765,230.0815856933594,1.342983529637309,229.54402451288132,1.1028380452077127
2025-02-13,240.0534820556641,240.85852795215615,234.1299251101732,235.4617298072221,53614100,0.01967318518220873,0.019482169270882015,0.019384164280599653,0.02116033859199548,0.01490561293634738,231.78433837890626,1.3684069605522795,229.9466058640253,1.7449442829205963
2025-02-14,243.104736328125,244.0489258287467,239.5168040933544,239.77520922194773,40896200,0.012710726986052912,0.012630623761790739,0.008198716969594658,0.020923956023630588,0.014974037421158595,235.20728759765626,1.170601155942677,230.27748834519159,2.0240656936879566
2025-02-18,242.97552490234372,243.6811760890431,240.3615975750387,242.65747382373945,48822500,-0.0005315051764638312,-0.0005316464754097675,0.008906945737534203,0.01852637341531907,0.014972329705914868,238.55072937011718,0.8578145581975367,231.0565403529576,1.7401102680992597
2025-02-19,243.37306213378903,244.5060925083624,241.6735241546838,243.16435439309652,32204200,0.001636120475941416,0.0016347834889513875,0.009261112687608077,0.01850430923220742,0.014888753668394442,240.98575744628906,0.7041828583880657,231.77320789155505,1.5845912087301997
2025-02-20,244.32717895507807,245.2713683243621,242.79658488378956,243.442620363674,32316900,0.003920387954705173,0.003912723259701875,0.008391137664026896,0.016624529670296137,0.014762030338959271,242.766796875,0.9713480352046935,232.88231404622397,1.5515351814959928
2025-02-21,244.0489044189453,247.1697083342209,243.72091995824803,244.44645306890683,53197400,-0.0011389422057868082,-0.001139591293356494,0.00558122727696005,0.01667351654156299,0.014686112488501922,243.56588134765624,0.81320010299737,233.92191133045014,1.3803451143119643
2025-02-24,245.5894470214844,247.33868242018207,242.92582237394555,243.43269920852308,51326400,0.0063124340025495496,0.006292594039563211,0.0031015649831394507,0.016634048492315288,0.014700152599183986,244.0628234863281,1.5155538334928191,235.04290480840774,1.4588504569252454
2025-02-25,245.52980041503903,248.47171215983585,243.41283173998391,246.48393846255715,48013300,-0.00024287121115651455,-0.00024290070914535707,0.0030440110412452625,0.016556260428413624,0.014699389288671455,244.57367858886718,0.9909748466775267,236.2026606968471,1.364370374918405
2025-02-26,238.89064025878903,243.48239258336395,237.66816369812489,242.83637220684057,44433600,-0.027040139913881323,-0.027412451412643184,0.013588519646645076,0.01684451879796535,0.015131229960556328,243.67719421386715,-1.731697219797028,236.71155148460747,0.32992154372713345
2025-02-27,235.84933471679688,240.97779411500133,235.61079643123784,237.9464364184556,41153600,-0.01273095312021233,-0.012812686137682022,0.01329597195271746,0.015247966001465153,0.015213384290431618,241.98162536621095,-1.3973272578492608,236.6785002208891,-0.12548874261336182
2025-02-28,240.36155700683597,240.61002868299224,228.79271637161892,235.50145162783903,56833400,0.019131799949562156,0.01895108831971762,0.017804849795779874,0.015783143792730162,0.015310714531389215,241.24415588378906,-0.20706874086079152,236.80831400553384,0.5340133631673288
2025-03-03,236.57489013671875,242.53821134874983,234.66662916873,240.31189930334125,47184000,-0.015754045352641466,-0.015879459253240483,0.017658348661744084,0.016101245533810774,0.015408159013530973,239.44124450683594,-0.7442035795712585,236.84148879278274,-0.040085722773192126
2025-03-04,234.48773193359372,238.60243830930253,233.24537329325,236.2568645897131,53798100,-0.008822399545103221,-0.008861547333673387,0.01718981051349421,0.016153677609280454,0.015450352949819286,237.2328308105469,-1.159504298374152,236.85044352213538,-0.3554421945736124
2025-03-05,234.2988739013672,235.1039197629907,227.82866128733943,233.98082285378285,47227600,-0.0008054068785142698,-0.0008057313928900223,0.013958021217891577,0.014100983619681427,0.015396649195186837,236.3144775390625,-0.8217942731357908,237.22813996814543,-0.4698613690837871
2025-03-06,233.8914031982422,236.4059358119138,231.73467047090972,233.00684447444675,45170400,-0.0017391065366217928,-0.0017406205379890659,0.013034648811875308,0.013411330537624621,0.015349019694886787,235.92289123535156,-0.7551150410575307,237.35998099190843,-0.5661040598829272
2025-03-07,237.60855102539065,239.8944787876392,233.32488570115635,233.6727521861128,46273600,0.015892622714302584,0.015767657266278823,0.011794506375205193,0.0138027649306485,0.0153957384420284,235.3722900390625,1.3753599556557594,237.68443080357142,-0.01277519397319766
2025-03-10,226.08937072753903,234.71631625547707,222.84930513729452,234.10009611136832,72071200,-0.048479653817764756,-0.04969420920367919,0.024440217546960942,0.01772392813101245,0.016607015762015606,233.27518615722656,-1.6784899746646276,237.4248904273623,-1.791346378122621
2025-03-11,219.48995971679688,224.4593937721428,216.1206840338927,222.4418047589131,76137400,-0.029189390856835695,-0.029623876941397523,0.026103781360844982,0.018108295169341194,0.016992099196789297,230.2756317138672,-1.464738020851917,237.1153651646205,-2.5054854871321424
2025-03-12,215.653564453125,220.39440897367027,213.5962265598192,218.7942505386503,62547500,-0.01747868225326521,-0.017633238021959693,0.02517131742001454,0.018437129833936375,0.017112807141523443,226.54656982421875,-1.17295959680706,236.61037699381507,-2.5726707057420866
2025-03-13,208.39817810058597,215.5144112677834,207.14588618522245,214.6298526174969,61368300,-0.03364371171391456,-0.03422268431660869,0.02456677407494241,0.018841120339920824,0.017438822340200093,221.4479248046875,-1.1785583683024587,235.52467491513207,-2.6670299535848647
2025-03-14,212.1848907470703,212.64207016591416,208.29878985935505,209.95857893569573,60107600,0.01817056502603709,0.018007453235031515,0.02545656224353447,0.018835138902099115,0.01761159267620673,216.36319274902343,-0.6131011876356021,234.41814676920572,-1.9544906093472645
2025-03-17,212.6917724609375,213.904315554563,208.6864099217596,212.0059881512876,48073400,0.0023888680861419154,0.0023860192768264937,0.022041726828957983,0.01808074077320943,0.017617754568479534,213.6836730957031,-0.23923784709258947,233.1152082170759,-1.6696115058633512
2025-03-18,211.38980102539065,213.83475423543345,210.19713981325924,212.85081593904235,42432400,-0.0061214000921731015,-0.0061402126739018474,0.01979264276965261,0.01758310525272483,0.017593118687997854,212.0636413574219,-0.2584702186549078,231.60497320265998,-1.5697201821379732
2025-03-19,213.9242248535156,217.4226958720297,212.44332789190165,212.91045595477613,54385400,0.0119893382548788,0.011918035488510908,0.020420151753155036,0.01800476751470664,0.01768177165041541,211.7177734375,1.0652047198881358,230.2215779622396,-1.2390484723594382
2025-03-20,212.7911834716797,216.16045933121796,210.92267131595003,212.6818553101102,48862900,-0.00529646131760797,-0.005310537292756883,0.010616859266950662,0.01791987149008723,0.01759566849194659,212.59637451171875,0.21020922257615587,228.76529802594865,-1.1996019467355146
2025-03-21,216.9356842041016,217.5021918152461,209.9884097524224,210.26669685360037,94127800,0.019476844222606093,0.019289597898125593,0.011041553729170563,0.018660935133745688,0.01774414362035389,213.546533203125,1.616556903988542,227.46094113304503,-0.8062488657814642
2025-03-24,219.38064575195312,220.1260609084734,217.2437950361324,219.64899945464327,44299500,0.011270444310818029,0.011207406057225274,0.01133446823809135,0.01900194920273296,0.017650462156488283,214.88430786132812,1.388597063911019,226.28626214890252,-0.548548277282936
2025-03-25,222.38217163085935,222.7300380772677,218.73460889257407,219.42039321145907,34493600,0.013681817138508912,0.01358906612243753,0.009200965425774426,0.019284788384390256,0.017723107614658427,217.08278198242186,1.3484446878402456,225.181153796968,-0.23712577837344995
2025-03-26,220.1757354736328,223.64440576884627,219.12221792138408,222.1436270366165,34466100,-0.009921821255028829,-0.009971370542079902,0.012689083300266848,0.019288537602264563,0.017558507633136725,218.3330841064453,0.5035936669706369,223.97381737118675,-0.3491270755457259
2025-03-27,222.4815673828125,223.61459773398053,219.21167130142223,220.0365991694977,37094800,0.010472688574058697,0.010418229860519757,0.011109552640352736,0.018871394945278265,0.017618324310133254,220.2711608886719,0.9585627114092012,223.1924329485212,-0.06882081560855947
2025-03-28,216.56793212890625,222.44180687800483,216.34927581514728,220.31488968867507,39818600,-0.02658033797348691,-0.026939982458131496,0.017631104208713014,0.019466561013497065,0.01780662986588042,220.1976104736328,-1.4870473704744676,222.27427092052642,-0.5706566433612585
2025-03-31,220.77207946777344,224.24073468961828,214.908138255618,215.683368745432,65299300,0.019412603230494874,0.019226582228283634,0.019235772118702605,0.019482930765953418,0.018005451555710716,220.47589721679688,0.12323127315212676,221.34143865676154,-0.06255800379683094
2025-04-01,221.8255920410156,222.31258685550367,217.5618092777705,218.46624988397505,36412700,0.0047719465966074015,0.004760596951724679,0.01819889553826291,0.0193765633615556,0.01797289197637044,220.3645812988281,0.6341374501709238,220.6390911283947,0.14108571288942548
2025-04-02,222.5213165283203,223.8133724100327,219.66886624627367,219.9670353213626,35905900,0.0031363580770973343,0.003131449965822007,0.0174210658124122,0.019373926549759377,0.017926873138365735,220.8336975097656,0.6784766238304812,220.0692618233817,0.3140268350862815
2025-04-03,201.9478759765625,206.2215925598656,200.01973301812973,204.2835010267849,103419000,-0.09245604363993343,-0.09701327725574928,0.04654052054312811,0.02828180422807567,0.021560625441908975,216.72695922851562,-1.7227536424863614,218.5287381126767,-2.0601755650670093
2025-04-04,187.22840881347656,198.65810753704545,186.19475800144227,192.70471987275084,125910900,-0.07288745718124923,-0.07568031537135211,0.053157320348423506,0.03194918988463544,0.023237818437949413,210.8590545654297,-1.5002769030048173,216.3066907610212,-2.9558772377504403
2025-04-07,180.3507080078125,192.96311894309864,173.55251067175698,176.11674047268428,160466300,-0.036734280065990776,-0.03742597592669961,0.04580683609864079,0.031863003606935995,0.023612320935926072,202.7747802734375,-1.1587191859002905,213.5801268078032,-2.904125282115649
2025-04-08,171.365966796875,189.176417114886,168.175598539417,185.55866963100107,120859500,-0.04981816434315467,-0.05110190674875909,0.038206375087339095,0.03194514915921873,0.0242779933435631,192.68285522460937,-1.0617325443660655,210.97425043015252,-2.765888740362595
2025-04-09,197.63438415527344,199.383619356675,170.8391909937331,170.89882177160354,184395900,0.15328841455161957,0.14261735272251114,0.09575687490333717,0.04637093533072428,0.030609097642871962,187.70546875,0.7957603233815338,209.93350873674666,-0.850331974427392
2025-04-10,189.25592041015625,193.58926741380884,181.88128226075605,187.9141823452429,121880000,-0.042393755423320245,-0.04331860368958588,0.0881946456581512,0.04705467465816471,0.031016721725338554,185.16707763671874,0.4140562964419594,208.67647806803384,-1.2881715657346837
2025-04-11,196.93865966796875,198.32016168749277,184.92257212057936,184.96233608452025,87435900,0.040594446087406144,0.03979213263841825,0.08261417813704744,0.04762069773735697,0.03138242603852943,187.1091278076172,0.8743557369843432,208.1307867140997,-0.7318712014286984
2025-04-14,201.281982421875,211.63828226401768,199.93029560984905,210.14745189040863,101352900,0.022054190686729314,0.0218145145310943,0.07822330407469917,0.04771060589337122,0.031518993914712995,191.29538269042968,0.8343176033762475,207.6116006033761,-0.4128105132761619
2025-04-15,200.904296875,202.26591707175376,198.57860517432977,200.6260097569118,51343900,-0.0018764001741765624,-0.0018781628182789807,0.06932007806426174,0.04769779025678513,0.0315174235074645,197.2030487060547,0.7645276015980436,207.05029224214098,-0.40030041422819856
2025-04-16,193.08241271972656,199.47309822086447,191.19401850640656,197.1474065096439,59732400,-0.038933384088544964,-0.039711553047562215,0.036768633519555116,0.04837609286562623,0.03174040583155427,196.29265441894532,-0.622441390417209,206.17851184663314,-0.838831701911967
2025-04-17,195.77581787109372,197.6145145196776,193.2314700862815,195.99447418061752,52164700,0.013949510540231636,0.013853111562674913,0.03000955907863524,0.048410387590541844,0.031432821942482383,197.5966339111328,-0.522106927168453,205.31430199032738,-0.6089305650489817
2025-04-21,191.97918701171875,192.6152739871965,188.64966000796989,192.08851517151223,46742500,-0.01939274676852487,-0.01958325306436154,0.025008578443998834,0.04852649240145374,0.03148145276933339,196.6047393798828,-1.0692780513266622,204.32325453985305,-0.7800278659713561
2025-04-22,198.5189666748047,200.3576482646354,194.77200897005903,194.921085932704,52976400,0.034065045096199675,0.03349768039031173,0.028459758949372835,0.04897758397136384,0.03157453045573337,196.05213623046876,0.6645709031607427,203.44626799083892,-0.3158532857783126
2025-04-23,203.3492584228516,206.72846769395252,201.56025903470572,204.7406939661261,52929200,0.024331638578189096,0.024040339983121523,0.03091596781740249,0.04925900534756449,0.03172938532554294,196.54112854003907,1.489007988463598,202.68286859421502,0.04393544419641268
2025-04-24,207.09619140625,207.55338601533765,201.6993932641485,203.63746952607696,47311000,0.0184260961286955,0.018258392568158418,0.020167780362878165,0.04935099050224721,0.031825979291725634,199.34388427734376,1.292986964185307,201.95496477399553,0.3538806594981051
2025-04-25,208.0006256103516,208.46775361357265,204.9394524859384,205.1084114199,38222300,0.0043672179481437645,0.004357709325939014,0.020628432012366093,0.049354520231387956,0.031831230007985205,201.78884582519532,0.9361671262546739,201.3751976376488,0.4733154968024977
2025-04-28,208.85536193847656,210.2070485309222,206.19175271644127,208.71621839949725,38743100,0.004109296910126403,0.004100876808827575,0.01274193160894036,0.04928971780285533,0.03157003846803133,205.16408081054686,0.8649187296571996,200.72633071172805,0.6127085413774931
2025-04-29,209.91883850097656,210.94254069563792,207.0961884524305,207.4142395090872,36827600,0.005091928464892703,0.005079008437158219,0.009345733093642561,0.049006872125682555,0.03121961584749148,207.44405517578124,0.9837453103085995,200.40970720563615,0.7345309846923667
2025-04-30,211.2009735107422,212.2743732195052,205.40661086468023,208.02053835450616,52286500,0.006107765357894035,0.0060891885624901635,0.006020651061032501,0.04881273015704561,0.03122515602989103,209.01439819335937,1.3605333896605527,199.95394025530135,0.9108528001999153
2025-05-01,212.01596069335935,213.2483707428857,207.62296725165956,207.80187477964563,57365700,0.0038588230398270973,0.003851396880227236,0.0009041067129867715,0.04880673384277613,0.031225138530594658,209.99835205078125,1.2267023349158537,199.486814953032,1.075967296551745
2025-05-02,204.09466552734372,205.7246393133032,200.92416412992952,204.83013207172812,101010600,-0.03736178700938586,-0.03807762521706469,0.019186947341834296,0.0494083324260592,0.03155476310098182,209.2171600341797,-1.6483061997509507,198.60935538155692,0.5246300189030262
2025-05-05,197.6741485595703,202.85230555245,196.99831280299983,201.85841873478097,69018500,-0.03145852416663586,-0.03196397223700487,0.022044413633950665,0.045148529476023866,0.03151542742765154,206.98091735839844,-1.5365870290300732,198.40584455217635,-0.07016038158050462
2025-05-06,197.2964782714844,199.42339557924856,195.81559653234876,196.99832434112832,51216500,-0.0019105699497782291,-0.001912397416584479,0.020964477174028308,0.0417941897797258,0.031378370108875515,204.4564453125,-1.0124950616542605,198.88527643112909,-0.15705637191944405
2025-05-07,195.0502777099609,198.2207789180717,192.0686174137577,197.95242524507103,68536700,-0.01138489942244525,-0.011450203516695227,0.018408347971740045,0.0409290735810637,0.03139818006793715,201.22630615234374,-0.8941173733683195,199.58525594075522,-0.4907919452008995
2025-05-08,196.2826995849609,198.82704723676696,193.4898650803139,196.51128929096475,50478900,0.006318483057135671,0.006298605131348462,0.01908522604084526,0.03895305735124617,0.03140988664644031,198.07965393066405,-0.5115174129553753,200.77176702590216,-0.6719542339396484
2025-05-09,197.3163604736328,199.3140676367793,196.3324070058388,197.78348851905432,36453900,0.005266184390461115,0.0052523665318086514,0.01577625965630137,0.023358246464882933,0.03130185379675554,196.72399291992187,0.5537416959261867,200.75662304106214,-0.5143596156114272
2025-05-12,209.776123046875,210.2538252478288,205.75556156059076,209.95526516858175,63775800,0.06314611998383768,0.06123254991666051,0.02848368046986597,0.024779620463929987,0.032303351045277214,199.1443878173828,1.7674128025613318,201.73377554757255,1.253150646637665
2025-05-13,211.90582275390625,212.37356332026263,207.99473291206183,209.4178474798385,51909300,0.01015225029473621,0.01010106235867937,0.027519308812994192,0.023503529533073494,0.0322048160123228,202.06625671386718,1.2169563107140435,202.44649759928384,1.4151947661800501
2025-05-14,211.3087158203125,212.9109724892217,209.56713314477625,211.40822571910564,49325800,-0.0028177938946358783,-0.0028217713493744537,0.025713167893451582,0.02315531441102703,0.03210834193553172,205.3179443359375,0.765744926195214,202.92396109444755,1.2065061004695714
2025-05-15,210.43296813964844,211.93571508448807,208.53215118256117,209.9353730316401,45029500,-0.004144399237221985,-0.004153011061869557,0.02708832841810764,0.023181218129307585,0.031994549599292814,208.147998046875,0.37399819589249467,203.3777073451451,0.9908888756665369
2025-05-16,210.24388122558597,211.54759317457453,208.76105751069144,211.33859654598928,54737900,-0.0008985612650627139,-0.000898965213235832,0.0277130103861522,0.02112836562755545,0.031939504395206895,210.73350219726564,-0.5699599013956284,204.1949201311384,0.881838051696279
2025-05-19,207.77581787109372,208.47244800462508,203.27755371752323,206.9100072183761,46140500,-0.011739049622300657,-0.011808496292282152,0.007891930535866133,0.021274910861438248,0.031960996943952866,210.33344116210938,-1.618967157917581,204.76634870256697,0.45469364023170483
2025-05-20,205.8650360107422,207.46729276724128,204.0438362053752,206.67113760639387,42496600,-0.009196363079831515,-0.009238910683148248,0.004569722406788325,0.0208453678781356,0.0319677546047178,209.12528381347656,-1.451547818650106,205.42757960728235,0.07369920047618606
2025-05-21,201.11798095703125,206.0441693385156,199.74462882701684,204.1831685508297,59211800,-0.02305906406303615,-0.02332908328372771,0.008638072133062828,0.02041679360214707,0.0320615645099563,207.0871368408203,-1.557429752964901,205.5513421921503,-0.7630282323363775
2025-05-22,200.3914794921875,201.77479312617928,198.7394602788173,199.74461200022,46742400,-0.003612314828274732,-0.0036188549923220755,0.008729514776051182,0.01971027733154651,0.03206065451271956,205.07883911132814,-1.103066956349272,205.4104955764044,-0.8504783309055712
2025-05-23,194.33079528808597,196.7491001935844,192.5295034494263,192.7384848883374,78432900,-0.03024422105899871,-0.03071101347280306,0.011026881488097192,0.020244966727891747,0.0322238162051797,201.89622192382814,-1.4398800954673538,204.80261957077752,-1.6468209128801214
2025-05-27,199.2470245361328,199.77447409530296,196.4803819774073,197.34620772495165,56288500,0.025298251060820176,0.024983546909580517,0.02155621548702971,0.021103411050029414,0.03242378209734523,200.19046325683593,-0.22826887390417214,204.38578142438615,-0.7997746433313713
2025-05-28,199.45602416992188,201.7549111726597,198.9385209981625,199.6252046868552,45339700,0.001048947326945715,0.0010483975661115467,0.021941580518901594,0.021069430496568384,0.03228057987090753,198.90866088867188,0.20523831666207326,203.93819391159784,-0.6975361830164128
2025-05-29,198.9882659912109,202.8297005493605,197.5551897560925,202.60081106845576,51396800,-0.0023451694711034143,-0.002347923687940267,0.019776154484077546,0.021003495776772865,0.032255473897402465,198.48271789550782,0.21236221356154056,203.41769045875185,-0.6965154285535665
2025-05-30,199.8839569091797,200.98861863398105,195.8335255231089,198.41106448584637,70819900,0.004501224800905312,0.004491124586101037,0.01995519933786519,0.020973517040181577,0.03215021717817777,198.38121337890624,0.6568294350903254,202.87878490629652,-0.4875443461705097
2025-06-02,200.72987365722656,201.15781336810343,199.1574712143689,199.31670530145792,35423300,0.004232039234800755,0.004223109342329855,0.010710566863131573,0.02097940991977348,0.03211933599852211,199.66102905273436,1.5682045866432743,202.34135219029017,-0.27848048208978926
2025-06-03,202.29229736328125,202.78989241693247,199.99341064507595,200.3815341795081,46381600,0.007783712895285122,0.007753576085233218,0.0038314263183247582,0.019431503522281457,0.03213536942852324,200.27008361816405,1.5560557145678742,202.25552513485863,0.006369991256250583
2025-06-04,201.844482421875,205.248031062868,201.1279442674136,201.93404589483336,43604000,-0.0022137023863150196,-0.002216156247523734,0.004477921696433225,0.01805252522002634,0.03213477157637241,200.74777526855468,0.8046482711289633,202.45411246163505,-0.10736321500089838
2025-06-05,199.6649932861328,203.765171611367,199.1872911078447,202.521183994692,55126100,-0.010797863333151914,-0.01085658334241686,0.007392466510281302,0.018229174543103067,0.03215242614334,200.88312072753905,-1.0468819844137025,202.566898890904,-0.5187972818268145
2025-06-06,202.93917846679688,204.7106157617459,201.07817770068,202.0236053289331,46607700,0.016398393763357166,0.016265392143218663,0.010238048686496994,0.018318616294934958,0.03215705096245742,201.4941650390625,1.1100872701609483,202.94256083170572,-0.0006355707594809412
2025-06-09,200.4810485839844,205.0091667110405,199.05793398755327,203.4069099948636,72862600,-0.012112643312068294,-0.012186599183530416,0.012203105853723153,0.018538884937649335,0.03161185303988879,201.44440002441405,-0.7176564857156184,203.1424822126116,-0.5183285260637709
2025-06-10,201.69517517089844,203.36710243054736,199.605285078082,199.63513956616535,54672600,0.006056066623202128,0.006037802354387632,0.011943201320120186,0.0185486661243806,0.03142629896529165,201.3249755859375,0.2908486320184389,203.35099719819567,-0.3329909422438028
2025-06-11,197.8238983154297,203.51638723180636,197.45568281643992,202.5211970741936,60989900,-0.019193700851736217,-0.01938029136132809,0.014680149906255118,0.012973617061462333,0.031441673455311465,200.52085876464844,-1.3819225196186342,202.78184363955543,-1.0152205419411156
2025-06-12,198.2418670654297,198.71955406677787,196.410720905765,198.12244911144165,43904600,0.00211283244117233,0.002110603549674121,0.014312129756271684,0.01269061625610387,0.03116132139208149,200.23623352050782,-0.9081449309846954,202.1311790829613,-0.8637931892964447
2025-06-13,195.50509643554688,199.4062398916536,194.758703844025,198.7693188209708,51447300,-0.013805210122337819,-0.013901388234192515,0.010951171285314703,0.01290376279258335,0.031110090801891192,198.74941711425782,-1.3437800012338215,201.37862577892486,-1.3975640062942434
2025-06-16,197.4656219482422,197.73432753277092,195.6145677161257,196.35101387226533,43020700,0.010028002074829123,0.00997805529540567,0.012878076828995206,0.013243040327442066,0.031139288148968196,198.14633178710938,-0.30331105108083267,200.7611331031436,-0.8830115306718419
2025-06-17,194.6989898681641,197.43576263348731,194.27106541566712,196.2514839890114,38856200,-0.014010702484725468,-0.014109778885394804,0.012476867101549565,0.013448989164933972,0.031175933938297293,196.74709472656252,-1.3187925317909879,200.0209001813616,-1.6273522136264533
2025-06-18,195.63449096679688,196.61973472966923,194.13175923439317,194.99756984742208,45394700,0.004804858511419319,0.004793352022077007,0.011119299547227445,0.013433854558033972,0.031140093675085107,196.30921325683593,-0.4557502803487326,199.44274175734748,-1.321951183715508
2025-06-20,200.03321838378903,200.7298484455588,195.9131318065836,197.28649906078425,96813500,0.02248441670614576,0.022235368433496387,0.015756742053496413,0.014407875643770352,0.031277647800459656,196.6674835205078,1.5753562036996398,199.165036156064,0.34943041970654976
2025-06-23,200.53082275390625,201.3269779408771,198.00304635957568,200.6602023375907,55814300,0.0024876086788869767,0.002484519702133711,0.01316590143275993,0.01351403480992946,0.03117346740023019,197.6726287841797,1.1046074266292363,199.13707624162947,0.5654804297120913
2025-06-24,199.3365936279297,202.46149014710028,199.23706853700068,201.61557243039425,54064000,-0.0059553394813630645,-0.005973143235657363,0.013606421202736248,0.01355405026824009,0.031137876017470638,198.04682312011718,0.4806118340943289,199.0868435814267,0.1019985351955899
2025-06-25,200.5905303955078,202.690382284235,199.65504919597095,200.48105886821315,39525700,0.006290549791969635,0.006270846868604022,0.01025699953393314,0.011670188145823195,0.031094218138647073,199.22513122558593,0.6598504841559802,199.38492620558966,0.5455150687899739
2025-06-26,200.03321838378903,201.66532960796235,198.50063224789568,200.4611428555203,50799100,-0.0027783565386656495,-0.0027822233350804208,0.011005053985537432,0.01037919543298052,0.031076325003380964,200.10487670898436,-0.14205663735433874,199.42236400785902,0.2758764945952669
2025-06-27,200.1128387451172,202.24254507531293,199.03803155248616,200.91894034324127,73188600,0.0003980356961281739,0.00039795650093479016,0.004718110344751894,0.010377468362745767,0.03103984429408653,200.12080078125,-0.015833456562986094,199.45364089239212,0.29702112992061624
2025-06-30,204.1831512451172,206.39247448465787,198.30157410241037,201.03834688076608,91912800,0.020340086750677333,0.02013599010763968,0.010285947111360605,0.011230916698272699,0.030988587199011312,200.85126647949218,1.739339205261916,199.70101638067337,1.8345839869918485
2025-07-01,206.82041931152344,209.17901505124104,205.1484920031366,205.6759415551798,78788900,0.012916188482370305,0.012833485893462695,0.009296576533942044,0.01149653894495437,0.03093191638957052,202.34803161621093,1.4742387055280368,200.0313241141183,2.344279604270535
2025-07-02,211.41819763183597,212.3138626915596,207.13887695509675,207.90517762155156,67941800,0.02223077554729791,0.0219872740669951,0.011277440047234698,0.012321266260042053,0.031059864337948096,204.51356506347656,1.4354730013960966,200.54029192243303,2.8494541459819067
2025-07-03,212.5228576660156,213.6175577099725,210.7912213537831,211.1295823572572,34955800,0.005224999770848893,0.005211396822572982,0.009317498710762668,0.012279180204905123,0.031065175419304713,207.01149291992186,1.0735549022730484,201.0274614606585,2.487852900622751
2025-07-07,208.94017028808597,215.18996325511677,207.7957076824449,211.65703516300363,50229000,-0.016857891980541218,-0.017001603648316783,0.01578876001343838,0.012959109255535433,0.02860335927991807,208.77695922851564,0.048146293667904745,201.36535135904947,1.5357661339270978
2025-07-08,208.99989318847656,210.4130614823681,207.44739887083225,209.08947184941584,42848900,0.00028583732993148203,0.00028579648622480955,0.014626200909959542,0.012645968344207946,0.026888154610144394,209.7403076171875,-0.3288938148480533,201.80987040201822,1.3865582398870224
2025-07-09,210.12445068359372,210.31353924447487,206.22330706177223,208.52219391164948,48749400,0.005380660621213895,0.0053662365842850335,0.013948949628247422,0.0122564613458924,0.026419050021095812,210.40111389160157,-0.1775656473325874,202.1520262218657,1.4517044534018924
2025-07-10,211.38836669921875,212.4532123806496,209.01980902189663,209.49749609462276,44443600,0.006015083021100764,0.00599706462787704,0.009760278684041283,0.011865640683875215,0.025517149400750692,210.39514770507813,0.6394369705288455,202.67142232259116,1.494896388989481
2025-07-11,210.14434814453125,211.1096837700706,208.8505979590809,209.55718962168865,39765800,-0.005884990617565977,-0.005902375414650363,0.009531540406785739,0.011974360710888306,0.01827407118305958,209.91944580078126,0.22337481867189588,203.07376389276413,1.169102850762335
2025-07-14,207.6165771484375,209.8955712375241,206.54176989733165,208.92027389637036,38840100,-0.012028736525215633,-0.012101667209099788,0.007714503850465284,0.011418386758560242,0.01745872569141797,209.65472717285155,-1.4368196215473643,203.54008193243118,0.6793948057935169
2025-07-15,208.10421752929688,210.87084499335575,207.9151289669034,208.2136890556617,42296300,0.002348754553017862,0.002346000540532615,0.007871855288160996,0.011418306302303737,0.016756291131673182,209.47559204101563,-0.8733114312882794,204.0097176688058,0.6880913826984877
2025-07-16,209.14915466308597,211.37837076419683,207.63646146204945,209.28848066940537,47490500,0.005021220358698342,0.005008656072899613,0.007802478841205971,0.010804919697222365,0.016550068914256803,209.28053283691406,-0.08588979777140118,204.65943472726005,0.7855011002123293
2025-07-17,209.0098571777344,210.78129457926272,208.5819174807461,209.55721484346455,48068100,-0.0006660198343901857,-0.0006662417241275338,0.006832165300951355,0.010721009966872697,0.016547836025510885,208.8048309326172,0.20877323736507097,205.20916021437873,0.685828148702894
2025-07-18,210.1642608642578,210.77132749863404,208.6913836081342,209.85575432940055,48974600,0.005523202121236581,0.005508005171935988,0.007207997412961039,0.010013921168466021,0.015730393920032906,208.8088134765625,1.3707180835684185,205.94560169038317,0.8298060547941651
2025-07-21,211.4579925537109,214.74212298846783,210.61209006251647,211.07983063398711,51377400,0.006155812049740916,0.006136942437673761,0.002820105475944561,0.010025945240286094,0.015661325948248102,209.57709655761718,1.469091478633556,206.69910176595053,1.0274437741979923
2025-07-22,213.36875915527344,213.91611676733493,211.20919838168209,212.1148250502387,46404100,0.009036152185532442,0.008995570447672702,0.00352213012631901,0.009183208060608869,0.015461567347201352,210.6300048828125,1.506433819601891,207.33412751697358,1.315848104517228
2025-07-23,213.1199951171875,214.1151854099325,211.3883737264664,213.9659129401803,46989300,-0.0011658878228977265,-0.001166567998829471,0.004471555979451714,0.009229357937420387,0.014918144061219711,211.4241729736328,0.9040473309575814,207.93361191522507,1.159285394258028
2025-07-24,212.7318420410156,214.65256693634575,212.50295255730364,212.87116805528336,46022600,-0.0018212888751168999,-0.0018229494382499636,0.004777366746123286,0.009072980006090008,0.01463050390143327,212.16856994628907,0.4202728963696657,208.57148088727678,1.0077571763884747
2025-07-25,212.85128784179688,214.20474714033003,212.37358560556336,213.66733592091677,40268800,0.000561485293575581,0.0005613277196889844,0.0047775908963196235,0.009058652388727398,0.01445712170265237,212.7059753417969,0.1963888387032791,209.1553264799572,0.9734203928079667
2025-07-28,213.0204620361328,213.8166172208377,212.03521828670327,213.00055398053095,37858000,0.0007947999565860453,0.000794484270361075,0.004350609038874552,0.008981245661098931,0.014448495549424184,213.01846923828126,0.008083204191140187,209.77376665387834,0.9971659136560842
2025-07-29,210.2538299560547,213.7767964509494,209.80599741985404,213.14982178903043,51411700,-0.012987635336218717,-0.013072712105562628,0.005772139507230631,0.00963341543588017,0.014538856676698598,212.3954833984375,-1.7750167132366517,210.25667099725632,-0.0011898742887527928
2025-07-30,208.0445098876953,211.36844143995228,206.7209051278188,210.88079278566187,45512500,-0.010507870742811898,-0.01056346823372082,0.006529895021476633,0.009115473417633656,0.014586050850152344,211.38038635253906,-1.527511678494811,210.44054521833147,-1.1882802489764668
2025-07-31,206.57162475585935,208.8306954413449,206.16359315375277,207.48719786288635,80698400,-0.007079663542340242,-0.007104843273338788,0.006348417568625366,0.00884381772735644,0.014589854617931141,210.14834289550782,-1.2493273180998947,210.42869785853796,-1.8913495533195834
2025-08-01,201.40660095214844,212.5527283441607,200.530828701964,209.8557561748323,104434500,-0.025003549300710026,-0.025321448299336354,0.009537535301375192,0.00897217249153705,0.014913658632308188,207.85940551757812,-1.483294565112039,209.95195515950522,-3.032413586327416
2025-08-04,202.37191772460935,206.8801277700508,200.70993685491413,203.5263267271778,75109300,0.004792875545773567,0.004781426286450602,0.010851844475457739,0.008954623384861665,0.01414413954528958,205.72969665527344,-0.8934338486702561,209.46857706705728,-2.217902942520997
2025-08-05,201.9439697265625,204.35232790405936,201.18763073057525,202.42165671427043,44155100,-0.0021146609809232775,-0.0021169000335704577,0.011240104691408178,0.008300489077734473,0.013548117131110345,204.067724609375,-0.7025524331362611,209.1354246593657,-1.999272515769207
2025-08-06,212.22430419921875,214.3440641251077,204.60114383647723,204.6409599471833,108483100,0.05090686533782662,0.049653472685494957,0.027862740310063822,0.013941701485942832,0.014900103526230671,204.9036834716797,1.5996547853320644,209.28896804082962,0.8021705170313732
2025-08-07,218.97169494628903,219.78775818606877,215.53829184895108,217.82723230897545,90224800,0.03179367590592452,0.03129872062366706,0.029299865951698117,0.015440852711726696,0.015285099332831611,207.38369750976562,1.471239944505045,209.71026538667223,2.191690908333216
2025-08-08,228.2468719482422,229.88892965735025,218.1954451401473,219.7678474336444,113854000,0.04235788102306204,0.04148534023996629,0.022712050474236963,0.017683469938106457,0.016073323901782153,212.7517517089844,1.3809442829036256,210.51305135091147,3.031562076238623
2025-08-11,226.3438873291016,228.71513292468896,223.9327956372812,227.08116933177635,61806100,-0.00833739627140262,-0.008372346759315669,0.026144810152839638,0.017758265138916905,0.016125829275995145,217.5461456298828,0.8153681327767612,211.28445797874815,2.2175374064787214
2025-08-12,228.80479431152344,229.95057099439725,226.23430307406312,227.1708307452597,55626200,0.010872425190982637,0.010813745321400513,0.023633633122735576,0.01745069131483697,0.014294972106706945,222.918310546875,0.8228291124721123,212.29342070079986,2.1365104206322796
2025-08-13,232.47125244140625,234.1351043372746,229.5819165003467,230.2195756343437,69878500,0.016024393810956772,0.015897358524516476,0.019233623316065238,0.017611919188081623,0.01437047271668612,226.9677001953125,1.1027771987687036,213.4537556966146,2.1561966804388377
2025-08-14,231.92327880859372,234.25466305951576,230.0003892485326,233.1985666998313,51916300,-0.0023571672929780796,-0.0023599497851947006,0.01940319853448407,0.01769067076825106,0.014368365651361644,229.55801696777343,0.9155160385011031,214.5382377987816,1.8057969580695674
2025-08-15,230.73765563964844,233.417757832359,228.4959365092947,233.1387895567921,56038700,-0.005112135250225469,-0.00512524691847009,0.010583440491613107,0.017787590175091253,0.014375031266484019,230.0561737060547,0.27188610862156504,215.5728948683966,1.493107042096047
2025-08-18,230.0402374267578,232.26202593201924,229.26310933608104,230.8472538899505,37476200,-0.0030225591525460116,-0.0030271363099408618,0.009462876595418333,0.017865772593703495,0.014383167432866042,230.79544372558593,-0.514546837065602,216.51936994280135,1.2820931879923325
2025-08-19,229.71145629882807,232.0129522601839,228.50591803460907,230.42880766374827,39402600,-0.0014292331272455217,-0.0014302554551242166,0.008553430169937436,0.017903209219178852,0.014288236315066788,230.97677612304688,-1.0632710325644659,217.38858250209265,1.1351628373336573
2025-08-20,225.1781768798828,229.6217687789582,224.93906991665557,229.1335667246527,42263900,-0.019734668405253508,-0.019931997437494166,0.007699567851175455,0.01859451855436561,0.0144811954143293,229.51816101074218,-1.688788152309809,217.95093572707404,0.6604754126487723
2025-08-21,224.072265625,225.6863136691638,222.95639256938463,225.43723377620464,30621200,-0.00491127191012275,-0.0049233718396298415,0.007446579324444954,0.018650205429950502,0.014155776099503603,227.94795837402344,-1.2580591730666115,218.47247241792223,0.5108505712576759
2025-08-22,226.9217529296875,228.2468598588307,224.58041092619504,225.33760837029212,42477800,0.012716822837219421,0.012636643084641422,0.011584466576489502,0.018753662994794154,0.014205038474584531,227.18477783203124,-0.09884886515500381,219.14818246023995,0.7049387214001078
2025-08-25,226.32395935058597,228.45608264282487,225.3973742361901,225.6464541310901,30983100,-0.0026343599561685638,-0.002637835988446784,0.011588362526636234,0.018788064614965086,0.01359021768882723,226.44152221679687,-0.055195765732662466,219.78973824637276,0.5921603894100828
2025-08-26,228.46604919433597,228.6453946309622,223.86305742355088,226.0350268937484,54575100,0.009464706476046691,0.009420196768850203,0.012951798452871461,0.018833447756130325,0.013312040714765652,226.19244079589845,1.3561785400358413,220.5252423967634,0.7169726769779157
2025-08-27,229.6417236328125,230.050203138926,227.41991984776428,227.7686378094015,31259500,0.005145948129371636,0.005132752986617664,0.007564936849888204,0.018455721226725445,0.013316424802330236,227.08515014648438,1.20096651479237,221.44847542898995,0.7459160260151542
2025-08-28,231.7040863037109,232.55096405412047,228.4959359400532,229.9704999102399,38074700,0.008980783797791103,0.00894069639109968,0.005859081725196883,0.018164062361445035,0.013329679088661879,228.61151428222655,1.4289811995181465,222.5751219249907,0.8490896905790798
2025-08-29,231.28564453125,232.5210863786817,230.51847413874464,231.65427793943957,39418400,-0.0018059317776226713,-0.001807564438360762,0.005759332583815719,0.018021897760807926,0.013337483817368212,229.48429260253906,0.8217374537304201,223.7519800095331,0.7347627324462302
2025-09-02,228.87454223632807,230.00038826150748,226.1346633063032,228.4062708029861,44075600,-0.010424781442049946,-0.010479500094988704,0.008411168609239983,0.017020860629800037,0.013431874667708298,229.9944091796875,-0.7772049304965467,225.05997721354166,0.4273427303491891
2025-09-03,237.5923309326172,237.9709372370204,233.49745685978084,236.33697373754435,66427800,0.038089813795399774,0.03738230681500518,0.018096740025270567,0.018331952041838687,0.01413398526560946,231.81966552734374,1.683354421380076,226.73713974725632,1.415147019880365
2025-09-04,238.8975067138672,239.0170601981439,235.8687018920251,237.5723998534893,47549400,0.005493341372285965,0.005478308003059458,0.01808450197485164,0.018204301024005127,0.014125350909678832,233.6708221435547,1.204981224639197,228.49683198474702,1.8315360148087962
2025-09-05,238.807861328125,240.43186723598092,237.61228077870243,239.1167179897741,54870400,-0.00037524621740636643,-0.00037531663988593574,0.018427493944876857,0.01556292413771935,0.014024768568362668,235.0915771484375,0.7937305207350717,229.7627156575521,1.9009484830089185
2025-09-08,237.0045166015625,239.2661511981365,235.4701758698508,238.41928864081729,48999500,-0.00755144624022519,-0.007580102767017539,0.01920640873401021,0.014640598519919635,0.013978337277187725,236.2353515625,0.1834475679619461,230.62142145066034,1.4774114336299866
2025-09-09,233.48751831054688,237.901207105354,232.5011563745861,236.12775932745956,66313900,-0.014839372436636689,-0.01495057743672432,0.020180002179860084,0.012375599983647395,0.014029303208620942,237.15794677734374,-1.6652587540027903,230.8709760393415,0.6045907386077701
2025-09-10,225.955322265625,231.56460664903227,225.118417424808,231.3354573908009,83440800,-0.032259523333079354,-0.03279133026830906,0.01484934181639336,0.01430504007934949,0.014704442017525183,234.8305450439453,-1.6364294360836622,230.85247294108072,-1.126068332679827
2025-09-11,229.18341064453125,229.60186307827533,225.81584532196928,226.04500979013488,50208600,0.014286401163462914,0.01418531219514127,0.01741381299844106,0.014451608611871095,0.014531608742912863,232.88772583007812,-0.693468613235077,230.8705022902716,-0.38866303653941187
2025-09-12,233.2085418701172,233.6469097348115,228.17712472443904,228.37638560886936,55824200,0.017562925755691072,0.017410479916919613,0.02090460636972897,0.014537935448510796,0.01465510972387724,231.76786193847656,0.3374218292806357,230.9056113106864,0.5285222141436848
2025-09-15,235.82884216308597,237.31336381412063,234.1649902844441,236.1277410783948,42699500,0.011235867571386393,0.011173214085381364,0.021926204428632964,0.01471988484939409,0.014540367395268676,231.53272705078126,1.0937496430342215,231.09159051804315,1.056383623670322
2025-09-16,237.2735137939453,240.3322223551857,235.45026224943368,236.30708253667356,63421100,0.00612593276381479,0.00610724551674772,0.020554886614817223,0.014698057329926758,0.014518466335236669,232.28992614746093,1.0626157218583816,231.40282185872397,1.2541258641552921
2025-09-17,238.1104278564453,239.21634322602875,236.85505542454317,238.09049720761,46508000,0.003527212326053464,0.0035210063016859377,0.005696270922075626,0.0146704302733461,0.014353998801497323,234.720947265625,0.9384203754487096,231.78711664109002,1.2930478787127475
2025-09-18,237.0045166015625,240.31228984200703,235.77903252032195,239.08682096339743,44249600,-0.004644530963379578,-0.0046553503108424064,0.008278356165135144,0.014720992730259728,0.014386354458991195,236.28516845703126,0.37782373852409573,232.13440522693452,0.9753217283591945
2025-09-19,244.59646606445312,245.3935247988757,239.32594197772087,240.3421770415445,163741300,0.03203293157342535,0.0315305769896094,0.013562566265899374,0.015250808499299717,0.014631910346283477,238.56275329589843,1.7386200168701649,233.05908566429503,2.12848921190144
2025-09-22,255.13751220703125,255.69547916115812,247.2068166293636,247.38616206443075,105517400,0.043095660015793014,0.042192888031361925,0.02004471055203941,0.01722041727753101,0.01543417671752369,242.4244873046875,1.6383178501567859,234.5383831205822,2.9914096088749313
2025-09-23,253.49359130859372,256.3928850249964,252.646728760892,254.9382669065294,60275200,-0.006443273998468557,-0.006464121487349499,0.022224809401876783,0.017366297847879783,0.015439325927389818,245.6685028076172,0.9282871442550127,235.80370875767298,2.2686508678382693
2025-09-24,251.38140869140625,254.7987929994329,250.11607847800005,254.2807025242173,42303700,-0.008332291977418027,-0.00836719956426262,0.024080896526715374,0.0175409189726146,0.015511746711383076,248.32269897460938,0.4082622431335417,236.99692063104538,1.7580462990749905
2025-09-25,255.92462158203125,256.2235357177961,250.7836237831838,252.2781032462208,55202100,0.01807298683810865,0.017911611862899187,0.02251263222290462,0.01774459304767683,0.01559367982492741,252.10671997070312,0.8400865307925621,238.3044716971261,1.9771047152966934
2025-09-26,254.5198211669922,256.6519445821492,252.84599627139943,253.1648258525147,46076300,-0.005489117875236538,-0.00550423844052231,0.021947912496261136,0.017903842239023072,0.015632807849968147,254.09139099121094,0.24392259351462814,239.48914300827752,1.6082576378546667
2025-09-29,253.49359130859372,254.06150078407973,252.07881928540596,253.62311772285491,40127700,-0.004032023335915902,-0.004040173858114304,0.010849924043188346,0.01798120598052067,0.015522106300546743,253.76260681152343,-0.16176336741621258,240.52673848470053,1.3446577010205336
2025-09-30,253.69288635253903,254.9781320575181,252.17847617402816,253.92203562343897,37704300,0.0007861936190043384,0.0007858847306878033,0.010463622765768057,0.01794617801944966,0.015478585065779689,253.8024658203125,-0.0661177684100687,241.59375,1.233616702529716
2025-10-01,254.5098419189453,257.83756097799323,253.9917514638179,254.10134722927504,48713900,0.0032202541354313663,0.003215080221652163,0.009324772679276117,0.017624255404260263,0.015291473059654824,254.42815246582032,0.08530033160144034,242.8144785563151,1.2006665583554545
2025-10-02,256.18365478515625,257.229778167004,253.2146115335708,255.6356607808825,42630200,0.006576613515574703,0.006555081944564943,0.0050084533451798755,0.0160066558990927,0.01529562245535455,254.4799591064453,1.606712153037459,243.6997796921503,1.2383237454542273
2025-10-03,257.07037353515625,258.2858846694617,253.01536064819075,253.73271197999827,49155600,0.003461262002619314,0.0034552856218699286,0.003946538276351227,0.016000794121894705,0.015080523715567331,254.9900695800781,1.3219901757038381,244.56515430268786,1.1998141527510995
2025-10-06,255.74530029296875,258.1165459888059,254.11133663097664,257.0405037108186,44664100,-0.005154515566945683,-0.0051678459096806744,0.004385419989448042,0.016092612701633518,0.01511366582596098,255.44041137695314,0.22690520430891478,245.37169901529947,0.9778558905929056
2025-10-07,255.5360870361328,256.4526841311554,254.48993311029045,255.86485915808865,31955800,-0.000818053182585432,-0.000818387970685634,0.0045315556235341154,0.015931653267436837,0.0151194789679047,255.80905151367188,-0.2919038806280374,246.254154750279,0.8716746333271849
2025-10-08,257.1102294921875,257.5685279874928,255.16739414069707,255.5758888188916,36496900,0.006160157159454727,0.00614126095403034,0.004983285179305178,0.01535925681462084,0.015119934627217186,256.3291290283203,1.065289390697303,247.37904575892858,0.9286641288795927
2025-10-09,253.1050262451172,257.0504585775582,252.2083446799687,256.8611554198282,38322000,-0.015577766995038989,-0.015700375384075295,0.00857756286903898,0.013635585155796815,0.015263817501077139,255.7134033203125,-1.6001574859883332,248.67188880557106,0.47599818047863324
2025-10-10,244.3673248291016,255.43643674947077,243.10199461677743,254.0017340209507,61999100,-0.0345220383239393,-0.03513200318862175,0.016064029075679886,0.01607597911026078,0.01589298886781811,253.17279357910155,-1.7166318175863406,249.39493233816964,-0.6091230132634284
2025-10-13,246.7485198974609,248.7710475029622,244.6562426215344,248.46219085423505,38142900,0.009744326783560853,0.009697157008920218,0.018416529749851324,0.015817622592390473,0.0159181569721305,251.3734375,-0.8316249992680692,250.0396931966146,-0.4440252570726446
2025-10-14,246.8581085205078,247.93413549962375,243.79940008876653,245.69241642712316,35478000,0.0004441308223144258,0.0004440322254129627,0.01853353062527509,0.015702685897727033,0.01591788450675226,249.637841796875,-0.5259983573323933,250.56489635649183,-0.5522148700231161
2025-10-15,248.42233276367188,250.8932163906544,246.559219921403,248.5717898296712,33893600,0.0063365317531554055,0.006316540342189272,0.018564528253442902,0.015705371625030728,0.015918864584403107,247.90026245117187,0.16062491573708268,251.09579249790735,-0.44459400637060725
2025-10-16,246.53929138183597,248.1234359576197,244.22783772705108,247.33635013275975,39777000,-0.00758000040047635,-0.0076088746070517846,0.017945212072698863,0.015845257749862094,0.015967808082964507,246.5871154785156,-0.03300712853562803,251.4971669514974,-0.9271147429124108
2025-10-17,251.36148071289065,252.4474806979352,246.3599669580113,247.1072067041429,49147000,0.019559516473121263,0.019370687428605825,0.010099265940881211,0.01622946082476875,0.016102450566533758,247.98594665527344,1.6629700258896858,252.1808319091797,-0.19527435226050777
2025-10-20,261.2748413085937,263.4069798400544,254.68918336894043,254.94822099113512,90483000,0.03943866246963368,0.03868081981174386,0.01813131845048526,0.016922546819653397,0.01671116295741183,250.8912109375,1.6993744701529006,252.97504025413878,1.945387298712412
2025-10-21,261.8028869628906,264.3136317818121,260.86634411857244,260.9161783410852,46695900,0.002021035212009803,0.0020189956678770657,0.017904780989578133,0.01436456484047966,0.016702508304932504,253.88016662597656,1.1000837184283503,253.29243905203683,1.8244490070383468
2025-10-22,257.49884033203125,261.882640960004,254.48993535873984,261.68336485657886,45015300,-0.016440027383920586,-0.016576664246438957,0.022083027065799374,0.014798282464676774,0.016877520519476136,255.69546813964843,0.2731902839948197,253.48316519601005,0.8446364436569219
2025-10-23,258.6246337890625,259.6608147081683,257.0604350924048,258.98332466328685,32754900,0.00437203311509915,0.0043625035439569535,0.020683792163912914,0.014666428644033795,0.016875341815879883,258.11253662109374,0.1225596242212153,253.82808067685082,0.9877829873146092
2025-10-24,261.85272216796875,263.15789839957887,258.22610426270086,260.2287163700197,38253700,0.01248175137693619,0.012404496504713917,0.020084633670362274,0.014402400585673478,0.016913200079281814,260.2107849121094,0.8150433625311583,254.11037118094308,1.5041252004005436
2025-10-27,267.8206787109375,268.1295353654346,263.67598537979285,263.90514984178776,44888200,0.022791271725411066,0.022535430692392146,0.014466773114178107,0.015045832383459731,0.016952973557996527,261.51995239257815,1.5697684438744943,254.74374534970238,2.195870630307103
2025-10-28,268.00994873046875,268.896687690681,267.16307106420925,267.9999758056659,41534800,0.0007067042785577904,0.0007064546806767953,0.014544927682112034,0.014979347764867118,0.016857715351642294,262.76136474609376,1.0561972825844266,255.43500046502976,1.9025759652369791
2025-10-29,268.7073974609375,270.4110953948544,266.1269030442272,268.28892986747474,51086700,0.002602324032269898,0.0025989438500351207,0.009012723943112913,0.014973279863525013,0.016798654917782926,265.003076171875,0.821604613521525,256.1499771844773,1.744693219482762
2025-10-30,270.4011535644531,273.131090148023,267.4919171420092,270.98897852374654,69886500,0.0063033475055775945,0.006283564499940692,0.008830197155504356,0.014993126886777959,0.01637005416690049,267.35838012695314,0.9386979360024597,256.90670631045384,1.7246379667017564
2025-10-31,269.3749389648437,276.29937269597025,268.16940070155243,275.9705701844509,86167100,-0.0037951561451634586,-0.0038023760230781467,0.010107090738306453,0.015036626108232759,0.016404846845063964,268.8628234863281,0.48464306949383024,257.5348626999628,1.4299927049646728
2025-11-03,268.0597839355469,269.8531775103368,265.2701011373342,269.42476736726525,50194600,-0.0048822471546562385,-0.004894204257525566,0.004609468502906237,0.015117247105690236,0.016426740313414363,268.91064453125,-0.8494059012941723,258.0581679571243,1.1642723578878076
2025-11-04,269.0461730957031,270.49081837885313,266.6350661079627,267.3424445625432,49274800,0.0036797357129609853,0.003672982048232747,0.004877539091675609,0.015030701722758342,0.015375841648698227,269.1178894042969,-0.08272713537443842,258.69154285249255,1.163927759585731
2025-11-05,269.14581298828125,270.7000692568828,265.94760492323326,267.6214146886098,43683100,0.00037034495392229694,0.00037027639315674913,0.004769456076628885,0.015020153606285717,0.014970994321055265,269.2055725097656,-0.07142743917733964,259.3396250406901,1.0720534270622755
2025-11-06,268.7771301269531,272.3937751745226,266.90407480138714,266.90407480138714,51204000,-0.0013698257358518706,-0.0013707648047970096,0.003415416249902181,0.015017823565730335,0.0141583682205829,268.8807678222656,-0.20457559479148602,259.89519173758373,0.9492463334715948
2025-11-07,267.4819030761719,271.2878509444664,265.78814772800683,268.8069946610708,48227400,-0.004818963020289169,-0.0048306116605628165,0.003634827791696725,0.014553293156429717,0.014121102677638959,268.5021606445313,-1.4348249157630857,260.5798049200149,0.737314590579051
2025-11-10,268.6985778808594,272.98692304032335,266.733924572705,268.2298525605972,41312400,0.004548624750665864,0.00453831102080292,0.003817882596423903,0.011701782359464851,0.014084678628695007,268.6299194335937,0.10281541243268194,261.7384360177176,0.7964220693042516
2025-11-11,274.5028076171875,275.16101963639426,269.0675899882029,269.07757258136417,46208300,0.021601267048394046,0.021371265994227246,0.01027191729451453,0.012225606779154451,0.014184866304776946,269.72124633789065,1.7417370743429856,263.06006876627606,1.3536987858063148
2025-11-12,272.7276611328125,274.9815360542478,270.9624767916609,274.2535066981436,48398000,-0.006466769865795197,-0.006487770006386278,0.011288005638603648,0.012448461787160536,0.014217819706514447,270.4376159667969,0.7603153376388813,264.29195222400483,1.0764985267234386
2025-11-13,272.2090759277344,275.9488963676571,271.3513946141157,273.36590026791555,49602800,-0.0019014763772919885,-0.0019032864784390288,0.011337759246326202,0.012525590469287879,0.014195461136716856,271.12400512695314,0.3704748352591563,265.42465427943637,0.9537433309201406
2025-11-14,271.6705322265625,275.21088338895913,268.8681625557137,270.3142081927936,47431300,-0.0019784193430598673,-0.001980378999716703,0.010939333488957939,0.012315255657268077,0.014189351744444216,271.96173095703125,-0.13789485115907818,266.62138003394716,0.8760905878423411
2025-11-17,266.7339782714844,269.75575219797963,265.00869378967747,268.0903024129557,45018300,-0.018171105694162026,-0.01833822786066242,0.01442122356274521,0.012797011770291184,0.014425519146764066,271.5688110351563,-1.664534546770726,267.35340372721356,-0.1351371887146828
2025-11-18,266.7139892578125,269.97510130800674,264.59974924229334,269.25705465795,45677300,-7.493988505480331e-05,-7.494269318828434e-05,0.007419923661619265,0.009814897135139052,0.014144526447415312,270.01104736328125,-1.090346476806806,267.6124107724144,-0.20550362329129374
2025-11-19,267.8309936523437,271.47107967039307,264.77930243197466,264.80921977983166,40424500,0.004188023274067865,0.00417927791327616,0.0085973513263918,0.009837613571879799,0.01411198630302102,269.0317138671875,-0.4447710064563991,267.8994634719122,-0.016442278299470436
2025-11-20,265.5272521972656,274.68232536305425,265.1981613886433,270.0948061865016,45823600,-0.008601474473370452,-0.008638680660608985,0.008786032071953238,0.009260678997895663,0.01412811614422848,267.6953491210937,-0.9160159112544929,268.2817687988281,-0.7931712409131726
2025-11-21,270.75299072265625,272.5879921198442,264.9488130991126,265.2280517805383,59030800,0.01968061086817685,0.01948945166198309,0.014194532473710254,0.010052071466050513,0.014272787149551366,267.5118408203125,1.6314635541616895,268.8593096051897,0.6983822842540234
2025-11-24,275.1710205078125,276.24807542504453,270.164627965921,270.164627965921,65585800,0.016317565960635383,0.016185865239936655,0.011618602785811545,0.010275719274128584,0.01434831113772736,269.1992492675781,1.546961640141473,269.4935142880394,2.2325215525068387
2025-11-25,276.2181701660156,279.6189174225992,274.50283786370125,274.52277261748515,46914200,0.0038054503569113773,0.0037982279479156673,0.011215420558231604,0.009192933867375441,0.014346025301229812,271.10008544921874,1.1126848922238253,269.8933948335193,2.1795910138112813
2025-11-26,276.79656982421875,278.7712060098946,275.8790842359358,276.2081750495132,33431400,0.002093995691360595,0.002091806338180893,0.011384384327916401,0.009192150094960869,0.014325687774950314,272.89320068359376,0.8214530994681316,270.3118053617932,2.006787505788479
2025-11-28,278.0930480957031,278.242634823177,275.2407959413455,276.50736791500816,20135600,0.00468386682792965,0.004672931656329052,0.00798222524013397,0.009215252544128383,0.014315167672797167,275.40635986328124,0.9571045573398017,270.7587411063058,2.0239993834194365
2025-12-01,282.3315124511719,282.65065109438723,275.3904143522869,277.2553332443013,46587700,0.01524117335723596,0.015126193488102735,0.006721586574983604,0.009630937723149937,0.014291915577534536,277.72206420898436,1.655476921890606,271.3268534342448,2.4932054337911422
2025-12-02,285.4131164550781,286.619823290159,281.86278279875575,282.231773534172,53669500,0.010914842545035386,0.01085570557581093,0.005481357516332071,0.00971592247770309,0.013648854090061877,279.7704833984375,1.4254908433808136,272.090576171875,2.49115796501646
2025-12-03,283.3786315917969,287.8364984098337,282.5309329409685,285.4230848596457,43538700,-0.007128210814380975,-0.007153737889671984,0.008559157161063462,0.009816842648684779,0.013703205350894015,281.20257568359375,0.5988238890488301,272.8200451078869,1.8215216978296473
2025-12-04,279.9380187988281,283.95707766942763,277.8337308175164,283.3287830094401,43989100,-0.012141398148625804,-0.012215707011320989,0.011655597799079544,0.010332507273225081,0.013826847062150179,281.83086547851565,-0.6586764003575415,273.3387044270833,1.1132793914747316
2025-12-05,278.0232238769531,280.37683325787106,277.2951945750906,279.77845592816414,47265800,-0.006840067419534801,-0.006863567905265376,0.012187529377776327,0.010504842658082674,0.013818695327240187,281.8169006347656,-1.3097465228273761,273.76143827892486,0.7186344906481464
2025-12-08,277.1356811523437,278.91084811822003,275.4003836933047,277.3750199323196,38211800,-0.0031923330440993825,-0.003197439409607154,0.008754623746185587,0.010537707641573768,0.013657235822458534,280.77773437499997,-1.0321072623302072,274.15946451822913,0.5079553266443377
2025-12-09,276.4275817871094,279.2698514894354,276.16830825817004,277.40493251311347,32193300,-0.0025550638672364734,-0.0025583336137141996,0.0038607069902342143,0.01048141839156011,0.012899440790995092,278.9806274414062,-0.9156418504819066,274.58544921874994,0.3247970341316614
2025-12-10,278.0232238769531,278.9905919368044,275.68957968235776,276.9960211276047,33038300,0.005772369311079162,0.005755773023321266,0.006584563931295006,0.0105020244292642,0.012827173531343576,277.9095458984375,0.08633031362420822,275.0294799804687,0.5392719093142633
2025-12-11,277.2752685546875,278.8310314000742,273.0667227973629,278.34237127554803,33248000,-0.0026902620286017864,-0.0026938872868826056,0.004636653316450052,0.009505225351198021,0.01271414472052625,277.3769958496094,-0.1514279624321307,275.16150192987345,0.37940716520191176
2025-12-12,277.52459716796875,278.4620479370953,276.0685689150702,277.14562382282355,39532900,0.0008992097080309236,0.0008988056611785083,0.0037854335773977806,0.009370259356345667,0.012670140207629216,277.2772705078125,0.42421796957965274,275.3899274553571,0.3836027948816677
2025-12-15,273.3658752441406,279.3894873363706,272.0993337942639,279.3894873363706,50409100,-0.014985057058964357,-0.015098467426605677,0.007716636395952046,0.00998498045047603,0.012855360528553812,276.5233093261719,-1.7001322246207469,275.4450131370907,-0.3754726456155719
2025-12-16,273.8645324707031,274.752131096348,271.0522107383373,272.07941349564567,37648600,0.0018241385327160131,0.0018224768125210816,0.007986300518590684,0.009977904811310983,0.012854427850929988,276.0106994628906,-0.9709671050111918,275.5494893391927,-0.30730318713913507
2025-12-17,271.1020812988281,275.41036187784255,270.9026424636208,274.2634896625032,50138700,-0.010086925630541477,-0.010138143375682697,0.007331968722857996,0.009349276427005063,0.012920123372249438,274.6264709472656,-1.2867913536743014,275.7574942452567,-0.8939230708290354
2025-12-18,271.4511108398437,272.8872042261758,266.22534517191764,272.86723904028526,51630700,0.0012874469253183474,0.0012866188761622868,0.00784854620640501,0.009347819364886378,0.012359957479764224,273.4616394042969,-0.7842497252871018,275.9830714634486,-0.9268952874521514
2025-12-19,272.9271545410156,273.854622814086,269.1673684747946,271.41126100078174,144632000,0.005437604202853219,0.005422873807698685,0.008793762444273583,0.009373945204223043,0.011231405742560511,272.5421508789062,0.3186418971070115,276.2257457914807,-0.7200088443504699
2025-12-22,270.23443603515625,273.13654030849926,269.7756932559407,272.1192896847017,36571800,-0.009866070345355471,-0.009915062523911944,0.007227153805374089,0.009442754671730983,0.011277065063696632,271.9158630371094,-1.1517261457603387,276.4498974028088,-1.507132078304326
2025-12-23,271.62066650390625,271.7603010837797,268.8282792538215,270.1048034873943,29642000,0.005129732868573544,0.00511662061139001,0.007822981534595838,0.008496676219968758,0.011223955637645831,271.46708984375,0.15739459949029153,276.49121529715404,-1.1972630463810365
2025-12-24,273.06671142578125,274.6823088952694,271.46109654935304,271.60070067851706,17910600,0.005323766193815027,0.005309645046856358,0.006582474092325119,0.007770976343339431,0.011032510437032895,271.8600158691406,1.0326563573862497,276.3910101027716,-0.8053645916384202
2025-12-26,272.6578369140625,274.6224904749486,272.11929424741834,273.41578359787746,21521800,-0.0014973429371301084,-0.0014984650753561758,0.0067156278419726045,0.007714829572612676,0.011005760334607486,272.1013610839844,0.4686381082087377,276.22147042410717,-0.846972750478873
2025-12-29,273.0168762207031,273.6152231466168,271.6107000753325,271.9497734782625,23715200,0.0013168127155420706,0.001315946478043144,0.006257717392702906,0.007703053561404855,0.010986140410126688,272.1193054199219,0.7457391482868713,276.0414850144159,-0.7096437098199799
2025-12-30,272.33868408203125,273.3359694836473,271.54086793463244,272.06942798009953,22139600,-0.0024840667289872664,-0.0024871571416660047,0.0036229222642723976,0.007613387186350072,0.010995758008929197,272.5401550292969,-0.34001132909780396,275.76746768043154,-0.7958395827898825
2025-12-31,271.1220092773437,272.9370761103812,271.0123224859311,272.3187639976345,27293600,-0.00446750636542359,-0.00447751549367368,0.0037989545826838385,0.006682744011779221,0.011014877744329072,272.4404235839844,-1.6609240099726001,275.23368181501115,-0.991767233279256
2026-01-02,270.2743530273437,277.0857995993762,268.2697994337228,271.52095990203577,37838100,-0.0031264752435974374,-0.003131372878208183,0.0021729546949212373,0.006007732055966822,0.011003736536191498,271.8819519042969,-1.4018206216885236,274.5127883184524,-1.189768322861249
2026-01-05,266.5345458984375,270.7730094869922,265.41759095171795,269.9053759278346,45647200,-0.013837077351278815,-0.013933702077408055,0.005673094575746295,0.006432140870158472,0.011154388926883193,270.65729370117185,-1.6247681985893048,273.71068899972096,-2.1378362734343184
2026-01-06,261.6477966308594,266.82371056256306,261.40845786144683,266.27521573774703,52352100,-0.018334393581536768,-0.018504551614246585,0.00725900740453788,0.007007344047451646,0.011389199731815559,268.38347778320315,-1.5503121256314691,272.83972603934154,-2.8149379842584175
2026-01-07,259.6233215332031,262.96423405428067,259.10474402829175,262.485556491205,48309800,-0.007737405488311588,-0.007767494517996041,0.006509727373842806,0.007033587353563109,0.011434378918922008,265.8404052734375,-1.2177073737637656,271.96354021344865,-2.6078140601218367
2026-01-08,258.3368225097656,258.58614386359903,255.0058776573516,256.3222864925608,50419300,-0.004955252154698941,-0.004967570125940949,0.0064170488840233795,0.007043392407332134,0.011427746546074473,263.2833679199219,-0.9893913260833476,271.068356468564,-2.3441696422560785
2026-01-09,258.6659240722656,259.5036402038468,255.52448097015204,258.3767027680543,39997000,0.0012739243260126987,0.0012731135729041854,0.007709611381221667,0.007114056053528915,0.01124849218937058,260.96168212890626,-0.6808475318339651,270.2225632440476,-1.9533952445692193
2026-01-12,259.54351806640625,260.5906555331263,256.1028713590674,258.45648066308013,45263800,0.0033927700267757377,0.0033870275674454044,0.008649107307864008,0.006983156958078052,0.01029552010797404,259.5634765625,-0.015469087548609225,269.3425772530692,-1.6142815375829385
2026-01-13,260.34136962890625,261.0993163539261,257.68861696081353,258.01770778709204,45730800,0.0030740569768183956,0.003069341724501476,0.005062439796869792,0.007119072383779099,0.010238467679430744,259.30219116210935,1.2944233639931788,268.5362011137463,-1.3459559886649604
2026-01-14,259.2543029785156,261.1092696408236,256.0131254420647,258.78557762508564,40019400,-0.004175543256686898,-0.004184285180772418,0.004009176950803211,0.007066070550841293,0.010258022621893056,259.2283874511719,0.03311390741152552,267.6661871047247,-1.391525825893638
2026-01-15,257.5090637207031,260.3313985459844,256.35220896361545,259.9424426175537,39388600,-0.006731765829002034,-0.006754526367843775,0.004571256483226168,0.006584254632571871,0.010276358506979916,259.0628356933594,-1.4691425174576815,266.91110084170384,-1.4963818193960607
2026-01-16,254.8363494873047,258.1971965798445,254.2379721311412,257.1999111311508,72142800,-0.010379107417738509,-0.010433345978110178,0.006090633051217135,0.006692085460801439,0.010318691196773637,258.2969207763672,-1.5776129360402595,266.0049968901135,-1.6936049153769457
2026-01-20,246.0303192138672,254.09835490933511,242.75922413209136,252.04394930256512,80267500,-0.03455562870506512,-0.035166795246858014,0.014545712964951472,0.009560642953874805,0.010978755358727312,255.5942810058594,-1.6671417327193994,264.8111034574963,-2.411710985335767
2026-01-21,246.9777374267578,250.87712721718017,244.51444112970407,248.02489020045317,54641700,0.0038508189393806624,0.0038434235156737974,0.014731753194442589,0.009655446642294256,0.00979519601844547,252.9215545654297,-0.978369764939652,263.6457047235398,-1.9519965038164901
2026-01-22,247.67584228515625,250.31864258405668,247.47637302553755,248.52352576906395,39708300,0.002826590224981107,0.0028226029306953294,0.015783143130812003,0.009537798785557368,0.009799571886974966,250.60586242675782,-0.5632698594647744,262.4432612827846,-1.6527035221791933
2026-01-23,247.36666870117188,248.73296007338791,244.0157890837153,246.6486371992728,41689000,-0.0012482993138605014,-0.0012490790884445956,0.016178068275882692,0.009484709539662716,0.009591660285731581,248.57738342285157,-0.34074348851537095,261.35431998116627,-1.5002825842315202
2026-01-26,254.71669006347656,255.86356228737432,249.121917868832,250.7973501838168,55969200,0.029713062802263712,0.029280183627355384,0.023012429872118854,0.01184486360347282,0.01028951394602093,248.55345153808594,1.7606875746948552,260.5493687220982,-0.6395364859215978
2026-01-27,257.56890869140625,261.2389423700868,257.5090739976807,258.4664899667647,49648300,0.01119761185346313,0.01113538271212037,0.012098566332699828,0.012115805060535997,0.010265570581254805,250.86116943359374,1.360050062512278,259.8113781156994,-0.2585668183739432
2026-01-28,255.74386596679688,258.1572795494081,253.81909726521187,256.95057275810245,41288000,-0.007085648395536603,-0.007110870817557204,0.014125505600256914,0.012147927176124798,0.009875780086627555,252.61439514160156,0.6572416799740246,259.0059509277344,-0.39820026661543123
2026-01-29,257.5788879394531,258.94516415300217,253.7193980705993,257.29964922744847,67253000,0.007175233570976491,0.007149614060228183,0.013938772770114669,0.012318254566468925,0.009924164785721619,254.59500427246093,0.706597559453344,258.2708086286272,-0.09178483438701507
2026-01-30,258.7756652832031,261.1890792690021,251.4954625126288,254.4773517832236,92443400,0.00464625557367615,0.004635495046148801,0.01320868165668447,0.012424087371748651,0.009938159547889153,256.8768035888672,1.170485259500194,257.6249505905878,0.16873339000395748
2026-02-02,269.2770690917969,269.7557466562268,258.50636737104884,259.3241487899344,73913400,0.040581110272100096,0.039779316982126806,0.017403549076337295,0.015445961765109713,0.01113603891588975,259.78887939453125,1.7526688850354997,257.53709629603793,1.7662472269911413
2026-02-03,268.7485046386719,271.1419837262723,266.88355520832346,268.4692659190308,64394700,-0.0019629018353019,-0.0019648308518361605,0.018360048737716433,0.015437460212167454,0.011128499014082097,262.02479858398436,1.038799729312328,257.4644368489583,1.7340023476243847
2026-02-04,275.7394104003906,278.19275421850585,271.5508302866565,271.5508302866565,90545700,0.026012817340576033,0.025680239205221226,0.017211358214066583,0.016090778358369345,0.011571126201690643,266.02390747070314,1.2641736914826225,257.9027637300037,2.4109837124916713
2026-02-05,275.1610107421875,278.7412615768201,272.48829324857786,277.3749854862336,52977400,-0.0020976314461659262,-0.002099834556422616,0.018705774873815587,0.015450555323780207,0.011568035539834274,269.54033203125,0.8229412153510541,258.54625011625745,2.007646451257166
2026-02-06,277.3650207519531,280.14745564173626,276.1782486476445,276.3677353153735,50453400,0.008009892113060468,0.00797798320525043,0.018379796637180288,0.015314025841981518,0.011607818860508297,273.258203125,1.036221226830172,259.39109293619794,1.9451148673408727
2026-02-09,274.1307983398437,277.70443813431814,271.2160169672847,277.41494619870406,44623400,-0.011660527356121775,-0.01172904445638691,0.014187451226887205,0.01556224792759323,0.011707352631689349,274.22894897460935,-0.029925196983361123,260.14318702334447,1.4305793063801198
2026-02-10,273.19244384765625,274.87943562430115,272.4537718732244,274.4003102195724,34376900,-0.003423017398519912,-0.003428889326211606,0.014344554663236645,0.015619424453009742,0.011698748338274808,275.11773681640625,-1.2104550291957568,260.83492606026783,1.2146555043513536
2026-02-11,275.0092163085937,279.6808719096702,273.9610989943363,274.2106536370846,51931300,0.0066501563343037695,0.006628141591757358,0.008060882478434207,0.015643565155757693,0.011713811377110158,274.97169799804686,0.024170052489955195,261.5713878813244,1.2647042689974357
2026-02-12,261.2637939453125,275.22886395053104,259.7165366668213,275.0990906441112,81077200,-0.049981678969831966,-0.051274009278595725,0.024231947830322925,0.019586933946409823,0.01310582987416119,272.1922546386719,-1.7340081787258084,261.6153128487723,-0.033093974034376215
2026-02-13,255.3243560791016,261.7628783299504,254.9949421084194,261.5432690161623,56290700,-0.02273349007346248,-0.022995880180571963,0.022248242084172996,0.020216017459425285,0.0133837773287519,267.78412170410155,-1.3941497132118168,261.42817252022877,-0.5704580946284394
2026-02-17,263.4099426269531,265.8156532326085,255.08478749757865,257.5903108294174,58469100,0.03166790145686904,0.031176814356459512,0.031093465587873473,0.021315233739165843,0.013985031672139752,265.63995056152345,-0.2687739576729134,261.70916675385973,0.15940954875181826
2026-02-18,263.8791198730469,266.3447212846438,261.9825104325609,263.1304558468116,34203300,0.001781167564954833,0.001779583167113982,0.03137002055192184,0.02115140730039519,0.013986728532597408,263.77728576660155,0.01425713805128174,262.13977486746654,0.16471243043055586
2026-02-19,260.11578369140625,264.00886051677537,259.5867290635135,262.1322047157328,30845300,-0.01426159138112626,-0.014364265239645745,0.030493133610324675,0.019783299792394772,0.013913577463123182,260.79859924316406,-0.19928534047287216,262.8105112711589,-0.2718371835200022
2026-02-20,264.1086730957031,264.2783836675007,257.7001265171608,258.50868117461044,42070500,0.015350431056632585,0.015233805180443597,0.02190270578571037,0.01997286262020919,0.014052314308086435,261.36757507324216,0.7320651184721421,263.6262701125372,0.052287157349889486
2026-02-23,265.705810546875,268.95002088588865,262.91081074777924,263.0206001676805,37308200,0.006047273769737682,0.006029062392291268,0.016824290448869163,0.019982140029095895,0.014063446485749649,263.44386596679686,1.102892682537509,264.4848400297619,0.14405181762706865
2026-02-24,271.6552429199219,274.4003442568012,267.233111068832,267.38283777638213,47014600,0.02239105106810335,0.022144051735165694,0.013948784994941671,0.02036161206791233,0.014295763551998672,265.0929260253906,1.561420497202138,265.6414388020833,0.7872414141974566
2026-02-25,273.74151611328125,274.45024283739696,270.567157599074,271.29586819299504,33714300,0.007679856169661159,0.007650516196371946,0.013732827512821302,0.01957519962022218,0.014116971714885738,267.0654052734375,1.1965342626192774,266.5473828996931,0.9717640694921683
2026-02-26,272.4637756347656,275.61811956353745,270.3175813011377,274.4602128097023,32345100,-0.004667689785084916,-0.0046786174669959345,0.010111853784321737,0.01956813794002656,0.0139793508422011,269.5350036621094,0.6769323239251315,267.2566622779483,0.722109136384181
2026-02-27,263.7093811035156,272.3240124520744,262.4217010495403,272.3240124520744,72366500,-0.03213048968015897,-0.03265800418094743,0.02045248083110377,0.0209522374172822,0.014555654752193887,269.45514526367185,-1.29015253296608,267.63597252255397,-0.5798964146278098
2026-03-02,264.2484130859375,266.0551862059976,259.73647625260065,261.94253069595567,41827900,0.002044037948768729,0.00204195174556935,0.02022030827163134,0.020912502469673033,0.014555499910076009,269.1636657714844,-1.0250998011264854,267.95356895810085,-0.5768242077213955
2026-03-03,263.2801818847656,265.08695529305965,259.6666350681776,263.0106738027697,38568900,-0.003664094667077511,-0.003670823904680181,0.015560238165554382,0.020923168547583155,0.014543441451111722,267.4886535644531,-0.8162046948732741,268.1680697486514,-0.7919649662255036
2026-03-04,262.0523376464844,265.67587606267574,260.9543215497597,264.17854815272653,39803100,-0.004663640952734749,-0.004674549655599,0.013666015781436319,0.018939372889912036,0.014405500578300942,265.15081787109375,-0.7434915902961665,267.82403491792223,-0.9151508895042736
2026-03-05,259.8263244628906,261.09405110124777,256.79173142961054,260.3254337562426,49658600,-0.008494536639458317,-0.008530820840249429,0.013488081488296758,0.019005066923479558,0.014351145123224827,262.6233276367187,-1.58851875933153,267.399169195266,-1.158328857161603
2026-03-06,257.0013427734375,258.3090066542827,253.916851068475,258.16927189629365,41120000,-0.010872576884936036,-0.010932115299618045,0.004974960759567716,0.01803098683176219,0.014383051863901479,261.28171997070314,-1.4718681364563189,266.50688026064915,-1.4357291032163264
2026-03-09,259.41705322265625,260.68477987096253,253.2280857512349,255.2345148744848,38218500,0.009399602442343502,0.009355701068531803,0.00785878173090175,0.018242779186998435,0.014381833375091416,260.31544799804686,-0.368027088512977,265.75716799781435,-0.9781596633160762
2026-03-10,260.3653564453125,262.01244158439727,256.4922936817907,257.19102845716964,30590800,0.003655516130785408,0.0036488509698246866,0.008517515434252367,0.018138992429314525,0.014376145467228171,259.73248291015625,0.34642677150524886,264.94766017368863,-0.7632876874510852
2026-03-11,260.3453674316406,261.6630231774062,259.08760235948154,260.62486739620806,26218900,-7.677293916819039e-05,-7.677588636112872e-05,0.00843495015307734,0.01803693470627948,0.01437397350574329,259.3910888671875,0.6850952026046297,264.2912110828218,-0.6928867670064636
2026-03-12,255.30438232421875,258.48871731031414,253.72719511663237,258.1992253881205,40794000,-0.01936268410362818,-0.019552596342224723,0.011629865888173727,0.018419495817132772,0.014562072961013577,258.4867004394531,-1.416709813904293,263.4393986293248,-1.4438385627425863
2026-03-13,249.6744384765625,255.87336762960535,249.0755164384504,255.024890934378,36930000,-0.02205188879408504,-0.022298666381512306,0.014257191882022737,0.018724909850966136,0.014771461974440778,257.0213195800781,-1.5947386366901826,262.2329806373233,-2.1862355697108278
2026-03-16,252.36964416503903,253.43773019062647,249.4348789230203,251.66090222791988,32074200,0.010794880344667579,0.01073703156524414,0.01463236420262863,0.015630690764499963,0.014853682416260002,255.61183776855464,-0.6802670940656773,261.80944969540553,-1.5389157630478034
2026-03-17,253.7771148681641,254.67552076289968,251.7307636559193,252.5093881906664,32361600,0.00557702059525278,0.005561526596100866,0.014953100112938695,0.014906133098967253,0.014877394403164435,254.294189453125,-0.13034167711246986,261.7357715425037,-1.278606362659204
2026-03-18,249.4947662353516,254.48585937367065,248.5564382882904,252.1799767808244,35757900,-0.01687444762321122,-0.017018443311607647,0.015434667614793004,0.013459162864241248,0.014907801836611525,252.1240692138672,-1.0348622814106117,261.0731440952846,-1.7139510022318736
2026-03-19,248.5165252685547,251.3814079598573,246.85947863088072,248.95572868612365,34864100,-0.00392088772665522,-0.003928594558615651,0.014171066286444217,0.013424216128802196,0.014905045447807418,250.76649780273436,-1.0188758554194894,260.34159197126115,-1.6310375919978943
2026-03-20,247.54823303222656,248.75606899357115,245.56177255944445,247.53824109812177,88331100,-0.003896289131202657,-0.003903899440107385,0.010628822675694581,0.013167469026128188,0.014867700003514452,250.34125671386718,-1.0600903402917263,259.7431371779669,-1.5695521684845501
2026-03-23,251.04200744628903,254.1464679788293,249.83415620831627,253.51758537106093,40546100,0.014113509804804858,0.01401484151217401,0.011641347037949366,0.013088491106837529,0.014991353434757463,250.0757293701172,0.3962117990847559,259.1209150041853,-1.019516018539731
2026-03-24,251.1917266845703,254.3760464402864,249.10545347620703,249.9040313986812,45152300,0.0005963911769359953,0.0005962134063950415,0.011136672680302126,0.012966338265660354,0.014969066829518604,249.55865173339845,1.0328901401821995,258.42976815359935,-0.9099751476109573
2026-03-25,252.16998291015625,254.5457480998694,251.15181088451408,253.6473574345128,28476700,0.003894460372950048,0.0038868965936841777,0.007412879120442682,0.011776506806314254,0.014942179640520142,250.09369506835938,1.0587662915503202,257.5018986293248,-0.7152106626221482
2026-03-26,252.43951416015625,256.5421934269488,250.32329549316128,251.67088153367663,41796700,0.001068847476965784,0.0010682766662048293,0.006693264445315604,0.0115490497863423,0.014923715110821268,250.8782928466797,0.7977411802623788,256.48751758393786,-0.6202632520163095
2026-03-27,248.35679626464844,255.03488128462607,247.6281009352486,253.4477020992108,47900000,-0.016173054004998577,-0.016305265287713342,0.01091736384745206,0.011864739541049591,0.015020669355601245,251.04000549316407,-1.659426272571535,255.33956618536087,-1.239204858845354
2026-03-30,246.19065856933597,250.4230956915925,245.07264337813007,249.62453299565456,39446200,-0.008721878071757061,-0.008760136268298902,0.008411999743076534,0.010023187657148271,0.015048450477720915,250.06973571777343,-1.4340628127636974,254.5053413027809,-1.4766976168324173
2026-03-31,253.337890625,255.02488248828536,246.65982101631488,247.46837564153284,49598100,0.029031288584213666,0.028617863177015222,0.01705400954521011,0.012174672839555749,0.015520114368894637,250.49896850585938,0.9238935393772807,253.9857926141648,-0.12528902063993055
2026-04-01,255.17462158203125,255.7236296181179,252.8787157917901,253.62737973002484,40059400,0.007250123353044202,0.007223967554483803,0.017225353895702584,0.012331387988175105,0.015555183104427842,251.0998962402344,1.0985542334124063,253.59981355212983,0.33320876951574796
2026-04-02,255.464111328125,255.6737439434535,250.20349485503917,253.7471740568136,31289400,0.0011344770271390914,0.001133833994367859,0.017224141265678623,0.012321502594956039,0.01555120826134454,251.70481567382814,0.8957437675106443,253.28608848935082,0.5018558861523678
2026-04-06,258.3988342285156,261.6929736576745,256.003115847535,256.053045051996,29329900,0.011487808933839494,0.01142232509019372,0.013833211762854014,0.01249702098755253,0.01562611086240064,253.71322326660157,1.0231780743586463,253.2181127639044,1.2211595247277576
2026-04-07,253.0484161376953,255.7436185540334,245.2623079794448,255.7036812801697,62148000,-0.02070604577917201,-0.02092342184655962,0.01795648973760175,0.013099223673790515,0.015745847707141245,255.08477478027345,-0.9511821916991067,253.02987816220238,0.004463799298946221
2026-04-08,258.43878173828125,259.2872736156141,256.0730086009651,257.98960165960847,41032800,0.02130171641798695,0.021078006221268635,0.015704570868171064,0.013782793353789544,0.01581853086428926,256.1049530029297,1.010721369960046,252.98329380580358,1.3362706799665098
2026-04-09,260.02593994140625,260.6548225010532,255.6138310165902,258.5386040524215,28121600,0.00614133139171158,0.006122550270913715,0.015655462699167982,0.013827649964544405,0.015808091921445746,257.07521667480466,1.0577355972023272,252.96713111514137,1.7418420468206959
2026-04-10,260.0159912109375,261.7229364827484,258.5585701252562,259.5168819122501,31291500,-3.8260530741629495e-05,-3.8261262694405804e-05,0.015713409384516756,0.013827650477306467,0.01579517805761103,257.9855926513672,0.706493850767435,252.95144653320312,1.7560203063030129
2026-04-13,258.73828125,259.71651601158027,256.2027973984465,259.2673359057164,36234700,-0.004913966848681062,-0.00492608008275582,0.015358064603889204,0.013148415663073563,0.01580707517293748,258.05348205566406,0.23694862870715627,253.1149655296689,1.3421468407531238
2026-04-14,258.368896484375,261.4633801130582,256.73183388682423,258.7881616833941,48370700,-0.0014276386309766131,-0.0014286586779615176,0.010265060659435292,0.012072967096824783,0.015802096912196178,259.117578125,-0.8952579309779273,253.52898733956474,1.1356565943662447
2026-04-15,265.95538330078125,266.08515659729386,257.35074355126085,257.7001261657452,49913500,0.02936300351797594,0.028940167740243536,0.013573293440410675,0.013345894812951495,0.016215784117979734,260.6208984375,1.7354830500828164,254.1759272984096,2.338335305317218
2026-04-16,262.9307556152344,266.6840670491935,260.804545264895,266.3246925362851,43323100,-0.011372688335946068,-0.01143785188350778,0.01557227648266015,0.01366250473530701,0.016274062315413004,261.2018615722656,0.5394486558951594,254.611814953032,1.5447431527545767
2026-04-17,269.7486267089844,271.8149160854778,266.24486962975914,266.4844323486072,61436200,0.02593029133391722,0.02559980227073271,0.01857377851554547,0.013908070107239568,0.01655832488572283,263.148388671875,1.3631043772051206,255.57628449939546,2.2938739079768444
2026-04-20,272.5635681152344,273.7913879220191,269.80850557942483,269.84841238867654,36590200,0.010435424419368289,0.01038135123703852,0.01725963858866662,0.013865247211627713,0.016539493528367023,265.9134460449219,1.190795846017268,256.7213817778088,2.2693955768380656
2026-04-21,265.69586181640625,272.3140256362382,264.9272139873882,271.0163536236942,50209800,-0.025196714096157535,-0.025519586387523795,0.023592020014774433,0.015245986238895443,0.01624056692441579,267.37883911132815,-0.44527963953304284,257.5855545770554,1.1734723398273652
2026-04-22,272.68341064453125,273.2523721409737,266.39461467279705,267.3429346055621,43249200,0.026299050276339386,0.025959176283094874,0.02288146594115612,0.01587292166210713,0.016534532503825538,268.7244445800781,0.9191972599003873,258.6160975864955,1.881364017395754
2026-04-23,272.9429016113281,275.2787294551341,271.1660737405759,274.56001085217736,33399600,0.0009516199250387825,0.0009511674218491973,0.0212710086045163,0.01586937412807142,0.016533929884245825,270.72687377929685,0.7154033401396128,259.65186782110305,1.6840468850900874
2026-04-24,270.5771179199219,272.5735550213531,269.16962610782736,272.2741016414235,38157100,-0.008667687188198547,-0.008705470074050698,0.019414618529310042,0.01610816885903322,0.016580852222430276,270.8925720214844,-0.1032909649660523,260.52839805966335,1.2497490484269962
2026-04-27,267.1332702636719,267.88193422863776,264.59781690250213,265.6159889280984,41466800,-0.012727786010601316,-0.012809478192957057,0.01926722716598323,0.016486889694641668,0.016285655026829864,269.8065124511719,-0.8177023335799635,261.2281007312593,0.7437055943640664
2026-04-28,270.2277526855469,272.7432830913257,268.181416710472,271.8548539018017,40018900,0.011584039752220443,0.011517458457321562,0.01573288290084553,0.015994318643765448,0.016289653442391378,270.712890625,-0.20722471319560612,262.2695748465402,1.0479090584093982
2026-04-29,269.688720703125,270.5571659728108,266.56429174844374,267.07336249706583,30047900,-0.001994732136373578,-0.001996724264136533,0.009394435074580078,0.015790929510178617,0.01626250985499684,270.11395263671875,-0.20449684581982613,263.3885301862444,0.9270506387316043
2026-04-30,270.8666381835937,275.50834883767226,267.6623648300734,270.018146234023,91848200,0.0043676927881806105,0.0043581821011512215,0.009795900319245926,0.01478120528436877,0.016248846109555584,269.6986999511719,0.778749937913583,264.22323245093935,1.010776968570597
2026-05-01,279.6409606933594,286.7083346607987,277.87409435408995,278.36321169794013,79915400,0.03239351501021126,0.03187990737243754,0.016725069959123953,0.01604334083453977,0.01670865322940767,271.5114685058594,1.707753986640655,265.38829621814546,2.024458255166251
2026-05-04,276.3368530273437,280.13010214166496,274.3703610857382,279.16182884121525,46668400,-0.011815535384456122,-0.011885893585031476,0.01646025812567407,0.01642136194498164,0.016040674602406588,273.35218505859376,0.6766844124936382,266.38223629906065,1.4135078047045029
2026-05-05,283.6737670898437,284.0630869835518,276.00745521106614,276.43668191704,49311700,0.026550617415383337,0.026204266943421806,0.01867911657098868,0.01707109335930954,0.016362755539115904,276.0413879394531,1.2973941008411638,267.5858045305525,2.0797427383710714
2026-05-06,286.9978332519531,287.5168959460148,280.5693031693742,281.4177950537395,58336100,0.011717918777652159,0.011649795625348007,0.01750038812083327,0.016103335035899995,0.01611303720465354,279.5032104492187,1.191733533325241,269.2024434407552,2.2010051176401575
2026-05-07,286.9279479980469,291.60959552514373,285.2709015174152,288.7546745760609,45224300,-0.0002435044652232543,-0.0002435341172492443,0.018141023648759306,0.015773585248874317,0.016109652000193108,282.7154724121093,0.9025169608972803,270.55907040550596,1.9112095757949397
2026-05-08,292.7974853515625,294.2349225642168,289.48339230776435,289.49338424193445,52692800,0.020456485310924144,0.02025006180098386,0.015419513412765921,0.016122182626436672,0.016272878345056332,285.34677734375,1.238705342521268,272.119620186942,2.1799231286239324
2026-05-11,292.42779541015625,293.6267735875138,289.979924827367,291.72841688276577,42247300,-0.0012626131025762488,-0.001263410870084823,0.012180452784912206,0.01614600371801295,0.016195531353476497,288.5649658203125,0.9819897429520723,273.6630394345238,1.869279213384509
2026-05-12,294.54595947265625,295.0155556946294,292.3078994315659,292.3078994315659,45748100,0.007243374589372076,0.007217267345543894,0.008896938802207393,0.015966854629934288,0.016203842614425312,290.739404296875,1.075551533741129,275.368166968936,1.8420949043956314
2026-05-13,298.6124572753906,300.6607090744109,293.24708951115105,293.24708951115105,52684300,0.013805987391627639,0.013711552929013165,0.009179374053177963,0.01594829083438521,0.01626660667362034,293.0623291015625,1.3163527486171855,277.2845270066034,1.9709590474174492
2026-05-14,297.9530334472656,300.1911240450107,295.12548538387824,299.5616620172475,35324900,-0.002208293097152536,-0.002210734971933149,0.009647729834794193,0.015227552225687424,0.014818664844288006,295.26734619140626,0.9338154224661178,278.8082246326265,1.6816988017902763
2026-05-15,299.9713134765625,302.93875555297063,296.26448829773227,297.643304079477,54862800,0.006773819369938039,0.006750980136725528,0.006613852470121031,0.014730522286430353,0.014476556703097339,296.7021118164063,1.0493977995257644,280.57206072126115,1.6627227279144599
2026-05-18,297.5833435058594,300.4009207908792,294.6558756451712,299.98126929450746,34483000,-0.007960661114649215,-0.007992516349121775,0.008563776584473687,0.014346100478197621,0.01406282252543468,297.73322143554685,-0.07491197522110084,281.8975234258743,1.3122199386691815
2026-05-19,298.7123718261719,300.2510533099592,296.09463441963413,296.7140952726279,42243600,0.0037939903054091673,0.003786811276571553,0.008325134789460025,0.014287031983558442,0.01406473555086592,298.56650390625,0.159634824630806,283.14270455496654,1.2668628249447904
2026-05-20,301.98956298828125,302.5390768782648,297.82314269813475,297.9230626302997,38229800,0.010971059357449242,0.010911313869409937,0.007457316260715861,0.012587978810240315,0.01395137600247907,299.24192504882814,1.53753368584559,284.87097603934154,1.3956491350637859
2026-05-21,304.7271728515625,305.27671719779084,300.1411318265125,300.80056674721834,42965100,0.00906524661379593,0.009024403912911677,0.007470167643853589,0.011767660099211631,0.01388078166201869,300.5967529296875,1.4597996382493215,286.3968694777716,1.4478318690274716
2026-05-22,308.55389404296875,311.13165741506583,305.5764509618376,305.85620846339293,43670200,0.012557860054279724,0.012479664098423927,0.008296109577091232,0.011823866756824272,0.013932646114885521,302.3132690429687,1.3935680896630307,288.09263102213544,1.556696032459417
2026-05-26,308.0643005371094,311.5513139598484,307.4048960873393,309.2932516306072,48000500,-0.001586735786880733,-0.0015879959853538459,0.005776499676958303,0.0114831893487426,0.013708495106019252,304.4094604492187,0.8803148191806761,289.8777349562872,1.378627360377859
2026-05-27,310.5821533203125,312.9900803339556,308.0343323058515,308.0643052358437,50430900,0.008173140408717527,0.008139921177528297,0.005507460764101352,0.010629374270613008,0.01371188909416857,306.7834167480469,1.115169319317535,291.9467293875558,1.4503407732943236
2026-05-28,312.24072265625,312.5304508120942,309.30325358892543,310.412282475935,48220400,0.00534019523725493,0.005325986955554593,0.005278653881470025,0.0105887289308313,0.013691162414395053,308.8336486816406,1.2008595732750988,293.9473470052083,1.4558002086632609
2026-05-29,311.7911071777344,314.7285763294451,309.2632884033746,311.5113496628706,70026800,-0.0014399642515899869,-0.0014410019964428765,0.006122311915676807,0.01056610190870103,0.012955749756800285,310.246435546875,0.8226613047675337,295.9522225516183,1.3377886119093916
2026-06-01,306.0460510253906,310.6720662449624,304.7571540774977,309.363197507879,48849900,-0.01842597822736758,-0.018597851122449393,0.010389688959446601,0.011941097735608367,0.013229659120683952,309.7448669433594,-1.4075291644306371,297.627432686942,0.7995661916416588
2026-06-02,314.92840576171875,315.1781903378333,306.42572903356995,307.1950545511415,44534700,0.029022935295418106,0.028609745520348374,0.01705853474168379,0.011600659944839798,0.013613026335494091,311.11768798828126,1.1726039127652899,299.3077872140067,1.512328341849473
2026-06-03,309.9926452636719,316.6668815001487,308.5838566628498,313.9092501546009,50836700,-0.01567264307615801,-0.015796757454885936,0.01899773583645895,0.011923305060532439,0.013783152280717135,310.9997863769531,-0.306626614527266,300.9104439871652,0.9950242653138195
2026-06-04,310.9618225097656,313.26982953176514,309.3831669286496,312.96009909963743,44869100,0.00312645238815068,0.003121575198772482,0.018857272009980053,0.01093998364767975,0.01370844699825033,310.74400634765624,0.06779632019574221,302.20987519763764,1.0333171443481621
2026-06-05,307.0751647949219,314.8984348439246,306.8853260765596,312.5903972939029,65310500,-0.012498826008526143,-0.012577593355441377,0.019592207286974164,0.011402002570708102,0.01373667137933844,309.8008178710937,-0.7771392466690724,303.16593860444567,0.5030454252198812
2026-06-08,301.2801818847656,317.1265012321255,300.9105055796523,308.4739595974908,77949100,-0.018871545388655542,-0.019051885469787897,0.019683136413085837,0.012384072130501944,0.013982899742713852,308.84764404296874,-1.4900981932081063,303.84937831333707,-0.3751789550910652
2026-06-09,290.29962158203125,300.4908444635933,287.5320194610898,300.0212482417878,70108800,-0.036446341189923515,-0.03712710112671881,0.014427813687374684,0.014397243275257293,0.01484039063210518,303.92188720703126,-1.6028893930977917,303.73043241954986,-1.9003203008455465
2026-06-10,291.3287353515625,294.4960172141002,287.1323727394638,290.4894628291428,52793300,0.0035450055495178656,0.0035387368280779593,0.01696075930388466,0.01442109390193994,0.014840291853107146,300.18910522460936,-0.959677250321196,303.67809622628346,-1.7250080647489725
2026-06-11,295.375244140625,296.7440586571729,289.3404406054596,293.4668864344149,42572500,0.01388983748609407,0.013794257734621061,0.019833803282356274,0.014659212731173838,0.01466057638305336,297.07178955078126,-0.24022745586313396,303.7175859723772,-1.173617144611184
2026-06-12,290.879150390625,296.88398158337014,289.3704417369658,295.7749221682621,38742100,-0.015221633631081977,-0.01533867189083751,0.01995168838259359,0.014684533786373763,0.014497429012629653,293.83258666992185,-0.6394863013404221,303.34933326357884,-1.6470601340285973
2026-06-15,296.1645812988281,297.5233947188816,291.4486474146935,293.8665449684006,45732600,0.018170538868479413,0.01800742754428881,0.022815086106766642,0.0152694940776451,0.014593285399360197,292.80946655273436,1.223931782339016,303.264168875558,-0.9287044865879123
2026-06-16,298.9821472167969,300.2210994929347,293.71669913987887,294.99559499590845,39874400,0.009513514092780229,0.009468545598219242,0.013022098482900037,0.015343456503740003,0.014614618977771547,294.5459716796875,1.2971574150649492,303.2170657203311,-0.5522178797493901
2026-06-17,295.6949768066406,301.8096980081642,294.10632015937927,300.59074812548096,42745100,-0.010994537435617069,-0.011055424053765445,0.015144633762778109,0.0154359402056831,0.014504392102782211,295.4192199707031,0.09466707233541655,303.1271434965588,-0.9591202193220019
2026-06-18,297.7532043457031,300.31099586682666,295.3652492546472,297.8530937792582,85962200,0.006960644246616354,0.0069365307945603305,0.014201008282943007,0.015492865620022925,0.014488931571310652,295.8948120117187,0.6009305075898634,303.0814688546317,-0.6849520174975187
2026-06-22,296.75408935546875,302.1594314563154,296.5043047694293,297.05381866220307,44879900,-0.003355513813629196,-0.0033611561756575186,0.011353288519561052,0.015295009728305933,0.014485000259242601,297.0697998046875,-0.23979907618663432,302.83216058640255,-0.7694977512756084
2026-06-23,294.04638671875,301.3800886038737,293.9264950024863,297.2836155142734,52010900,-0.009124398732296202,-0.009166281020203648,0.009287157472906869,0.015223783972608792,0.014491954823406808,296.6461608886719,-1.3722228698000776,302.3235517229353,-1.0204067432202149
2026-06-24,292.8274230957031,299.4417438827621,292.68755959702736,295.1054570720635,53081900,-0.004145480706800209,-0.004154097032731816,0.007006798564131853,0.014877985584433609,0.014514412353892937,295.41521606445315,-1.297656898127124,301.57467215401783,-1.0624979519788746
2026-06-25,274.91290283203125,288.55113481081804,273.5141152813601,287.1523472601469,107013700,-0.06117774105404383,-0.06312910528852322,0.02776619730134019,0.019903383186850938,0.016697788728585784,291.25880126953126,-1.7479618617140695,299.9960341680618,-2.526087027040347
2026-06-26,283.53546142578125,285.70360492137456,273.9737007161028,274.7630284991681,261775500,0.03136469225316163,0.0308828692129702,0.03381133243715659,0.021251310093775327,0.017106578242479836,288.4152526855469,-0.5398391172700329,298.70809645879837,-1.4821081608395106
2026-06-29,281.4972229003906,288.12151489662153,279.6088673150861,286.4829438934296,66427000,-0.007188654692930396,-0.007214617571347412,0.0336719163324721,0.021142068465055126,0.016988954682161793,285.36387939453124,-0.48088923100961567,297.24412027994794,-1.5138172167792838
2026-06-30,289.11065673828125,289.69017405322865,280.45814550695326,280.9277417485351,65100200,0.027046212958856453,0.026686927946559438,0.037627195307076707,0.022237186622648713,0.017212748738584038,284.3767333984375,0.6825943416328933,296.16409883045014,-0.7063829986361545
2026-07-01,294.1263427734375,296.33442991747245,288.95081360688545,293.1871503157195,50164200,0.017348672275670385,0.017199902237751946,0.03871432925483405,0.02240119147896021,0.016992558460025058,284.6365173339844,1.2923267247402752,295.59649367559524,-0.15107877601502126
2026-07-02,308.3640441894531,309.15337194761725,293.4269150966668,293.866538367699,75352800,0.04840675364798175,0.04727163430823289,0.02007114558439102,0.02398580788083153,0.01790183197897135,291.3267456054688,1.5881460824152005,295.2839050292969,1.4266968465708234
2026-07-06,312.3905944824219,313.9292760509671,306.7354678654279,307.0951430290638,53590000,0.01305778143996239,0.01297326356082142,0.019902306296425542,0.023920126290791693,0.01794396285667532,297.0977722167969,1.1756756199612401,295.3980930873326,1.8128961102898407
2026-07-07,310.3923034667969,315.2081573213481,309.88273318392555,315.0183186077797,42490000,-0.006396770744445224,-0.006417317752291537,0.019637352856478992,0.02395574470951055,0.01795276604801766,302.8767883300781,0.7139990434871344,295.37097313290553,1.610598866534959
2026-07-08,313.1199645996094,314.5487250421545,306.7854009831778,311.6412289475945,41323500,0.008787785980344909,0.008749398121391793,0.01964442298405028,0.02385159798442131,0.017704929298371093,307.67864990234375,0.6976775041052614,295.65882074265255,1.7839848456290857
2026-07-09,315.947509765625,316.2572401947346,307.8944576262147,310.24243869469103,48124500,0.00903022957872146,0.008989700861949937,0.019856382615636454,0.023458804131826713,0.01757507184763209,312.0428833007812,1.363858574646896,296.35726492745533,1.8324748364699892
2026-07-10,315.0483093261719,316.6369356310425,311.9010296470402,314.4488202226986,34132300,-0.002846043762522954,-0.0028501014457968927,0.00841130463802176,0.021708160662899094,0.01758726874727461,313.379736328125,0.7586728415530464,297.53577386765255,1.5451092189282187
2026-07-13,317.0365600585937,323.171283634363,315.5078797345754,316.7468014245228,43257800,0.006310939222858636,0.0062911086352786345,0.007117966667703607,0.0217142049048429,0.01758743969690444,314.3089294433594,1.0416952969713453,298.7599559965588,1.5231688367487182
2026-07-14,314.58868408203125,315.91755515351207,311.64124426456783,313.48965629761443,36336800,-0.007721115748007268,-0.007751077889289611,0.00756768233186364,0.021738615790196845,0.017611939746673362,315.14820556640626,-0.3806714571551781,299.67488170805433,1.1976996411183722
2026-07-15,327.2178039550781,328.44675508114506,317.0465830462295,317.34631234952286,60957600,0.04014486379221993,0.039359995560940185,0.018370537416858408,0.02268756908255562,0.018183146934993923,317.9677734375,1.7602891109212826,301.40529378255206,1.892809527086532
2026-07-16,332.97283935546875,334.3915986652446,326.50841333986017,327.72736328456057,62970600,0.017587781993612772,0.017434906842973087,0.018775210051666307,0.022672259935415915,0.017982738178374355,321.3728393554687,1.4027120767222443,303.15806797572543,1.9608276499520325
2026-07-17,333.452392578125,334.7013154010385,328.7164869908464,331.693929977533,63407100,0.0014402172368908062,0.0014391811187502526,0.018098713459674762,0.022671079232268566,0.017882337404935746,325.05365600585935,0.9513886587065082,304.7995082310268,1.7329319284887992
2026-07-20,326.3085632324219,333.4224228207836,323.4010672140761,333.2226134619852,53468000,-0.02142383591993391,-0.021656657586981348,0.023548645541836263,0.023163723393030012,0.017942970595420243,326.908056640625,-0.07874582388357033,306.2572980608259,1.177166090507818
2026-07-21,327.45758056640625,329.3159936819017,321.94234806189104,322.85156758462244,41338900,0.0035212601306020552,0.0035150750095092813,0.022445162692811667,0.023159172998777875,0.01791838105367155,329.4818359375,-0.588999477447845,307.67179216657365,1.129425729468052
2026-07-22,325.60919189453125,328.7164973399543,323.0613709608057,327.58746619388995,38755900,-0.005644666001250687,-0.005660657333930309,0.01427059471607872,0.023203733808549027,0.017581650809887446,329.1601135253906,-0.9439840004511721,309.0458446684338,0.9331776006655208
2026-07-23,321.3828430175781,323.0214140443725,319.0748358849152,321.4527900194849,40840800,-0.012979820539962161,-0.01306479450939142,0.010430042564167349,0.02333309119237671,0.017454849138577345,326.8421142578125,-1.2550629615024875,310.3475806826637,0.6271422153900631
2026-07-24,332.7330322265625,334.0818750563203,321.3428614810286,321.5127284115298,47489400,0.03531672413627751,0.03470739356294198,0.02172423085746072,0.024161005512017678,0.017915198580423602,326.6982421875,1.4791037195781234,312.24784778413317,1.1532230021336303
2026-07-27,336.61968994140625,339.277401491225,333.73216560461384,334.2517370375488,49604300,0.011681009513348384,0.01161331318603087,0.018445794472934967,0.018233529972554542,0.017881298315647477,328.7604675292969,1.3116658659096012,315.18626621791293,1.3129895780763934
2026-07-28,339.78692626953125,342.59453283396704,335.31080637618777,339.73698155301014,51859000,0.009408945533389002,0.00936495711319729,0.018416670948837092,0.01757287922983015,0.017773669311903918,331.22633666992186,1.121432142344847,317.86490740094865,1.4176777486686516
2026-07-29,337.8985900878906,344.2730974331505,337.0593175600121,339.43727163464206,56090800,-0.005557412706758247,-0.0055729125775482845,0.018401159085418735,0.017502432708007838,0.01778468776552846,333.68421630859376,0.5737034563965268,320.5506867908296,1.2738004136099332
2026-07-30,333.1426696777344,334.4615395264105,329.30598233808786,332.8129674612056,74817800,-0.014074993355015719,-0.01417498544145801,0.018714016117102775,0.01767290346859936,0.01791164999627903,336.036181640625,-0.9493261381987744,322.64744931175596,0.889025262799513
2026-07-31,308.6438293457031,310.4222943774597,299.7415030462749,304.5473560391476,132489100,-0.07353858440208272,-0.07638287945805575,0.035914215288073585,0.02513122696434251,0.0205350885104037,331.2183410644531,-1.75671473010389,323.33875819614957,-1.4140465415212065
2026-08-03,303.1585693359375,311.5313230344714,302.29929450581176,309.313234694189,75052000,-0.017772135672998512,-0.017931956478842527,0.032723326660413304,0.023254299113532384,0.020326795401813147,324.5261169433594,-1.236348197777978,323.09087844122024,-1.8421022866884775
2026-08-04,309.1134033203125,310.1525156602479,301.0603512911937,302.46913991298527,68001000,0.019642637836096544,0.01945221084485533,0.035270544347971645,0.023488122286074022,0.02038273499874927,318.39141235351565,-0.5835151058231173,322.93482171921505,-1.2559764331597056
2026-08-05,310.7320251464844,311.4414048335362,305.406631186344,309.09342362565195,49438800,0.005236336596166957,0.005222674657279986,0.03659749203111467,0.02347889621952729,0.02014726007759555,312.9580993652344,-0.19127185160838672,322.9509989420573,-1.1122927719248006
2026-08-06,312.14080810546875,316.0174696892129,308.96355554648414,314.06913775687,46139900,0.004533755277783991,0.004523508767764461,0.03786157719670823,0.023418658570091955,0.0201090169266553,308.7577270507812,0.9887028359494301,322.9043724423363,-0.9757392470065098
2026-08-07,313.0599975585937,314.53873325457766,310.47223295908327,311.1816431226555,34437200,0.0029447910342257355,0.0029404636305595897,0.013378725171158633,0.02333769060280114,0.020108991856759094,309.6409606933594,0.8724617538771697,322.7668718610491,-0.8713764301595024
2026-08-10,308.260009765625,308.260009765625,304.6099853515625,306.8299865722656,44812500,-0.0153324852437281,-0.015451243263146407,0.012427981706449912,0.023563737017253783,0.0200717543152412,310.6612487792969,-1.1965181724451333,322.4436195010231,-1.2367430580369472
2026-08-11,304.9100036621094,309.9700012207031,302.7900085449219,307.75,37476700,-0.010867469011185404,-0.010926951292996926,0.009708659496230941,0.02359552708810181,0.020124762985881707,309.82056884765626,-1.4932498969556731,321.8661644345238,-1.4077134485200262
2026-08-12,302.25,305.6600036621094,300.57000732421875,305.1000061035156,41657800,-0.008723897642456846,-0.00876217361050629,0.008815139685603194,0.023609182776266436,0.020141521414634725,308.12416381835936,-1.2716623946067636,321.2786080496652,-1.4981973147358194
2026-08-13,305.260009765625,306.0,302.04998779296875,304.2099914550781,40349300,0.009958675816790663,0.009909414983244762,0.01051646941811743,0.021844141896151737,0.020106687901653725,306.7480041503906,-0.36101952431438916,320.23299880254837,-1.1442318772162396
2026-08-14,305.92999267578125,307.489990234375,304.29998779296875,306.0,28229400,0.002194794236790587,0.0021923891943256765,0.010389452089389394,0.021368506976430748,0.02010529763524574,305.32200317382814,0.2818550180116194,318.9452441987537,-0.9935423125134344
2026-08-17,305.5899963378906,307.6600036621094,302.94000244140625,306.2099914550781,38169300,-0.0011113534012042736,-0.0011119714123237288,0.008445086889875705,0.021343074639620627,0.020089758243436184,304.7880004882812,0.5461169058484372,317.61846342540923,-0.927594447505147
2026-08-18,310.0299987792969,311.489990234375,305.739990234375,307.5799865722656,53424500,0.014529279409058127,0.014424740792900279,0.009132741984627983,0.02131600860499311,0.02013907670996202,305.81199951171874,1.5188965895992368,316.84329368954616,-0.5278210817795429
2026-08-19,316.8299865722656,319.2799987792969,309.6000061035156,310.1400146484375,50505600,0.021933322000267097,0.021696246991930904,0.00920806649096696,0.021930213889852803,0.020309742257643967,308.7279968261719,1.6449235534796462,316.3372177850632,0.03886904539301826
2026-08-20,311.29998779296875,320.2799987792969,310.6499938964844,317.4599914550781,40959200,-0.017454152112068244,-0.017608271810496567,0.01515021773236308,0.022194993235157136,0.020401417463724817,309.9359924316406,0.2970613805384885,315.6558271135603,-0.3474060656889803
2026-08-21,309.3500061035156,312.3800048828125,307.010009765625,312.04998779296875,46876800,-0.006263995393247401,-0.00628369652735619,0.01584972466399907,0.022077119867719736,0.020389192024019585,310.6199951171875,-0.3119691987147084,315.0828348795573,-0.45722470250876235
2026-08-24,310.3399963378906,313.3599853515625,309.9700012207031,311.4700012207031,34673600,0.0032002269754076718,0.0031951171478967837,0.01573979299678661,0.020483870974723328,0.020332765431475774,311.5699951171875,-0.406884992590437,314.01649983723956,-0.30900033786470255
2026-08-25,309.8999938964844,313.5899963378906,308.2099914550781,310.7900085449219,25869800,-0.0014178077160482694,-0.0014188137564350974,0.01442610338514205,0.020204408174907804,0.020332551191137086,311.543994140625,-0.5407838040435086,312.74413335890995,-0.2650262091212155
2026-08-26,313.45001220703125,315.42999267578125,308.79998779296875,310.29998779296875,34024500,0.011455367474878742,0.01139025156549776,0.010822301240396797,0.02027579182189103,0.02035740427193025,310.8679992675781,1.603338177694858,311.48999459402904,0.2234028459961896
2026-08-27,314.5799865722656,315.3999938964844,309.3999938964844,310.54998779296875,32419200,0.003604958753321119,0.0035984764637677197,0.006565474763266346,0.020335327760455678,0.020351476897571007,311.5239990234375,1.308618502762836,310.3795849028088,0.6537182077902058
2026-08-28,319.70001220703125,322.3699951171875,315.45001220703125,316.8500061035156,38649400,0.01627575132974779,0.016144721120709464,0.007052487632878279,0.020606966932834446,0.020450105164581348,313.5940002441406,1.5445825794622825,309.7394583565848,2.2677985762585946
2026-08-31,316.8500061035156,321.239990234375,312.79998779296875,319.6000061035156,41242700,-0.008914626195478559,-0.008954599215930675,0.009991758389109455,0.011804185334272714,0.02034143309116104,314.8960021972656,0.531578781108642,310.13022867838544,1.4459066122724165
2026-09-01,325.1300048828125,327.29998779296875,314.7300109863281,316.9800109863281,53167400,0.02613223487390992,0.025796622336462183,0.013121168648632916,0.012104436880824146,0.020281845788211274,317.94200439453124,1.5374605428028447,311.1764875139509,2.579175094414406
2026-09-02,324.9599914550781,328.3999938964844,323.5299987792969,326.8699951171875,33776400,-0.000522909067699362,-0.0005230458323249564,0.013778870687096234,0.01154630248863881,0.020174831758914737,320.24400024414064,0.9941642037252675,311.9310869489397,2.114753181967676
2026-09-03,328.2099914550781,330.8099975585937,324.1099853515625,324.8699951171875,37225800,0.010001231183714099,0.009951549846201446,0.01365465905404614,0.0116501469496413,0.0202061163225769,322.9700012207031,1.1418950456312662,312.7633710588728,2.1756167000713043
2026-09-04,319.9700012207031,328.92999267578125,317.8599853515625,328.3099975585937,39606900,-0.025105848234065142,-0.025426376168950823,0.01930877766254661,0.013141408536407958,0.02040774144817747,323.0239990234375,-0.6723747261263262,313.1361897786458,0.9401183723285893
2026-09-08,316.2200012207031,320.70001220703125,314.8999938964844,317.1000061035156,35477100,-0.011719848691107093,-0.011789067471725085,0.019681610005337656,0.013432588045098278,0.020314936793730805,322.897998046875,-1.4030229289095928,313.28666614350817,0.4018222091966434
2026-09-09,315.3399963378906,319.1499938964844,309.8999938964844,315.489990234375,65640000,-0.0027828881140200545,-0.002786767546169644,0.013281616971576765,0.012957550621928726,0.019734143204296492,320.93999633789065,-1.0074467026006981,313.6238083612351,0.23771993041298545
2026-09-10,326.57000732421875,326.739990234375,316.510009765625,316.6700134277344,70011900,0.03561239017170226,0.0349929330682692,0.022977719041443804,0.014600256375741484,0.020184119531677758,321.2619995117187,0.9017023935444046,314.65523710704986,1.5980972143015988
2026-09-11,332.2699890136719,336.2200012207031,326.29998779296875,327.45001220703125,50716900,0.017454088133066703,0.01730351508863038,0.023910960545855908,0.014634322304162145,0.020222524685513825,322.0739990234375,1.413198570692551,316.0847603934152,2.0679088292902756
2026-09-14,333.0799865722656,335.5,331.3399963378906,334.7900085449219,39269100,0.0024377692400032736,0.002434802700750146,0.01839906223351439,0.014587234557138742,0.0201022222365898,324.69599609375,0.9837244560827844,317.4095211937314,1.900321818692968
2026-09-15,331.3399963378906,331.7799987792969,328.3500061035156,330.1400146484375,31748200,-0.005223941108804753,-0.005237633595806399,0.016798349474741556,0.01472661450857836,0.02001963540066723,327.7199951171875,0.49134392831794244,318.61952136811755,1.525005391388747
2026-09-16,332.4100036621094,335.4800109863281,330.70001220703125,332.5299987792969,35981000,0.0032293334219983816,0.0032241303235070818,0.015904723380703097,0.014684646727380003,0.019996407067681292,331.1339965820313,0.48596145537460606,319.89666457403274,1.507691338024197
2026-09-17,337.0,338.3399963378906,330.17999267578125,334.7699890136719,36700200,0.01380823768034456,0.013713772570884974,0.009131789626756358,0.014660224298441538,0.019985421474159253,333.2199951171875,1.7163661278729947,321.18095034644716,1.803787300577974
2026-09-18,336.1300048828125,338.489990234375,332.5299987792969,337.9100036621094,86588200,-0.0025815878848294282,-0.002584925929040273,0.007277092681043695,0.014140751707155964,0.019984069767445992,333.99199829101565,0.8730788810368316,322.0999988374256,1.5106864270446716
2026-09-21,338.9800109863281,339.6400146484375,333.04998779296875,335.2799987792969,34999200,0.0084788803799567,0.008443136576545992,0.007781448031346765,0.01338174365780953,0.019989051589411947,335.1720031738281,1.1883617306717624,323.41809517996654,1.615067478695026
2026-09-22,339.75,345.3399963378906,338.75,340.1400146484375,40711800,0.002271487960105567,0.0022689120313856732,0.006243553318945007,0.013179938978903575,0.01993684040772836,336.85400390625,1.0051948288854475,324.865713936942,1.5345221621072638
2026-09-23,337.0199890136719,341.79998779296875,335.5,341.0799865722656,31658800,-0.008035352424806796,-0.008067809857302792,0.008636172428930357,0.013460318647892747,0.01996333389342728,337.7760009765625,-0.4977063436572041,326.1361897786458,1.1522289761149054
2026-09-24,335.9200134277344,338.9100036621094,334.29998779296875,336.7200012207031,24733100,-0.0032638289175568325,-0.0032691668250006928,0.006261643837556245,0.013503053009352574,0.018143946142260888,337.56000366210935,-0.9532819242995341,327.375238327753,0.9600397154282437
2026-09-25,341.07000732421875,341.6700134277344,334.5299987792969,336.0400085449219,30002500,0.015331012415526368,0.01521467993441426,0.009234796130922302,0.013635130001260458,0.017863324965050192,338.5480041503906,1.2150497306970223,328.6904761904762,1.41001681347118
2026-09-28,338.3999938964844,342.989990234375,338.0400085449219,340.3699951171875,32820800,-0.007828344241351815,-0.007859146587689452,0.009664252264522662,0.01387993327316385,0.017869413675106704,338.4320007324219,-0.01552510159035701,329.82476225353423,1.0213624576687093
2026-09-29,329.3999938964844,337.0899963378906,328.70001220703125,336.9700012207031,38478000,-0.026595745160542417,-0.02695581048132594,0.01503514767283291,0.015050192837165143,0.017996352304447686,336.36199951171875,-1.6033596129647298,330.28666614350817,-0.10985131862570224
2026-09-30,333.0199890136719,339.5,330.1400146484375,330.79998779296875,49988600,0.01098966358306952,0.010929716032626784,0.01674442528864545,0.014990010959036784,0.017928543808132507,335.56199951171874,-0.5582029912124906,331.0566653297061,0.2626558017174809
2026-10-01,330.32000732421875,332.4800109863281,325.8099975585937,330.0,36243900,-0.008107566448037673,-0.008140611496039531,0.01694899357305529,0.014143626340073342,0.01700579624518274,334.44199829101564,-0.8082686341465063,331.3038083031064,-0.13377838030647676
