Date,Close,High,Low,Open,Volume,return,log_return,rolling_vol_5d,rolling_vol_21d,rolling_vol_63d,rolling_mean_5d,zscore_5d,rolling_mean_21d,zscore_21d
2025-01-08,192.81829833984372,195.14464079456388,191.2574671811612,191.4463609579533,24864800,-0.007877598871183333,-0.007908791074272146,0.01441748323049845,0.02271539777998281,0.01841686682676176,192.3768737792969,0.1500865588475464,190.56200154622397,0.4595310425589882
2025-01-10,190.9194183349609,195.37328795351277,189.19951732698908,193.16624068951896,26665200,-0.009848028020328359,-0.009896840584329663,0.01588444581445523,0.022947895895502418,0.01834202112818309,192.8958282470703,-0.9078402539993475,191.35117812383743,-0.13444166389645756
2025-01-13,189.8954162597656,190.06442245830837,186.2667207451249,188.96091407425016,21823700,-0.005363530248131854,-0.005377965615984627,0.015157611846035092,0.019938664519639885,0.01836977176859932,192.74073486328123,-1.1894292033843976,191.62764994303384,-0.6241377192190743
2025-01-14,188.5533142089844,190.8597688353095,187.21118555715896,190.12409653498483,17174900,-0.007067585290975509,-0.007092678976305399,0.0016424514117311152,0.015989384462238184,0.018400877468575216,191.3071502685547,-1.1943544432378939,191.35591198149183,-1.0066259868080532
2025-01-15,194.408935546875,195.2142066320414,190.74046489689357,191.9632833903036,21776000,0.031055520622673694,0.030583054819304276,0.01713935134783638,0.016969148534910827,0.018714885783535005,191.31907653808594,1.3287144331374299,191.52586582728796,1.0084179213746371
2025-01-16,191.7843475341797,194.33934334611155,191.68492497988967,193.0071660692365,17815400,-0.013500346603474322,-0.01359230486618289,0.017968501607691034,0.017061716621360766,0.01882725841001257,191.11228637695314,0.3052784349826146,191.6721489315941,0.04027957123146816
2025-01-17,194.8563232421875,196.07914183949293,192.61945218456037,195.3832294332928,27735100,0.016017864583345753,0.01589093225303116,0.018496636447331384,0.015545554609510574,0.018894530244055206,191.89966735839843,1.0748519814275244,191.64090401785714,1.171957552291625
2025-01-21,196.89437866210935,201.10962849733664,196.71542107622028,197.9084311961374,29971300,0.010459272688773558,0.010404952931318288,0.01781266662778805,0.01564219888369433,0.018801689254274903,193.2994598388672,1.1174308838561284,191.76541210356214,1.754786016178321
2025-01-22,197.2124938964844,199.31018252245175,196.3773989893062,197.898470130864,26200600,0.0016156643807538895,0.0016143605991849861,0.016433540728832362,0.013114302166557219,0.018802638500799964,195.0312957763672,0.9958530938677278,192.2374027797154,1.6774886082749938
2025-01-23,196.8247833251953,199.1312534169042,194.06100582652095,196.9838533666416,26951400,-0.0019659533918403582,-0.001967888414735611,0.01141829136235159,0.013144296337624964,0.018813059215954813,195.51446533203125,0.5739048214181642,192.68572562081474,1.4220355357129038
2025-01-24,199.0417633056641,199.72772435097136,196.8446521798743,196.9440747387753,23877500,0.011263723719212138,0.011200760343434974,0.00736203626594777,0.012973098888648176,0.018836469402175045,196.96594848632816,1.395920995713729,193.10232834588913,1.8760189155606553
2025-01-27,190.69076538085935,195.7311886614368,189.61706547784132,191.28727038356465,41728900,-0.04195600855876813,-0.04286158198077814,0.02227061308664793,0.015828610087204265,0.0195887197685197,196.1328369140625,-1.7144658542888545,192.9688255673363,-0.7102379674998296
2025-01-28,194.1604156494141,194.33935805697908,189.56736331512155,191.6252920206379,24157900,0.01819516672254662,0.01803161559067045,0.02374387699323996,0.016260348457253538,0.01968035407769469,195.58604431152347,-0.439341927163945,192.93047950381325,0.38590553355540674
2025-01-29,194.26976013183597,195.64169733166847,192.30130277467072,194.41887879385516,18218300,0.0005631656795550555,0.0005630071612756519,0.023699663545410497,0.01625159228431386,0.01961564104130442,194.99749755859375,-0.23166100777206258,192.9214855375744,0.42360225315398325
2025-01-30,199.6978912353516,200.2247973993167,196.51656670676425,196.8446429320212,24354700,0.027941204538637354,0.02755797136876966,0.027411073820900148,0.016951369257700775,0.01985133334126537,195.572119140625,1.097020999507132,193.305422828311,1.8309692225032133
2025-01-31,202.8295440673828,204.2810164474162,200.622496591671,200.82132655430863,32001100,0.015681952436545465,0.015560261208965387,0.02780764625622992,0.017041179778550138,0.01982876722874101,196.32967529296874,1.338406366070748,193.91044398716517,2.241415272321199
2025-02-03,200.05581665039065,202.5611166722236,198.93242052734664,199.51897423058907,27838300,-0.013675164679513796,-0.013769531048741825,0.01625505436323824,0.01719750002270231,0.019679767535325094,198.202685546875,0.48298352350019674,194.47522553943452,1.405975220053647
2025-02-04,205.17575073242188,205.841839374976,201.62657486491116,202.20319230990248,43856400,0.025592527964226175,0.025270521631428434,0.01747186332427223,0.017862441498626945,0.019690828009762035,200.40575256347657,1.1663530816030891,195.27765909830728,2.2760548044899025
2025-02-05,190.2135772705078,191.62528964623425,186.93282997802248,189.9550998506434,70373900,-0.07292369302172974,-0.07571940075414804,0.04322657433613562,0.024810201816855875,0.02204741884613853,199.59451599121093,-1.6465322008480978,195.2558826264881,-1.1527676787252208
2025-02-06,190.4820098876953,190.979092361129,187.61880998639617,188.3942574313725,29297400,0.0014112169122699747,0.0014102220815212353,0.03987249689853423,0.02407767932048001,0.021976497087663756,197.7513397216797,-1.038789306124994,195.0063956124442,-1.0067637750878733
2025-02-07,184.25851440429688,190.0644336371024,182.17077726737304,189.9352025187049,49315000,-0.0326723530850378,-0.033218012671053135,0.0381537866567965,0.02504829130511126,0.02241891645613711,194.0371337890625,-1.1622015483184338,194.525881812686,-2.025009065615033
2025-02-10,185.3819274902344,187.10182849533743,184.77548630303588,186.2567974441607,23105600,0.006096939886710118,0.0060784287514671536,0.03985528328570763,0.025084302711752136,0.021903440997215307,191.10235595703128,-0.6851959173368164,194.17176891508558,-1.6153076336752656
2025-02-11,184.23863220214844,185.84917436040885,183.2046922916037,183.95031590853927,21239500,-0.00616724242521538,-0.006186338418344405,0.03390061882880278,0.025037982238408207,0.021723700429159963,186.91493225097656,-0.8444820158836984,193.8536362420945,-1.6511682661308447
2025-02-12,182.5386199951172,184.0298673622676,180.7690076663456,182.1508962864482,22072600,-0.00922722985245561,-0.00927006443782205,0.015225996053116364,0.025080966866469274,0.02168788235143168,185.37994079589845,-0.9384863909998558,193.50331261044457,-1.7468575300975893
2025-02-13,185.0538482666016,185.1930307415901,182.0713536570594,183.2444760917504,21402500,0.01377915682474029,0.013685087389979752,0.017921370872655745,0.025274199069806685,0.021710327211908152,184.2943084716797,0.6900176440269623,193.336671375093,-1.282445326454976
2025-02-14,184.1491851806641,185.31235645121285,183.24450652785137,183.98017894508905,20448400,-0.004888647787719469,-0.004900636314063165,0.00964856949282221,0.02422924834350857,0.02170472160277828,184.27244262695314,-0.11177511687665674,192.84811183384485,-1.287831138266329
2025-02-18,182.6977081298828,184.87493192887973,180.67955437322223,184.51703191850004,29916700,-0.007882071535408985,-0.007913299262276343,0.009428376404256932,0.024131708723251995,0.021639927498757722,183.7355987548828,-0.9603664687219767,192.41541471935454,-1.3671395458020106
2025-02-19,184.18893432617188,184.3778280833638,182.51872941446396,182.99593948623905,19549400,0.008162260006178812,0.008129128922889925,0.010318919922231235,0.023897278917149826,0.021521891716649578,183.7256591796875,0.43089165098252397,191.9074438185919,-1.0568403987692114
2025-02-20,183.48309326171875,184.22871702508385,181.6538332696708,183.72169832710716,20441500,-0.0038321578168381,-0.0038395193466522885,0.009346337686522894,0.02370868766874916,0.021398697986540188,183.9145538330078,-0.4904861516432368,191.26881118047805,-1.0477690726183988
2025-02-21,178.61167907714844,184.25852872808807,178.0350615841012,184.0696349598782,35199200,-0.026549662412883812,-0.026908469762767423,0.012653362490010988,0.0242209867860634,0.021596594037663442,182.6261199951172,-1.7268457126846133,190.383058093843,-1.5116857725565847
2025-02-24,178.20407104492188,182.0514846282233,177.84617104858543,180.9280885264688,29854200,-0.002282090590786656,-0.002284698527973686,0.01281933412775887,0.02421928713887586,0.02150684514845827,181.43709716796874,-1.1469375282190586,189.49635750906808,-1.398998833099304
2025-02-25,174.3964080810547,177.6970428900285,173.67067193850428,177.0011153116827,41913400,-0.02136686856557468,-0.021598444748419963,0.014526835413581811,0.02419796923986991,0.02162695745624614,179.77683715820314,-1.3247392968013612,188.32276916503906,-1.658009308753374
2025-02-26,171.72210693359375,175.05256557173047,170.57882331320525,174.0484644370393,35431300,-0.015334611399897669,-0.01545340252851586,0.010804623542471714,0.022827389846735907,0.02081386070177904,177.2834716796875,-1.2411499016052445,187.41949971516928,-1.721015553684801
2025-02-27,167.51678466796875,173.5414214994902,166.96005475439284,172.97475539808346,39991000,-0.024489114073421137,-0.024793959651068034,0.009895800763446627,0.022579548999358046,0.020938650767883846,174.0902099609375,-1.4153663312922296,186.1507553827195,-1.8724398140632437
2025-02-28,169.28639221191406,169.61446843814767,165.79687899247813,167.6957223580091,48130600,0.010563762595209747,0.010508355915554546,0.014668156901791365,0.022849423959430237,0.020866296481168115,172.22515258789062,-0.6949934068542216,184.96107119605654,-1.5049923725408598
2025-03-03,166.0354766845703,172.35836613901347,164.96177675799476,170.92676623691273,40770500,-0.019203643511253032,-0.019390428643196393,0.014194792842234807,0.021607884798007085,0.020982743614063964,169.79143371582032,-1.1264684093876776,183.35809907459077,-1.6308242256234207
2025-03-04,169.92266845703125,172.27883449293637,164.8325488565178,165.2699838540156,45388000,0.023411814451231416,0.023141961636496625,0.020859308395100862,0.022092987200306273,0.021187461038546743,168.8966857910156,0.4673445900320638,181.79110499790735,-1.1849644953719798
2025-03-05,172.01040649414062,172.76596631858905,168.07350701574754,169.52499437059117,30954900,0.012286400961489807,0.012211535729598101,0.0211261917870756,0.022502668624722572,0.02124009278157127,168.954345703125,1.3346074117883127,180.45560927618118,-0.907782985148421
2025-03-06,171.34429931640625,173.78993608616386,169.50508847618397,169.53491220485785,28302000,-0.003872481853340992,-0.003879999324984139,0.016462579958031055,0.021265071516116472,0.02116465492613379,169.7198486328125,0.697614723061203,178.84458778018043,-0.9898046145583999
2025-03-07,172.8455047607422,173.94902837231132,169.2764565211612,170.26067003299855,27385800,0.00876133872165652,0.008723180907281768,0.016318922956017744,0.014993852777608598,0.021192068993216028,170.43167114257812,0.9005604137755023,178.01753670828683,-0.7169717945000706
2025-03-10,165.09205627441406,167.66992058295483,162.922287876859,167.47084644350338,43604000,-0.04485768083503627,-0.04589492430094734,0.026812638576487947,0.017410818353130852,0.021854115201235834,170.24298706054688,-1.6768304676111263,176.80849129813058,-1.6392140539686328
2025-03-11,163.2706298828125,165.96792640359425,160.6131542630149,164.13655982614347,39587400,-0.011032792447469464,-0.011094105085546237,0.023188053351040756,0.016371451026436702,0.021862209869757204,168.91257934570314,-1.282545410036519,175.80906822567894,-1.6691552553135518
2025-03-12,166.3262481689453,166.85376123322993,162.76303668655365,165.7987351046607,28372400,0.01871505174155308,0.018542079945537804,0.024690775656046483,0.017034521884733513,0.021940018793075763,167.77574768066407,-0.35146138969540913,174.90165492466517,-1.1513208035889828
2025-03-13,161.99664306640625,165.35084794741115,161.34969766951576,165.26125850902773,31756200,-0.02603079880778214,-0.02637559679210321,0.02605556661365913,0.01765351440311577,0.02216458150800865,165.90621643066407,-0.9265010580204928,173.84251258486793,-1.551862719322608
2025-03-14,164.7138214111328,165.70913119386128,161.68807116679395,162.50423247849787,31995900,0.016773053399709914,0.01663393916478564,0.02775411519480873,0.018315475839505987,0.021124796237820872,164.27987976074218,0.25855391451012555,172.99371265229723,-1.0881727068209686
2025-03-17,163.5194549560547,165.52003755245735,162.90236768488202,164.2559897412009,31184300,-0.007251161103820958,-0.007277578554760052,0.019195632807977602,0.01781677602423785,0.019900761966498436,163.96535949707032,-0.27274470453652216,171.96826535179503,-1.1496492457905934
2025-03-18,159.91644287109375,163.47965420375513,155.98497172829607,162.9123202600298,42074800,-0.02203414930614367,-0.022280527047893944,0.02109133423392991,0.018168648371689838,0.01996384247417083,163.29452209472657,-1.3690838069819167,170.81432524181548,-1.50471413822916
2025-03-19,163.12135314941406,165.09206267109968,160.24490789469397,161.0013380173548,34275600,0.020041155373270447,0.019842974887371814,0.021446301565125135,0.019064902868395697,0.020135607155669075,162.6535430908203,0.2581413282856652,169.88211786179315,-0.9815790960287508
2025-03-20,162.03643798828125,164.11663181906812,160.20507160674322,160.81221119039924,28138500,-0.006650969601380563,-0.006673185860935895,0.01777875110289448,0.01881176103462288,0.01955392753745615,162.6615020751953,-0.34558704814739205,168.82723708379837,-1.0858029519204293
2025-03-21,163.2208709716797,163.46969843906228,160.13540430124633,160.45391074936325,36625800,0.007309670578441674,0.00728308441524335,0.016000955948994196,0.019033912379650537,0.0195915160937803,162.3629119873047,0.5803941823284531,167.86236935570128,-0.862365386841244
2025-03-24,166.89356994628906,167.53058291242263,164.36548928265282,166.28644543898992,30879100,0.022501405321177392,0.02225198333111478,0.01870468109373212,0.019299833214556195,0.01935429761619993,163.03773498535156,1.5225756966658972,167.30436415899368,-0.08582155257026135
2025-03-25,169.7600555419922,169.82973452544573,167.53057106706197,168.1874640642974,24174400,0.017175530469062616,0.017029698504818055,0.011862086188835162,0.019800909061740563,0.019497772411231847,165.00645751953124,1.4718919185434851,166.9022681826637,0.6910209524847077
2025-03-26,164.28585815429688,168.81452147078184,164.06688875000268,168.20738179291607,28901600,-0.03224667528658531,-0.03277805402171498,0.022062504931663424,0.020483885237261912,0.01976635088493197,165.2393585205078,-0.3076797431146794,166.42081342424666,-0.5627276447090636
2025-03-27,161.4790802001953,164.6441583248392,161.24020036188836,163.85787020298363,24508300,-0.017084720411329912,-0.017232348115110877,0.0234903431095222,0.02054223465823227,0.019701848923785632,165.1278869628906,-1.1229206170935415,165.93305024646577,-1.1920765742485135
2025-03-28,153.6061553955078,161.06103088339665,152.90944160860735,159.737267094675,48669300,-0.04875507585829053,-0.049983705808168334,0.03129571516139198,0.02252280908259253,0.02052692552568385,163.20494384765624,-1.5527468744499475,165.27063932872954,-2.5471277020144516
2025-03-31,153.91470336914062,154.8104760939089,149.9533747075238,152.3918806247014,54603500,0.0020086953731661694,0.002006680642151189,0.02670642301613054,0.022322080073649303,0.020539418360826983,160.60917053222656,-0.9665864044511695,164.53865414574034,-2.081509115018215
2025-04-01,156.3333282470703,157.35849619606978,152.89949705290155,152.89949705290155,30672900,0.015714059962997684,0.015591872501159435,0.026263345457142838,0.02246274609837015,0.02063304491607131,157.9238250732422,-0.3346369865107536,164.07664707728796,-1.4359020619574
2025-04-02,156.30345153808594,157.6670363544579,153.97443014331054,154.42231653657922,25041700,-0.000191109018910951,-0.00019112728256644214,0.025230510136111172,0.021675169099139368,0.020627709459408405,156.32734375,-0.0075775115292368925,163.42811293829055,-1.3018343925424283
2025-04-03,150.01312255859375,152.06345870326516,149.68466844019127,150.4012928463012,46883400,-0.04024433828935281,-0.04107654596713503,0.02893041438865742,0.022776313465478176,0.021158887305462105,154.03415222167968,-1.5533996250474704,162.38062322707404,-2.117443247084538
2025-04-04,144.9171142578125,150.3614601277394,144.698144884866,147.3157993550897,62259500,-0.0339704168133077,-0.0345608208216712,0.02475256322732475,0.02356900427441738,0.021506875403986204,152.2963439941406,-1.517068194731062,161.12218584333147,-2.4518521961567767
2025-04-07,146.0617218017578,152.13311801627722,139.87089326407514,140.8861135726325,76794100,0.007898360037096985,0.007867331268627499,0.02568200912185583,0.02353940471295057,0.021458345008461957,150.72574768066406,-0.8566974353861438,159.84676760718935,-2.0227527230951723
2025-04-08,144.02133178710938,151.52597653644034,142.3591661655056,150.5107562403341,52200200,-0.013969368493531475,-0.014067858425472729,0.021188540365805905,0.021949654811058164,0.021135943757889613,148.2633483886719,-0.8411001470287476,158.84339977446058,-1.9713122657251818
2025-04-09,157.96563720703125,158.80169385849172,143.2350479950237,143.74265056471972,70406200,0.09682111147627892,0.09241609732678276,0.05399048035113726,0.030732100383786192,0.02442889647097015,148.59578552246094,1.6392820156848569,158.59078107561385,-0.08389484037116451
2025-04-10,152.10325622558594,156.98026834062628,149.2267962236283,155.80579483834862,48022000,-0.03711174838463138,-0.03781791585367139,0.0533546813556094,0.03134251534293524,0.02480778893890483,149.01381225585936,0.5220203414586746,157.91349574497767,-0.7895339241264506
2025-04-11,156.4029998779297,156.9305129193936,152.1032689303263,152.18288035899425,33636200,0.02826858384916342,0.027876401244107472,0.04960916443207672,0.03166244184134581,0.025111801501441173,151.3109893798828,0.8273009190815368,157.64713178362166,-0.17031406612740013
2025-04-14,158.32394409179688,160.96150910212248,156.8210165083235,159.24957495636372,30333000,0.0122820164278592,0.01220720440288871,0.04948540929164763,0.03154899728475879,0.02518443898253464,153.76343383789063,0.7625012927019095,157.34285191127233,0.13766308764732305
2025-04-15,155.57688903808594,158.90122048049952,154.48205725338974,158.38367026397722,27551500,-0.01735085030548622,-0.017503140455283218,0.05003021740878143,0.0317148782324053,0.025246561649505967,156.07454528808594,-0.20001401136173771,156.96463448660714,-0.19847436492610332
2025-04-16,152.61087036132812,155.1588613016161,150.7993990348029,152.381953334393,28187400,-0.019064648323387612,-0.019248722019890595,0.026435385135834898,0.03162649270207153,0.024954722540866527,155.00359191894532,-0.9133986451962981,156.61675008138022,-0.570675265346701
2025-04-17,150.45103454589844,153.9545141427958,147.8035068059891,153.56634392432957,33046600,-0.014152568623165385,-0.014253671264115636,0.021108601639542618,0.03131047687961842,0.024959028986802603,154.67314758300782,-1.3484177095228587,156.0134015764509,-0.797255354188021
2025-04-21,146.97740173339844,148.25139710913984,145.4147731874503,148.18173331794077,26049100,-0.02308812845976338,-0.023358834139696128,0.014159702919930576,0.03159610348251252,0.02494810806286023,152.78802795410155,-1.3185517220372815,155.29630461193267,-1.1717259369947752
2025-04-22,150.7595672607422,151.4761914872268,147.84330183044926,148.19166631370922,26971800,0.02573297311517453,0.02540745275337266,0.019949049161296337,0.032180350222702984,0.025163114722871638,151.27515258789063,-0.16364749763968345,154.7029091971261,-0.5696164959028244
2025-04-23,154.6214141845703,156.79118268922488,153.08862828359344,154.88018931651595,31128800,0.02561593266680684,0.02529334203513765,0.024479671142302473,0.032309955442288714,0.025427393692774972,151.0840576171875,1.2464702029842587,154.11852082752046,0.07937927710320182
2025-04-24,158.53297424316406,158.84151791059642,155.05933690516457,155.41764910962075,45894000,0.025297660606858452,0.02498297102433822,0.02433289312314206,0.03260954028499924,0.025685177651202633,152.2684783935547,1.4154060237521406,153.58389790852866,0.9257859016449113
2025-04-25,161.2003936767578,165.32097594255077,160.2846952290497,164.29580798857202,56034000,0.016825644294683917,0.01668566116386575,0.02110091635464012,0.032153908162138055,0.02574481044113184,154.41835021972656,1.1818479143042586,153.43697102864584,1.5305303577019738
2025-04-28,159.85671997070312,162.38480037619334,157.85615258510526,161.66817604969367,29745800,-0.008335424470172548,-0.008370358382157635,0.01454945128599986,0.03198659678081036,0.025252997589955625,156.9942138671875,0.6711907763265674,153.3597157796224,1.3112665256673168
2025-04-29,159.40882873535156,159.98611026905985,156.78121134684457,159.56808195579998,26809000,-0.002801829259562183,-0.0028057617302873613,0.015794272502565383,0.029926351867162485,0.02511182386170897,158.72406616210938,0.2752722791271103,153.6360335577102,1.125748771408386
2025-04-30,158.0552215576172,158.5230184445377,154.67115864825115,157.23906011670073,34981100,-0.008491419129498912,-0.00852767662655263,0.015465492211663271,0.03001028356965132,0.02511637674320894,159.41082763671875,-1.1059573303479333,153.83320109049478,0.8091230134487869
2025-05-01,160.54348754882812,161.19043289943403,158.16469753026496,159.69746807136784,30203200,0.015743016691820433,0.01562038083555397,0.01266195814025485,0.030010964742108653,0.024924310306886518,159.81293029785155,0.6112687834630787,154.03368486676897,1.2062555713637944
2025-05-02,163.2606964111328,164.19629023149636,161.11082318824108,162.64360907737185,25715000,0.016925064378449317,0.01678343134132222,0.012689348422910638,0.03019778596514076,0.02493984042317798,160.22499084472656,1.5767723138285292,154.36498224167596,1.548346869186731
2025-05-05,163.43983459472656,164.61429290949133,161.95681747402023,162.2355030126838,21341800,0.001097252354863354,0.0010966508134864772,0.011282737692564838,0.028541581188425435,0.02491088768808794,160.94161376953124,1.0543164156296236,155.00434948149183,1.4108227424360344
2025-05-06,162.46441650390625,164.02706019999394,160.43399116800987,161.40939053220953,21277200,-0.005968056032600644,-0.005985936053810404,0.011867340795138449,0.02725953991291005,0.02464436741419138,161.5527313232422,0.40212102239154934,155.83993530273438,1.158242332932054
2025-05-07,150.67002868652344,164.22614566911673,147.1466228745946,163.31046231573168,127490100,-0.07259674500538538,-0.07536679722436422,0.03802926540180114,0.03244691675598552,0.02462778316286445,160.07569274902343,-1.7476953317989465,156.05937848772322,-0.9970538436334223
2025-05-08,153.556396484375,155.19865159825923,152.18286408476257,154.27302076354474,57498700,0.01915688092060286,0.018975698151756974,0.03861008003258157,0.032456487267370805,0.02478548875294935,158.67827453613282,-0.8409765969012604,156.513429187593,-0.629468843898941
2025-05-09,152.03359985351562,154.32281585111178,151.4861763255997,153.44693820644628,32435300,-0.009916855733289709,-0.009966355272181005,0.03592135150144558,0.025251730011610213,0.02450616832507117,156.43285522460937,-0.7273853654968515,156.23095121837798,-0.8774571393464166
2025-05-12,157.71681213378906,158.35380985703912,155.5171705905775,156.7513603237849,44138800,0.03738129127869905,0.03669954853184507,0.04262672601166283,0.0251762574146769,0.024989075832407667,155.2882507324219,0.5055245054187236,156.49826340448288,0.2594082739176722
2025-05-13,158.78176879882812,159.81689948015563,155.42757968301973,158.045234090469,42382100,0.006752334457126086,0.006729639551929118,0.043088755243709774,0.02449159859819015,0.025011861633321548,154.55172119140624,1.1927434171996025,156.61153811500185,0.45944298743119383
2025-05-14,164.5944061279297,166.21676625125212,158.86142612462882,159.20979069166216,48755900,0.03660771241606464,0.03595356685389955,0.01988452065621043,0.025572858336172077,0.02545537758092242,157.3365966796875,1.4714083916593013,156.9101315452939,1.5289676709180366
2025-05-15,163.1910400390625,165.43048761806065,161.60848554094548,165.06221257775624,33146700,-0.008526207675468855,-0.008562763722074776,0.023004456301565585,0.0253076121479777,0.025393555788402845,159.263525390625,0.7904992785405623,157.27271016438803,1.138895175093446
2025-05-16,165.41053771972656,168.5557203255822,164.84320384513654,166.9433081258995,42846900,0.01360060993626111,0.013508951777039278,0.019482957012997848,0.02492119298775495,0.025465409706821696,161.93891296386718,0.9973489700607854,157.88221813383558,1.4018787076855568
2025-05-19,165.75889587402344,165.85843293399518,163.44978491746534,163.73841809182645,30426100,0.002106021533447411,0.0021038069788191583,0.016609541364895355,0.02458085277146569,0.025457282182752592,163.54732971191407,0.778309856922607,158.61116391136534,1.3360429341149909
2025-05-20,163.2109375,167.7097431716266,162.13600082515688,165.64944408137072,46607700,-0.015371472888911386,-0.0154908387778476,0.02025755274862917,0.024190020375992792,0.025486431787614065,164.43316345214845,-1.0171510768607073,159.38418942406065,0.8106326424147983
2025-05-21,167.76943969726562,172.32796100800184,162.79289003758296,162.9222851886465,73416000,0.027930126908716657,0.027547194789757777,0.01721948170857972,0.02428464898380022,0.02575365979637379,165.06817016601562,1.4012916328293223,160.19418334960938,1.6378227777026673
2025-05-22,170.06858825683594,175.94092545127197,169.90935022401754,171.0440028391721,74864400,0.013704215521724628,0.013611161947165332,0.016048234242154815,0.02392993516412038,0.025612455007096132,166.4436798095703,1.398220848229821,160.9297630673363,1.8597780240907766
2025-05-23,167.6798553466797,169.1628725233235,167.10257379846712,168.26708452621156,35211400,-0.014045703175643465,-0.014145277558908733,0.018381096294603223,0.023780996293860737,0.025667240484303546,166.89754333496094,0.3050040814822918,161.36532883417038,1.2398478891106206
2025-05-27,172.0890655517578,172.3578034614341,169.20267308577203,169.3619263053745,37995700,0.026295407972305673,0.025955627307291028,0.021076901509306942,0.02413750633190074,0.02574980490166808,168.1635772705078,1.184164787416126,161.8838370186942,1.8210628813233967
2025-05-28,171.55160522460938,174.4479605139837,171.10371883250124,172.34785613681433,34784000,-0.003123152103971405,-0.003128039321839625,0.01824048619013125,0.024039720438024777,0.025678856958089948,169.8317108154297,0.8344371985631895,162.44073631649925,1.5281240842398722
2025-05-29,171.05397033691406,173.60196140461508,169.82974333850962,173.1839330438727,29317300,-0.002900788290752354,-0.0029050037311466673,0.015827889381577004,0.02404100330330387,0.02548554707187656,170.48861694335938,0.3253705157829431,162.99526686895462,1.2992191617481046
2025-05-30,170.93450927734375,171.40230609492238,166.65467413099773,170.54633906565317,52639900,-0.0006983822669244244,-0.0006986262494217816,0.014894098012572167,0.02390781583992141,0.0254524591307899,170.66180114746095,0.15778374561919417,163.6085662841797,1.1581845984808214
2025-06-02,168.23724365234375,169.07330038538143,166.60493590284045,167.05282235359456,38612300,-0.01577952653564907,-0.01590534862848725,0.0153556490060126,0.024112786837902238,0.025413053091582077,170.77327880859374,-1.7027135978655126,163.97493562244233,0.6699984082556438
2025-06-03,165.40060424804688,167.68982022650283,164.50483134601953,166.70447307171773,45084900,-0.016860947925173342,-0.017004711997920235,0.007851094670322002,0.024220109825315122,0.025331944263580573,169.43558654785156,-1.5513260762335992,164.07683599562873,0.20791760279618257
2025-06-04,167.2618408203125,167.43104169003885,165.57976456796413,165.9579872104258,26900800,0.011252900681513633,0.011190057798330492,0.011704994534864654,0.024329940382810687,0.02532404931185329,168.5776336669922,-0.5413845921519752,164.2588362920852,0.4690580645455116
2025-06-05,167.4210662841797,170.12829493792012,166.80396388771035,169.54106580736408,36379100,0.0009519533151511883,0.0009515004949470851,0.012006078133264556,0.02427594432230745,0.0253207926826953,167.8510528564453,-0.21370423329462515,164.49486723400298,0.4555054292660999
2025-06-06,172.8654022216797,173.68156356382352,170.02877834744078,170.02877834744078,35731800,0.032518822501457656,0.03200127571251072,0.020415127353983226,0.01771172129020232,0.025623622358642333,168.2372314453125,1.6602420260791821,165.55178978329613,1.25348678808321
2025-06-09,175.47628784179688,175.85496833236684,173.76228116584014,173.93168685751374,28935900,0.015103575305190464,0.014990651923206625,0.018090864756679124,0.017592815150257318,0.02500537115505969,169.68504028320314,1.355562444163662,166.59559413364954,1.6046496867298317
2025-06-10,177.97755432128906,180.4788010649628,174.30041217393423,175.58590961128442,61766100,0.014254156560157272,0.014153521257380043,0.011192063243083012,0.017258206074332674,0.02501125051673239,172.20043029785157,1.2060527156859597,167.83102053687685,2.03332411910176
2025-06-11,176.73190307617188,179.74136677669094,176.133988123354,179.14346702948194,31646800,-0.006998923262359846,-0.007023530609616639,0.014939398419291035,0.016162351158861697,0.024935410370075423,174.09444274902344,0.6305243112888512,168.73650105794272,1.6712727947358788
2025-06-12,175.08763122558594,176.1040804857289,174.140945293723,175.56595402805004,20941900,-0.009303763621428596,-0.009347313962047738,0.017210989791373928,0.016474983926578844,0.024725696609200976,175.62775573730468,-0.2818854005544308,169.51297069731214,1.268416985565143
2025-06-13,174.06126403808594,176.5126974991646,171.78921117445762,171.83903996295,27663100,-0.0058620199514699545,-0.005879269033099171,0.01211202153308562,0.014960854263315875,0.02466213555439597,175.86692810058594,-1.18911796106063,169.9637734549386,0.9418360713268937
2025-06-16,176.15394592285156,176.3233516338636,174.0413239615484,174.1210469794854,27389200,0.012022674294194013,0.011950976043321394,0.01130757271178169,0.014860607563332514,0.024678577984564798,176.00245971679686,0.10064925318832454,170.5810546875,1.308122646714151
2025-06-17,175.3367919921875,176.74188163753837,173.97157145760983,175.08766326949169,24973000,-0.004638862481240902,-0.004649655394629797,0.008529652783100585,0.014785749998703681,0.024507603575085093,175.47430725097655,-0.13406434915495616,171.05373346237909,1.0177865266572996
2025-06-18,172.71595764160156,175.94465595934807,172.596365522182,175.39656976170295,28707500,-0.01494742957714612,-0.015060268246559746,0.010093660915091106,0.015290504709542761,0.024479859134672672,174.6711181640625,-1.4769123354001898,171.38502211797805,0.3293530475850127
2025-06-20,166.05921936035156,173.73237998796506,164.88333923967906,173.34373983894176,75659900,-0.03854153589596643,-0.03930391394617636,0.018775292415683677,0.01738830410513467,0.024982867673968297,172.8654357910156,-1.692339661401683,171.5206545875186,-1.4398006833240684
2025-06-23,164.6143035888672,166.75680460442126,161.43541853179397,165.6905415370858,57671000,-0.008701207780273168,-0.008739284324208224,0.018639029270744116,0.01637326924373003,0.024993108261884427,170.97604370117188,-1.1942797869684632,171.3704100109282,-1.6866101823857784
2025-06-24,166.18878173828125,167.63372519441324,165.5510128580625,166.3382528798913,40524300,0.009564649699860928,0.009519198027638396,0.017902380217727498,0.016215477376382296,0.0248625141176285,168.9830108642578,-0.5899039557549745,171.18565731956846,-1.2024871931445404
2025-06-25,170.0851287841797,171.7592814568519,166.96604798303133,167.04577098702603,35479000,0.023445307229187806,0.023174687690117685,0.023930718655075622,0.016750391449835585,0.02494259454704779,167.93267822265625,0.6411995365551014,171.3001941499256,-0.297331679762686
2025-06-26,172.9351806640625,173.08466701517526,169.34773632150527,171.8290485705118,31796700,0.016756620054062532,0.01661777677889842,0.025123110512963474,0.01615933504334335,0.02466951489265687,167.97652282714844,1.443351466249968,171.34048534574964,0.38905591177597576
2025-06-27,177.9077911376953,178.057262279745,171.13148726193396,172.93517666884486,108140200,0.028754186710524987,0.028348542707325425,0.014438040750413767,0.01725464365072468,0.02479975650738431,170.3462371826172,1.4158661683675293,171.64316086542038,1.4425708740177072
2025-06-30,175.6157989501953,180.59837295030212,173.9715556124037,180.1499443314144,63378900,-0.012883034367652146,-0.012966740356843642,0.01611334180130319,0.01752739813464685,0.023984500168405958,172.54653625488282,0.6666246825093549,171.86039079938615,0.8486695932159645
2025-07-01,175.2271728515625,175.47630157156493,172.9252259116377,175.12753048692775,35904500,-0.0022129335797573813,-0.0022153857355781507,0.017528349897693512,0.017538965126559836,0.023990735325851494,174.35421447753907,0.29418935479600183,172.06480335053942,0.7060492815043625
2025-07-02,178.01739501953125,178.23662948182692,174.4598452552033,174.92819320035304,29128900,0.01592345594899469,0.01579800768531356,0.016483812543851832,0.017358214463850347,0.023992624835385282,175.94066772460937,0.9836363085463713,172.53052484421502,1.2009835872199996
2025-07-03,178.90431213378906,179.0438236063814,176.43295953117723,177.8779030413717,21689700,0.004982193533168422,0.004969823476631273,0.0159738358014461,0.0167637109029896,0.023993619259168677,177.13449401855468,1.094752590180472,173.1735585530599,1.2837534687044239
2025-07-07,176.17385864257812,178.67512071867887,175.06772651945082,178.43595167386934,34175600,-0.01526208875931978,-0.015379753174301278,0.012890622693454232,0.01717081041285185,0.02345951038983873,176.78770751953124,-0.3848299623124277,173.59794035412017,0.5998395431130686
2025-07-08,173.75233459472656,177.32981935448504,172.20773349396308,177.23017699013243,40442500,-0.013745081514984325,-0.013840419777438268,0.013081648131815409,0.017535816219851525,0.023072874759697,176.4150146484375,-1.279483655158655,173.89942932128906,-0.036278827281915914
2025-07-09,176.0044403076172,178.81461936142807,172.16786742488128,174.63921988812407,43025600,0.012961585340096837,0.012878302869413298,0.01469951596169848,0.016343277878597604,0.02309896572536907,176.57046813964843,-0.2833684505416334,174.04890732538132,0.48019673859919876
2025-07-10,177.00094604492188,177.8081205641565,173.77224796798342,175.0178914126315,29252400,0.0056618215742909594,0.0056458537056518696,0.012688199877674427,0.016064041152591954,0.0229978802103061,176.36717834472657,0.3406532538416203,174.1215100969587,0.7001716856983998
2025-07-11,179.56201171875,180.797680390592,175.86493496639972,176.17385213436023,34282900,0.014469220255908244,0.014365540006721935,0.014400486407848585,0.016073173475974138,0.020028929629260825,176.49871826171875,1.4633446631004468,174.19696044921875,1.2772866628040134
2025-07-14,180.9272308349609,183.02987774300456,179.05377808117527,180.3791446351184,32536600,0.007603050907834863,0.007574293387560589,0.011305522218483882,0.016050714007339414,0.019378076175784697,177.44939270019532,1.2198108404602843,174.39673796154204,1.4771784108272148
2025-07-15,181.36569213867188,183.5779561932956,180.9670923041272,182.17286668727075,33448300,0.0024234124497872767,0.002420480721405779,0.004987689106816154,0.0158715260514811,0.01910933194469025,178.97206420898436,1.0071791498644638,174.69569324311755,1.4267525244222297
2025-07-16,182.33230590820312,183.68756658300003,181.39557960576292,182.60136914957832,33104200,0.005329639570377909,0.005315487303454199,0.004477822911753279,0.01579282726015658,0.01907168537170815,180.23763732910157,1.014027838228305,175.0895523797898,1.4606346215129407
2025-07-17,182.9402008056641,183.41852368346133,179.85099864083438,181.50521696666212,31992600,0.0033339944582668757,0.0033284490209627674,0.004771641637423128,0.015638259043768435,0.018903690347127116,181.42548828125,1.1582404503834929,175.41270737420945,1.435348080662172
2025-07-18,184.4150390625,185.77029989137577,183.069753113896,184.7538504683164,34014500,0.008061859833654594,0.008029536648777879,0.00248977929287401,0.015621548301686055,0.018707215131389357,182.39609375,1.46512613301603,175.84500485374815,1.530388131031022
2025-07-21,189.43746948242188,189.6267945216304,185.50122385959315,185.6008814217948,45803100,0.027234386335594385,0.026870129187255436,0.01011347644705892,0.015953901616003952,0.018812476659497306,184.0981414794922,1.677282341556685,176.64126732235863,2.037532954424048
2025-07-22,190.67315673828125,190.98207392344648,186.80668927782472,190.8326027711441,44660200,0.006522929488213203,0.006501747247271114,0.009580913282294714,0.012419674260520956,0.018494301891790528,185.95963439941406,1.2275786847826156,177.81335957845053,1.9785551028775312
2025-07-23,189.5670166015625,191.8590038090936,188.520672962732,190.8325947249331,58681900,-0.005801236816134758,-0.005818129353856192,0.01194628217832569,0.012254760059564291,0.018332625664371938,187.40657653808594,0.6213371991320438,179.0015840076265,1.6927160540265267
2025-07-24,191.500244140625,197.26009837341093,190.33432366848064,196.34330659716775,74881700,0.010198121876475064,0.01014647188999491,0.011697322661523022,0.012262683850650517,0.01814234869568224,189.11858520507812,0.8622874208621457,180.20689174107142,1.8557157904329806
2025-07-25,192.50672912597656,193.65273031316045,190.59342246149265,191.31091436137527,39785900,0.00525578956762307,0.00524202610979608,0.01182951431827987,0.011671940033498059,0.017932750334690023,190.73692321777344,1.3597608911937369,181.27458699544272,1.8154009265152462
2025-07-28,191.9088287353516,193.3737067591464,190.17488744855515,192.97509170180885,38139500,-0.0031058674849423484,-0.0031107007015072877,0.006757031117581856,0.011559290716580864,0.017863844404239316,191.23119506835937,0.5920818677884246,182.17809404645647,1.5463026214014004
2025-07-29,195.0677795410156,195.23718523880464,191.41057191018163,191.7593429801203,41389200,0.016460685141381992,0.01632667664512116,0.009174334960998719,0.010600883625603843,0.017886448479226394,192.11011962890626,1.4888722838510493,182.9952363513765,1.774319765730868
2025-07-30,195.84506225585935,196.911340444062,194.0114785811888,194.9183107440436,32445400,0.003984680179744071,0.00397676236800554,0.0072486861860362765,0.009831055850466067,0.01787036714117634,193.36572875976563,1.2642199879804827,183.95853460402716,1.6668389509354058
2025-07-31,191.23118591308597,195.30694304131825,190.42401135006776,195.0279201110307,51329200,-0.023558808629781214,-0.02384075437015978,0.014895607684710016,0.011616241386967907,0.01813556039516909,193.31191711425782,-1.0261522832667052,184.7206304640997,0.9293529412973124
2025-08-01,188.47085571289065,190.16492789219944,187.16542371122097,188.371198147092,34832200,-0.014434519071852003,-0.014539710225156379,0.015668856542641562,0.011977614161857783,0.018195671302078498,192.50474243164064,-1.345073654567449,185.21841430664062,0.4730455198745922
2025-08-04,194.3602600097656,194.58946938551787,189.45740851119675,189.6268142200501,31547400,0.031248355479674972,0.03077006397910639,0.022230238100979238,0.013452608869553316,0.01845566132482248,192.99502868652343,0.443745272110528,185.95441182454428,1.2021918954636592
2025-08-05,193.9915313720703,197.17041596913077,193.21425105621583,194.03140047861143,31602300,-0.0018971400721359277,-0.001898941921630482,0.020855936267249485,0.012789611179096997,0.01846389313238965,192.77977905273437,0.4136421189789046,186.80287243071058,1.0532857671002296
2025-08-06,195.40660095214844,195.94472750739843,192.9950367452259,193.8221459278432,21562900,0.007294491517591428,0.007268015389639094,0.02110691177254984,0.012078599255398208,0.018438586120132567,192.69208679199218,0.9628454174162917,187.83402797154017,1.187727145459981
2025-08-07,195.83511352539065,196.8515477811631,193.6527434490137,196.37322488399897,26321800,0.0021929278292249776,0.0021905268724354923,0.016630063617224664,0.011981050673392451,0.015478105166449352,193.6128723144531,0.7480754102351391,188.7783457438151,1.1774871898345993
2025-08-08,200.71800231933597,201.9038573236332,196.48281456433625,196.53264334375208,39161800,0.024933673568771075,0.024627901783278314,0.014333769512163466,0.012718887988591023,0.015581395413019002,196.06230163574222,1.7189733396077287,189.90772937593005,1.833301556276011
2025-08-11,200.29946899414065,200.77779182670545,198.3762027845806,200.2396805407711,25832400,-0.002085180802713693,-0.002087357819045257,0.011078304333060982,0.012683723334525294,0.015496827951838904,197.25014343261722,0.9979842925674397,190.89522734142486,1.6177253407262837
2025-08-12,202.63131713867188,203.7872779637538,199.8909014203329,200.66818175308575,30397900,0.011641808918621877,0.01157456445609583,0.010280454758719526,0.012750955113817651,0.014965773095143785,198.9781005859375,1.1445225033633473,191.92875526064918,1.8197260599468024
2025-08-13,201.25613403320312,203.81716914109543,196.82163104540848,203.41856930663727,28342900,-0.0067866266917054885,-0.006809760569369573,0.012470275389012164,0.013014966351228842,0.015022721232097474,200.14800720214845,0.43179877662021177,192.87591916038878,1.4717963848907907
2025-08-14,202.2327117919922,203.72748396129663,200.5286648285173,200.7977280765625,25230400,0.004852412392200467,0.0048406773859373245,0.012328754601747836,0.013014721909292318,0.014447812618863578,201.42752685546876,0.8151552506002098,193.82355753580728,1.5277682253606004
2025-08-15,203.1893615722656,205.7205176785909,200.57849766290207,203.13954799676895,34931400,0.004730440351595533,0.004719286978382665,0.007079078830398645,0.013009687424788438,0.014369071624241017,201.9217987060547,1.103077365888915,194.78780328659784,1.5939168539606647
2025-08-18,202.79074096679688,204.5545762391642,201.7842665962138,203.48829821401324,18526600,-0.001961818288045314,-0.001963745174088923,0.007059471037309669,0.013075892947679548,0.014327053493691662,202.42005310058593,0.5040129121988368,195.66283671061197,1.4312523720146684
2025-08-19,200.86749267578125,202.73097045946375,199.2631032623919,202.3223957479328,24240200,-0.009483905832419204,-0.009529164446934822,0.0065469640919366065,0.012358331844119145,0.014416539792691967,202.06728820800782,-1.2139480037120414,196.2071235293434,0.9531251726021064
2025-08-20,198.62533569335935,200.57849617106172,195.9148142419443,200.03040999419304,28955500,-0.011162368547313672,-0.01122513530397241,0.007611533076338481,0.012692998788396725,0.014337860793310196,201.54112854003907,-1.5748322388000817,196.58579871768043,0.42979600201185847
2025-08-21,199.0538482666016,201.77432964491464,198.73495620472804,199.0538482666016,19774600,0.0021573913103603015,0.0021550674833965,0.007024535797856132,0.012567784246340767,0.013992777492472885,200.90535583496094,-0.887746129291807,197.03755260649183,0.4492256581517552
2025-08-22,205.37173461914065,207.81319287530533,200.59843534470969,202.0234442317804,42827000,0.031739584075145544,0.031246294203564805,0.017166926768239516,0.013987555394908846,0.014385179780267227,201.34183044433593,1.44343060510504,197.6980997721354,1.6500624175461167
2025-08-25,207.76339721679688,209.78632124970213,204.56457769360568,205.710563747695,29928900,0.011645529517932518,0.011578242232593478,0.017424598099718438,0.014098756004780827,0.014255334934339623,202.33636169433595,1.3424623940446607,198.4246077764602,1.875612512515622
2025-08-26,206.41807556152344,207.12560776169755,204.9830918131657,206.7867811726176,28464100,-0.00647525826635198,-0.006496313693261056,0.016842173722164063,0.014198715235795998,0.014011467471380835,203.44647827148438,0.692233483523283,199.1155242919922,1.4500546628577882
2025-08-27,206.7568817138672,208.18190575216585,204.93325784693596,204.9830866269172,23022900,0.001641358933427206,0.0016400133760136094,0.014473654925350563,0.013892213870687953,0.013991315001139924,205.07278747558593,0.48513461933527524,199.67214820498512,1.3600163918215653
2025-08-28,210.9023895263672,211.4803699291827,206.17890394821848,206.5276902069273,32339300,0.02005015638723462,0.01985179901589228,0.014838640113707346,0.014384301845919881,0.014130447713532288,207.44249572753907,1.6364096541347395,200.38916378929503,1.8535596356296729
2025-08-29,212.16796875,213.90189476250455,209.46740696384475,209.77632411753885,39728400,0.006000781814160527,0.005982848828498491,0.009960541220067455,0.012947649194093596,0.01412484124919206,208.80174255371094,1.303269224805823,201.38615344819567,1.852598262514959
2025-09-02,210.6134033203125,210.9422398144114,205.48134311686184,207.71354168202487,47523000,-0.007327050538525226,-0.0073540252173143125,0.011087576324013226,0.01249390127379575,0.013976343704306523,209.37174377441406,0.4755856622730142,202.44056047712053,1.5277016409687851
2025-09-03,229.8560943603516,230.50382286131364,224.00654247682164,225.4216067933748,103336100,0.09136498787199088,0.08742919524075142,0.038135058264581544,0.0212917179425966,0.0172961678158284,214.0593475341797,1.7437109078178672,204.13083830333892,3.3228863756592615
2025-09-04,231.4904022216797,231.5601503541196,225.3219728799244,228.84962875122605,51684200,0.007110134999361639,0.007084977169494353,0.03749822139782543,0.021173063513924527,0.01728105350409039,219.00605163574218,1.1686929935060233,205.91649881998697,2.712732643302232
2025-09-05,234.1809844970703,234.9383302920627,231.09178244912047,231.3907399385365,46588900,0.011622867512295798,0.011555840849098406,0.03783221318618775,0.02118211809943051,0.017291058176292094,223.66177062988282,0.9291606119772138,207.76289803641183,2.4144830970095312
2025-09-08,233.43292236328125,237.512324973524,233.06388696786647,234.85922103336077,32474700,-0.003194376073683336,-0.003199488984209509,0.03894623421420814,0.02129626382001826,0.01698115553708899,227.91476135253907,0.5620204531420961,209.5532698858352,2.002633202683122
2025-09-09,239.00840759277344,239.84622499047865,232.62499998265747,233.56256406927383,38061000,0.023884742447833895,0.02360396407910402,0.03604102921942502,0.021258300683173106,0.017099052935000917,233.59376220703126,1.5617178474179376,211.37662251790366,2.0700950724958735
2025-09-10,238.5496063232422,241.0331528996711,237.23303823372945,238.28030242478397,35141100,-0.0019196030556086763,-0.001921447854787033,0.01094502391191926,0.021254272201766584,0.0170787385170031,235.33246459960938,0.9749119301841588,213.19805762881325,1.768598420397666
2025-09-11,239.7464904785156,241.62161874698785,235.63718236935347,239.25777124796903,30599300,0.005017338631243096,0.005004793731614775,0.0110005634302256,0.0212523553375928,0.017013246613327926,236.98368225097656,0.9387354386447342,214.96544683547248,1.6274838488669887
2025-09-12,240.17539978027344,241.4520784124984,237.38265956507763,239.746507229255,26771600,0.0017890118053522919,0.0017874134297903453,0.010857613965797208,0.021034306506502298,0.01692106685688861,238.18256530761718,0.7302026763509437,216.81874520438058,1.4753683047903403
2025-09-15,250.9573516845703,251.7552796155814,244.0253822711298,244.0253822711298,58383800,0.044891991078856774,0.04391352225571103,0.019166818363158478,0.022386634129916348,0.017554905973842867,241.687451171875,1.7757254823046107,219.1389661516462,1.8601051571681184
2025-09-16,250.50851440429688,252.38362748338088,248.8228956960496,251.42612617048883,34109700,-0.0017885002262758576,-0.0017901015023454574,0.019505422818495648,0.022512181031661523,0.017562707196592187,243.9874725341797,1.0537310199514547,221.3922591436477,1.618178091918492
2025-09-17,248.88275146484372,250.94738946798665,245.64118152849247,250.56837026682,34108000,-0.00648985102689692,-0.006511001669414321,0.02026454653263905,0.02265412070934165,0.0175817652174334,246.0541015625,0.5035329436847414,223.58711678641183,1.3734982094108306
2025-09-18,251.3762664794922,253.33118919660149,249.15205506430715,251.0271682452624,31239500,0.010018834169794655,0.009968978372168015,0.020173061063181362,0.022219738282083942,0.017390046351557623,248.38005676269532,0.6398158459170634,225.99229649135046,1.3648235899364027
2025-09-19,254.0592803955078,255.33595897283527,251.1568250217611,252.5930922260568,55571400,0.010673298452519298,0.010616740883876867,0.01971322277834416,0.021646863538818995,0.016403794839107116,251.15683288574218,1.5456979401799251,228.6320081438337,1.3779015532688563
2025-09-22,251.87496948242188,255.11653941381564,249.6507580677981,253.7700350469374,32290500,-0.008597642682784512,-0.008634815632487303,0.009077295236569754,0.022010280312122526,0.016402209045071694,251.3403564453125,0.28165403676264916,231.14729963030135,1.163885543604531
2025-09-23,251.00721740722656,253.7002107757565,249.8302703204236,252.38362744671,26628000,-0.003445169946733717,-0.0034511182104971978,0.009221822830565064,0.02173136132507433,0.016448241710231112,251.44009704589843,-0.23321761061737373,233.32041785830543,1.023359447887132
2025-09-24,246.4989471435547,251.69543970951247,245.80076590550527,251.00722705371743,28201000,-0.01796071965674917,-0.018123971078121213,0.012334092106712479,0.022544485884943156,0.016597093031445638,250.9633361816406,-1.6162397934287231,235.16496785481772,0.6882897662568892
2025-09-25,245.1524353027344,245.8506317386469,240.1155467413105,243.76604145127703,31020400,-0.005462546012564129,-0.005477520273656716,0.01039181358727786,0.02251248642760483,0.016600191867661512,249.71856994628905,-1.2163607998413017,237.00946117582777,0.5354741816165909
2025-09-26,245.90049743652344,248.7730319241888,245.33198386371188,246.42913668030897,18503200,0.0030514162866270844,0.003046770165051167,0.0077645371752553295,0.022494109174100566,0.0163435369669328,248.0868133544922,-0.7020673581448904,238.8734428769066,0.5155295763107349
2025-09-29,243.4169464111328,250.4985201433971,242.1402679011131,247.20709239615744,32505800,-0.01009982107104812,-0.010151170301818627,0.007895894146814384,0.022672908613308278,0.01629701566133551,246.39520874023438,-1.0539524557974698,240.42175510951452,0.24857139990163304
2025-09-30,242.4694366455078,242.6589310263489,238.6294169517045,242.18018034462705,34724300,-0.003892538213114638,-0.0039001338572821234,0.007850259055941564,0.022793569263459008,0.016310726724529646,244.68765258789062,-1.3080629382657276,241.86468215215774,0.0595007575722783
2025-10-01,244.2647399902344,245.66111761710096,237.9910625183314,240.12551089529904,31658200,0.007404245951836641,0.007376969083124447,0.006988964461883506,0.022576149050047276,0.016256518907110256,244.24081115722657,0.017589606820452037,243.46712675548736,0.11054238807235474
2025-10-02,245.0526885986328,246.16977847594512,241.6714827842888,244.5140808226371,25483300,0.0032257975851526233,0.003220605862091404,0.006933595079010461,0.013059975640698308,0.01625810276932281,244.22086181640626,0.6187704701866472,244.1907741001674,0.1324055997124949
2025-10-03,244.71360778808597,245.66114059757743,241.0331766174326,243.85583788051036,30249600,-0.0013837057348193849,-0.0013846639396173188,0.006713504340835289,0.013059870174187884,0.016069754545196373,243.98348388671874,0.6986361076585822,244.82045055571058,-0.018348235319920816
2025-10-06,249.7803955078125,250.6681015230512,243.94557911341744,244.14505728413704,28894700,0.020704969231274628,0.02049353486973599,0.009600939234850586,0.013502894082861,0.015995074404506038,245.25617370605468,1.6644530359749754,245.5632796514602,0.7844698610607537
2025-10-07,245.1225128173828,249.7903811872092,244.88314509840285,247.62601181924765,23181300,-0.018647911422191688,-0.018823975982269158,0.014294672803543124,0.014274109883704035,0.016263976363741668,245.7867889404297,-0.2941650835777528,246.11992681594123,-0.2164927738592525
2025-10-08,243.9854736328125,245.37186749350337,243.18756093367097,244.3246032710778,21307100,-0.004638656692530718,-0.004649448646866444,0.014212426683820303,0.0134776555362332,0.016311668343574767,245.7309356689453,-0.756222391053346,246.35692996070497,-0.5459790725149191
2025-10-09,240.9034881591797,244.12510552114733,238.5296568297252,243.8358644557508,27892100,-0.012631840034341812,-0.012712300015502052,0.015009501118544637,0.013795815605154553,0.016419826868688796,244.90109558105468,-1.2530672907673874,246.4690195719401,-1.3383931220586343
2025-10-10,235.9563446044922,243.45682676282496,235.22822726703515,240.80372315157257,33180300,-0.020535790463185877,-0.020749581788542158,0.01675180280675088,0.014499115311469541,0.01672382402643774,243.14964294433594,-1.4016774761316606,246.28853643508185,-2.280663668740983
2025-10-13,243.5166931152344,243.8657913377574,239.0882228174084,239.5869258671789,24995000,0.03204130206125555,0.03153868763572265,0.021411435782657362,0.01612293906734422,0.017072166067226835,241.89690246582032,0.4422146720732076,246.44764564150856,-0.6721754283604358
2025-10-14,244.81332397460935,246.47899033376285,239.88613541009548,240.60426901896764,22111600,0.005324607700554429,0.0053104820969843945,0.020225828269527932,0.012803553578093414,0.01707216306109232,241.83506469726564,0.8280185510364401,246.15507289341517,-0.3159035691338713
2025-10-15,250.37884521484372,251.4560455996756,245.3519253048375,246.6086514775368,27007700,0.02273373503482845,0.02247917453281684,0.022285288115661762,0.013802124376102542,0.01721763509961932,243.11373901367188,1.3733056958504515,246.14889817010788,0.9974453456375779
2025-10-16,250.8077545166016,256.2934730642366,249.4512815582133,251.1169479847501,27997200,0.0017130412970385311,0.0017115757152918422,0.020230025278419304,0.01372533240256529,0.017217993193770927,245.09459228515624,0.9435834742730433,246.24056498209634,1.0565251645055442
2025-10-17,252.64295959472656,253.5605713492617,247.16719481275436,250.10953966399788,29671600,0.007317178376968769,0.0072905377047009215,0.012752200472009926,0.013643845131632288,0.0169898792203453,248.43191528320312,1.0493101410294556,246.30088370186942,1.4393789996375046
2025-10-20,255.8845367431641,256.6625123260812,253.5705623788801,254.0293759063695,22350200,0.012830664878362263,0.012749049277982365,0.008082011519278771,0.01373258172513411,0.017019540857447744,250.90548400878907,1.2331501374096994,246.38780067080543,2.0729184030642602
2025-10-21,249.8103485107422,254.21888182305855,243.51670298346056,254.07924557223265,47312100,-0.023738004295737025,-0.024024290370556547,0.01746025943741468,0.014617620931604203,0.017351810460975312,251.90488891601564,-0.8497635647436593,246.28948538643974,0.7861354804865447
2025-10-22,251.03713989257807,255.69500926260116,248.6433561577788,253.710180894347,35029400,0.004910890958478964,0.004898871867046125,0.014303900305588523,0.014643788580015929,0.017336272524516246,252.0365478515625,-0.42008744748695737,246.29091026669457,1.0593604951472044
2025-10-23,252.4235382080078,254.3784456458486,251.19673296350095,252.3237915100895,19901400,0.005522682086096964,0.005507487993144891,0.014482235329185038,0.014078004185434175,0.017336538179084943,252.35970458984374,0.02802177630623159,246.57303365071616,1.2511018129430729
2025-10-24,259.2458190917969,261.0012332121926,254.65774472843228,255.9144557753844,28655100,0.02702711851763695,0.02666833616511965,0.018521028141791802,0.015038418531149268,0.017536008737502187,253.6802764892578,1.444549025542813,247.24414716448103,2.216316949685703
2025-10-27,268.571533203125,269.43930209007345,263.59448643744673,264.1330942614516,35235200,0.03597247640867818,0.03534057631128716,0.0230397317588301,0.01664508542439469,0.01789793441374736,256.21767578125,1.581507226270213,248.32372029622397,2.8421625037825478
2025-10-28,266.77618408203125,270.0277373828665,265.80869904433325,268.9904266199372,29738600,-0.006684807952955674,-0.006707251357456215,0.017291372660716838,0.016513067254481182,0.017959027862469636,259.6108428955078,0.8940363688629517,249.4360649472191,2.1462534331931766
2025-10-29,273.8577880859375,274.6257797911847,266.97569238760303,267.05547147917497,43580300,0.026545113193945147,0.026198905068321544,0.017376553606245664,0.017057230672618284,0.017772717244270306,264.1749725341797,1.1527044430419526,250.93074834914435,2.412399301648779
2025-10-30,280.7498779296875,290.8336389163956,279.3335478851562,290.8336389163956,74876000,0.025166674615757945,0.024855208752126386,0.016178670873255783,0.01755727838116576,0.017742111916744664,269.8402404785156,1.3573550690047655,252.66813587007067,2.4687244450303756
2025-10-31,280.46063232421875,285.2581533777713,276.3114191679317,282.47538175038454,39267900,-0.0010302608414355374,-0.00103079192493726,0.018451263486227828,0.0176229340362808,0.017485965629824355,274.083203125,0.981322974182653,254.35422842843192,2.0503094392066505
2025-11-03,282.9840393066406,284.78934178113053,279.07419428639605,281.44802550171426,29786000,0.00899736608845969,0.008957130950284472,0.014865618535296162,0.01753802915916597,0.01746213682776851,276.9657043457031,0.9066793458317685,256.1766299293155,1.9198366210747633
2025-11-04,276.8200988769531,280.5404041676455,275.5434202802167,276.03213953132416,30078400,-0.021781936694345805,-0.022022665185938713,0.01998298603746141,0.01832885109951188,0.01781403726798205,278.9744873046875,-0.5960364876800615,257.46423485165553,1.3278099907001095
2025-11-05,283.5725402832031,285.6770830892533,276.6206181949745,278.1466483880774,31010300,0.024392887054243362,0.02410013179535026,0.01950549977958161,0.017940852492623286,0.01796108080463387,280.9174377441406,0.9974024293473274,259.2951885405041,1.5821875712894695
2025-11-06,284.0113525390625,287.60202015138333,280.41073156507315,284.5898346140183,37173600,0.0015474426946315845,0.0015462466389111421,0.016754230797485968,0.017791080472668835,0.017807160451355383,281.5697326660156,0.8165754787056486,261.201182774135,1.4413333704938096
2025-11-07,278.1067199707031,283.04389217242976,274.47617771869056,282.4753634096288,34479600,-0.02079012868877228,-0.021009286278944973,0.01984702490768099,0.018339839734246473,0.018094620126616674,281.0989501953125,-0.8880125314465154,262.97276524135043,0.9751698505732376
2025-11-10,289.3475036621094,290.0456696400176,282.1262631003564,283.6822445549795,29557300,0.040418957487220686,0.03962347577123998,0.02729793990211543,0.018529948257175428,0.01859200023595718,282.37164306640625,1.3827646218175011,265.5152013869513,1.5634933532141182
2025-11-11,290.5543518066406,291.1627853205446,286.5747114373448,287.0035887304013,19842100,0.004170929865496831,0.004162255648860005,0.023146206907664085,0.017868915990857097,0.0185246257587764,285.1184936523438,1.0860113969520666,267.75508989606584,1.4896967037423778
2025-11-12,285.9662780761719,291.2525483673142,282.9541227840324,290.9233873275988,24829900,-0.01579075894730375,-0.015916761189039418,0.023824024354777863,0.018636899882367126,0.01872598741885929,285.5972412109375,0.07478731710264701,269.7147543770926,1.0945198120929138
2025-11-13,277.8474426269531,282.1063559927165,276.5208753822851,281.60765291032834,29494000,-0.028390884071499367,-0.028801699509804768,0.027455987900121156,0.01988030343801536,0.019218268644259427,284.3644592285156,-1.0737800943024485,271.02278282528835,0.4786644844201304
2025-11-14,275.6929931640625,277.8374099534448,269.997813487729,270.70596321739896,31647200,-0.007754073395533356,-0.007784292538306667,0.026055821336760116,0.020064948555312396,0.019266057201870534,283.8817138671875,-1.2132705030626052,272.2077941894531,0.25801001748769153
2025-11-17,284.2806701660156,293.1875295999499,282.8344496120376,285.0387085276487,52670200,0.0311494206051246,0.03067412237581968,0.022579207164488746,0.020860342467638588,0.01944624253146063,282.86834716796875,0.23268679328653025,273.714351835705,0.814648296599952
2025-11-18,283.5425720214844,288.0508361130442,277.4783570293678,287.17314441506005,49158700,-0.0025963711992806893,-0.0025997476165375137,0.02220240824724195,0.02086689817775863,0.019356654631076824,281.4659912109375,0.4675377655901722,275.0314011346726,0.6828749462738736
2025-11-19,292.05047607421875,303.0219431129204,285.8865137158777,286.41513772838755,68198900,0.030005737734824844,0.02956437284236338,0.02560860214095245,0.020426530923028534,0.01958353884749499,282.6828308105469,1.4661852270372024,277.0428357805525,1.2975580859538292
2025-11-20,288.6991882324219,305.625169818548,287.92121274474346,303.7500416076266,62025200,-0.01147502954573243,-0.011541375735265027,0.020748088872371895,0.020839630483468898,0.019438265747578228,284.8531799316406,0.6227846534305821,278.83626665387834,0.970056634605679
2025-11-21,298.8826904296875,303.1316497984607,293.0877639113642,295.6511046778972,74137700,0.03527374725095256,0.0346658818435315,0.021518008159728978,0.021712356878057785,0.01977129582606076,289.4911193847656,1.4947178199899631,281.0486072358631,1.9522888667795142
2025-11-24,317.75360107421875,318.651290855991,308.7969143651049,310.3229443803346,85165100,0.06313818514348069,0.061225086342445244,0.02952150797865926,0.02434436679984438,0.020902137745625434,296.1857055664062,1.624075699994549,283.8346920921689,3.1107547117040393
2025-11-25,322.6010131835937,327.9770159307299,316.82602366827604,325.3638169665917,88632100,0.015255254678428365,0.01514006331914327,0.026719483126332214,0.023669919603368193,0.020917088548787544,303.99739379882806,1.2146962401483359,286.4075244721912,2.732579387201243
2025-11-26,319.1201171875,323.658303098724,315.9683100285969,319.8482042131112,51373400,-0.010790096291832474,-0.010848731548997721,0.031060069702418796,0.023821724225760052,0.02097185017735129,309.41132202148435,0.6554362962401813,288.9000927153088,2.1202608243354413
2025-11-28,319.3494873046875,326.0021995827445,315.9682963529555,322.5312152935296,26018600,0.000718757937321568,0.0007184997545418776,0.02855465382650614,0.023523892451497944,0.020984728017305755,315.5413818359375,0.4016588225723879,291.06636410667784,1.851837563490374
2025-12-01,314.0732421875,319.02036824755595,313.07583602161014,316.87595107857686,41183000,-0.01652185247491411,-0.016659860489768346,0.03115267894504334,0.023720012107654016,0.021116093011728683,318.5794921875,-1.461132916574253,292.65319097609745,1.3499658033888482
2025-12-02,314.9908142089844,317.554155160306,313.09574872951146,315.9183945655828,35854700,0.00292152242927024,0.002917263076464475,0.012432235024422708,0.023682600801663505,0.018390266649977054,318.0269348144531,-0.8699869954024005,294.2974853515625,1.2677372164007716
2025-12-03,318.8009033203125,320.74582687116515,313.2852490348319,315.07061440214585,41838300,0.012095873719035755,0.012023303254536863,0.011409975477654152,0.023714223049721022,0.018409804851256907,317.26691284179685,0.6074939839584167,296.00305030459447,1.3456947893222349
2025-12-04,316.796142578125,321.5238380796439,313.8837336096964,321.3942008459266,31240900,-0.006288441222430441,-0.0063082967529265645,0.010726689653126347,0.023034718588192196,0.018445989766728888,316.8021179199219,-0.002594797310323179,297.90667143322173,1.1161349204820674
2025-12-05,320.4366760253906,322.3217883368267,318.34214737502344,318.66129422294387,28851700,0.011491722776794333,0.011426194474825145,0.012233801774285494,0.022712195430166945,0.018435769089059077,317.0195556640625,1.2986100863312606,299.662106468564,1.2028474168072334
2025-12-08,313.11090087890625,319.81785493964355,310.6157547321785,319.4285975207571,33909400,-0.022861849764987285,-0.023127234443407946,0.014632227067040995,0.023566455568529474,0.0186155656925742,316.82708740234375,-1.272622244276013,301.0477992466518,0.7046461517009008
2025-12-09,316.4643859863281,317.3726229056239,311.2944500995635,311.7635388280278,30194000,0.010710215128277634,0.010653267030958223,0.015483190940945923,0.02284488984528774,0.01861534195004803,317.1218017578125,-0.2383390714747705,302.87435477120533,0.8193030141592593
2025-12-10,319.5883178710937,320.6861883612462,314.069055340672,315.2168165746965,33428900,0.009871353691282447,0.009822950157703094,0.0151161077123514,0.021550714653159123,0.0186274001747333,317.27928466796874,0.7970045547045771,304.3143935430618,0.9164310955962383
2025-12-11,311.82342529296875,320.49655652430846,308.0008744502611,319.45856710455377,42353700,-0.024296546975965838,-0.02459657785221957,0.018909902431386665,0.022482452823877796,0.018983981099469947,316.2847412109375,-1.1699756751422195,305.32720656622024,0.3953065202899874
2025-12-12,308.68951416015625,314.25866704717134,304.9667450846256,313.0909556884665,35940200,-0.01005027486266652,-0.010101119832548017,0.017123743629965587,0.022267873157425164,0.01836865560659243,313.9353088378906,-1.2450278509945099,306.40926542736236,0.14402868733661783
2025-12-15,307.6216125488281,310.8154121445851,304.28810059210934,310.7156001962807,29151900,-0.003459468373046448,-0.0034654661705475617,0.014717766062201912,0.021076724351553285,0.018377334541204195,312.837451171875,-1.0220875653702663,307.8270830426897,-0.0142528757367686
2025-12-16,305.97479248046875,310.1666197797816,302.002508804578,304.3579426322819,30585000,-0.005353395214056977,-0.0053677759811310575,0.012420661967452428,0.02101080389953046,0.01836809283253151,310.7395324707031,-0.884399072988165,309.2690734863281,-0.2653045089077629
2025-12-17,296.1439208984375,307.4918412298865,295.54507970361715,307.4120099511304,43930400,-0.03212967807685918,-0.032657165635099204,0.012780959695228753,0.021670544933714148,0.018895177231723664,306.0506530761719,-1.6691541578445939,309.833990187872,-1.1950182379559842
2025-12-18,301.8727722167969,303.3698600006946,298.6490626821344,301.1342186567393,33518000,0.019344821602210294,0.019160089150211716,0.018480360791672115,0.021960564545605958,0.01898407779043639,304.0605224609375,-0.4265337850664291,310.7068568638393,-0.8876530845684927
2025-12-19,306.56365966796875,306.65348128006514,300.3856749721532,301.1442091965169,59943200,0.015539286358039028,0.01541978800396316,0.020631533714726088,0.02131185773512707,0.018993567691796113,303.6353515625,0.6202203087687095,311.39796084449404,-0.5338602704110812
2025-12-22,309.1785888671875,309.5279154654388,304.70727541789904,309.27840081787804,26429900,0.008529808138547423,0.008493634880188852,0.02101919709133609,0.021108279624122376,0.01898654244887453,303.9467468261719,1.0284304537658389,312.37317039853053,-0.428867918364058
2025-12-23,313.7396850585937,314.328535898872,308.7194521900694,309.0288478780405,25478700,0.014752302894316838,0.014644546154661361,0.02140306195433035,0.020044351171454703,0.01883819659342941,305.4997253417969,1.2174034284504287,313.08064633324034,0.09721875254314095
2025-12-24,313.48016357421875,314.4682316573388,311.3143938726672,314.15883598568854,10097400,-0.0008271873044255473,-0.0008275296126255316,0.007824030304206022,0.014817275483601781,0.018810234948585924,308.96697387695315,0.905831869511895,312.8771493094308,0.09006584277310997
2025-12-26,312.9013671875,314.4782864028367,311.6737441219225,313.8694852656388,10899000,-0.00184635729457161,-0.0018480639132099368,0.008230516366506731,0.014369372528516678,0.018823930530946848,311.1726928710938,0.5458242769684516,312.4152614048549,0.07698058752162719
2025-12-29,312.9512634277344,313.410361871903,310.0169686016006,310.7655125785055,19621800,0.00015946315825621227,0.00015945044535826635,0.007170712056819232,0.014209403768148872,0.01874511652554322,312.45021362304686,0.26896161819090664,312.1215064639137,0.13540695157844937
2025-12-30,313.2406616210937,316.3346490163796,311.85334570689247,311.8932765746258,17380900,0.0009247388561066661,0.0009243115485423177,0.00680749553877767,0.014210668206959863,0.01872221047968305,313.26262817382815,-0.06195478494198709,311.8306100027902,0.2386408885878417
2025-12-31,312.3923034667969,313.9692224596297,310.83533467851674,312.2426007868329,16377700,-0.0027083270412798788,-0.002712001194332578,0.0014688666567540722,0.013756922537954833,0.018736567462112712,312.99315185546874,-1.4685015640757557,311.75056530180433,0.10898852737585313
2026-01-02,314.5381164550781,321.87385220157,309.7274673850438,316.28471875384633,32009400,0.006868968807707265,0.006845484920194251,0.003749681772235736,0.013828740829685052,0.01873999773174354,313.2047424316406,1.6552730888270661,311.72900826590404,0.47802508353753465
2026-01-05,315.9254455566406,318.4006111389099,314.01915017003046,317.0432662013207,30195600,0.004410686746643133,0.004400988175636197,0.0037403877747745197,0.013593527200577616,0.018727543849387178,313.80955810546874,1.4890372599850648,311.5920817057292,0.7555639334812494
2026-01-06,313.7297058105469,320.3168980142969,311.17467848252585,315.7857038876524,31212100,-0.006950183269426091,-0.006974448289416449,0.005519221134707459,0.013608695745253694,0.018658260176861563,313.9652465820312,-0.17525514168032316,311.4460609072731,0.4053114113548727
2026-01-07,321.3549194335937,325.5168067446344,313.5800344006012,313.74968730616825,35104400,0.02430504183002502,0.024014374668314926,0.01191750247916732,0.014412112110450875,0.018607716588669075,315.5880981445312,1.6623289634860732,311.4897867838542,1.727510881163327
2026-01-08,324.80816650390625,329.6786969446188,320.8758135066914,328.3313118537803,31896100,0.010745897639902635,0.010688570801743376,0.011202660002652768,0.013546009871516848,0.01858908921593243,318.07127075195314,1.4039386008282895,312.0467994326637,1.9924368559501715
2026-01-09,327.9320983886719,330.1876899539591,325.16745676828174,326.45496079982934,26214200,0.009617775065172474,0.00957181869694715,0.011211236813764541,0.013512470488006929,0.018467094889702954,320.75006713867185,1.2097665101050599,312.59288097563245,2.120022377732074
2026-01-12,331.2156982421875,333.3914890456728,324.3690311583512,325.1674658209474,33923900,0.01001304803540104,0.009963249616652221,0.010996542603030844,0.013516724090792992,0.018182377221374838,323.80811767578126,1.102811548054461,313.1465657552083,2.208768287522895
2026-01-13,335.31768798828125,339.82890107364614,332.97224461379506,334.2996793666924,33517600,0.012384647732168519,0.012308585342491232,0.006075217993355231,0.012268017101712264,0.017895349214771265,328.12571411132814,1.3232542483449348,314.2653401692708,2.217892955013001
2026-01-14,335.1879577636719,335.8666302231012,329.83837890700147,334.40947336413166,28525600,-0.0003868875077472911,-0.0003869623680280775,0.005038303076403792,0.011909038030581064,0.0179085450667715,330.89232177734374,0.937826873466256,315.5271708170573,1.8852344612220806
2026-01-15,332.1339111328125,337.03438209247,330.097863235539,336.99445122357054,28442400,-0.009111444967282112,-0.009153208056931915,0.009039209229570687,0.012147728425000724,0.017853567609793574,332.357470703125,-0.0728086502261784,316.69442313058033,1.4213552413733648
2026-01-16,329.3593139648437,334.00028002450074,327.0637915356931,333.7607557246461,40341600,-0.008353850886545944,-0.008388939854183144,0.010016249722484799,0.012277076954443834,0.017924088136166895,332.6429138183594,-1.27070735248651,317.80797177269346,1.0590583472342425
2026-01-20,321.3748474121094,327.0937337673917,319.80788820634325,320.2470363972373,35361000,-0.02424241918838399,-0.02454110373651116,0.013473376955879432,0.011158506304861107,0.018284174181881992,330.67474365234375,-1.6172287923750277,319.00944446382067,0.24317143416465786
2026-01-21,327.7424621582031,331.83450818795274,318.729994927537,320.2969541162656,35386600,0.01981366867186196,0.01961993283587871,0.016101907779642807,0.011190369013340654,0.01835863624247238,329.1596984863281,-0.272951844131827,320.24133446103053,0.8275688380182691
2026-01-22,329.89825439453125,334.49928930997066,328.11172120927307,333.8006666576773,26253600,0.006577701961876237,0.006556163278760902,0.01683551917976414,0.01089809145593457,0.01800857620726469,328.1017578125,0.44077503353283737,321.35250563848587,0.9791734174642757
2026-01-23,327.2933044433594,333.0421309365838,326.8142558744754,331.8444485977197,27280000,-0.007896222294212496,-0.007927562546222634,0.016735456570728006,0.011108463562168281,0.01807538624027646,327.1336364746094,0.047003592034771745,322.2151111421131,0.6080790745930654
2026-01-26,332.61297607421875,335.1879535299186,326.3651202937951,327.1735452193246,26042100,0.0162535302697584,0.01612285569403006,0.018259631944393544,0.011192235254212693,0.018137045374139633,327.78436889648435,1.1616762642116303,323.1138392857143,1.1296601262845756
2026-01-27,333.90045166015625,337.2539439848537,332.8325522369338,334.71886692218493,21636200,0.0038707918167637523,0.0038633195782322182,0.010877320570965536,0.011163373214485859,0.017911179551684003,330.28948974609375,1.2375459723458402,324.0862339564732,1.1656119307418287
2026-01-28,335.3576354980469,336.8846637353836,331.2955302242731,335.40752623810386,27434400,0.004364126585170824,0.0043546314001811914,0.00857533261862696,0.01111047740979944,0.017456833657169178,331.8125244140625,1.0985563561549734,325.1555800664993,1.221216467344592
2026-01-29,337.5932922363281,341.62545715973704,325.9060355700189,339.6393000059441,39785600,0.006666485273135514,0.0066443625264028545,0.008580467424951662,0.011108932048458786,0.017411594295309477,333.3515319824219,1.099201552693587,326.3290100097656,1.359698077201256
2026-01-30,337.3437805175781,339.33989756206086,331.64487488391205,339.33989756206086,31024000,-0.0007390896812468073,-0.0007393629426767015,0.006236324643803257,0.011134938688626809,0.01718031834439657,335.36162719726565,0.9192165785085069,327.4767775762649,1.2262204254497555
2026-02-02,343.022705078125,344.16047585276425,334.97835654941485,335.5672073695487,32006100,0.01683423524759764,0.016694109924644474,0.00646794647676439,0.01139327394158913,0.01704547935785612,337.4435729980469,1.609485190202128,328.9353681291853,1.7717199262472
2026-02-03,339.0504455566406,348.322417578686,336.8148042563824,346.66563680855586,36506700,-0.011580164993975184,-0.011647737276620645,0.010382260904782068,0.0119025205788221,0.01714000132526327,338.47357177734375,0.20149061046395633,330.10262189592635,1.1899479304992606
2026-02-04,332.3934326171875,342.6434831024425,327.8821884154679,342.2941565134455,70618400,-0.01963428459303118,-0.019829597944776192,0.014461203935649198,0.012946934655027914,0.017361219979776733,337.8807312011719,-1.437452114018853,330.8868117559524,0.22187380408510085
2026-02-05,330.6069030761719,332.0441098613053,305.8650224655501,311.6138496060838,88205800,-0.005374743799686166,-0.005389239699639018,0.013690377067883234,0.01289393712769207,0.017106034729601323,336.48345336914065,-1.1674357727177842,331.69048781622024,-0.19551045246246238
2026-02-06,322.233154296875,329.7385737476322,319.2988903139048,326.54477434837446,56380500,-0.025328414807381017,-0.02565470042605435,0.016391749333523553,0.013298369939219734,0.017255543331047136,333.461328125,-1.3980218462577334,331.7323085239955,-1.7387538442346453
2026-02-09,323.6903381347656,327.0637807183464,316.6440476026885,320.3069052195784,39640100,0.004522141246049882,0.004511947086723796,0.011868356354999351,0.013120277674490768,0.017258251089657985,329.5948547363281,-0.8628185135695718,331.67907860165553,-1.4422830258421484
2026-02-10,317.9614562988281,321.0454837970353,313.9991629255859,320.3468306795893,39170000,-0.017698649483792517,-0.017857143451186806,0.012194738429000946,0.013463394460072303,0.017194697158722988,325.37705688476564,-1.2346433228183997,331.2042861211868,-2.1164840181202043
2026-02-11,310.3562316894531,320.4366276261131,309.0587679521404,318.3506892240785,45406400,-0.02391869976286498,-0.024209396614954797,0.01295555800482938,0.01406412431268397,0.01682622840479018,320.96961669921876,-1.4196393024229632,330.2109781901042,-2.5665314189635797
2026-02-12,308.40008544921875,315.62601945223736,306.60359228041904,311.4840826487114,47761300,-0.006302906275108211,-0.006322853449819085,0.012811404720474328,0.013624453242454437,0.016847418543314154,316.52825317382815,-1.1791835603809815,328.92918759300596,-2.286625474329573
2026-02-13,305.1264343261719,308.03078810659247,303.1203270701956,307.1325415821482,38499700,-0.0106149488197399,-0.010671689277544104,0.011000817125591393,0.01367341937762037,0.01677554935663679,313.1069091796875,-1.0547661130193315,327.4976864769345,-2.1850736218351585
2026-02-17,301.43359375,303.84890853372514,295.674807618098,299.45745756709624,39247600,-0.012102656999636863,-0.012176490478434065,0.006930808677874652,0.013740893062552616,0.01642583291783124,308.6555603027344,-1.163287999387386,326.0357666015625,-2.113748797390352
2026-02-18,302.7410888671875,304.7871271852118,300.66514046909924,301.5035060024616,28482100,0.004337589254474139,0.004328209029463858,0.01031666798325885,0.013846243156743553,0.01638871294689472,305.6114868164062,-0.7656563379680144,324.7682320731027,-1.739432455734121
2026-02-19,302.26202392578125,304.87693233204385,299.4574819671566,301.23402488534225,25834400,-0.0015824245833258033,-0.0015836779395090254,0.00677679449590342,0.013026447393237016,0.015960387172536013,303.9926452636719,-0.6135836914953819,323.8580976213728,-1.591034015724523
2026-02-20,314.3684997558594,315.88553781924986,303.3099937290923,303.72919173070744,53210800,0.040052917243255104,0.03927159382350641,0.020929461046292338,0.015243764919929743,0.016665422138823407,305.186328125,1.728110273977124,323.2212422688802,-0.6464005123239623
2026-02-23,310.8852233886719,318.8996316925602,309.2683735389658,318.43054299285177,31423000,-0.011080233451801424,-0.011142076486300952,0.02101185715736513,0.015237241685763354,0.01635138788187399,306.3380859375,0.7720033057987872,322.31585984002976,-0.8247542019569264
2026-02-24,310.29638671875,311.6637220131571,305.33603467292323,309.91711960911005,25615600,-0.0018940645152043523,-0.0018958605235937177,0.019514690564891767,0.015193067140994224,0.01627712923130609,308.11064453125,0.40822026138424294,321.50648280552457,-0.7979149784101753
2026-02-25,312.2925109863281,313.031095017384,308.8392369672335,311.4541454679639,29963600,0.006432960076288019,0.006412356901013146,0.019497761750203634,0.014737619336825422,0.01571829507558705,310.02092895507815,0.49252928358586723,320.5388416108631,-0.5913284826716673
2026-02-26,306.783203125,312.53202939170336,301.762970472535,312.0330001798944,36431200,-0.01764149849103913,-0.017798964430822954,0.022270118535486678,0.01498903956423837,0.01385250086744465,310.9251647949219,-1.4811862659345787,319.24754406156995,-0.8966027052457977
2026-02-27,311.1547241210937,311.7635251790807,303.21015662264614,303.5495233120643,44640600,0.014249544797641622,0.014148974297458235,0.012891253006366739,0.015409571568882096,0.013834937825469695,310.28240966796875,0.41812904736321554,318.0950244721912,-0.5142209162623199
2026-03-02,305.9248962402344,307.89107280501906,300.7150293830805,302.6413055358027,34790200,-0.01680780484895994,-0.01695065897272286,0.014118198029851843,0.015487796925398692,0.013929072695090562,309.29034423828125,-1.2067065934211643,316.5870056152344,-0.8221828720182821
2026-03-03,302.9905700683594,303.34988694776314,296.1339134078651,298.01026816236094,35497000,-0.009591655363578977,-0.009637951565873182,0.01435959523328345,0.015496016691156288,0.013973459837174958,307.8291809082031,-1.2586613739589803,314.95113845098587,-0.9667605242574173
2026-03-04,302.54150390625,304.8769573413998,300.1661195993462,302.30197959238774,29536200,-0.0014821126677574403,-0.0014832120831766921,0.013211328431168281,0.014704376431512381,0.01382628279468259,305.8789794921875,-0.9620955940571339,313.0234622047061,-0.9671620154447188
2026-03-05,300.2958679199219,302.7111526067185,297.41146402777275,302.4516780897468,35752300,-0.007422571638382558,-0.007450256001096646,0.011691372230520842,0.014651915245257606,0.013845504568555805,304.5815124511719,-1.0239438390172464,311.1780061267671,-1.159299556073369
2026-03-06,297.9404296875,299.94653713519574,294.60691775969326,295.5151547022239,25576900,-0.007843725085987518,-0.007874648909053036,0.005551488221776472,0.014306928023878004,0.013776009281895506,301.93865356445315,-1.331916012023477,309.53738693963913,-1.3710711274627034
2026-03-09,305.9804077148437,306.4198649966507,293.71562375842984,293.99527562141907,29312100,0.026985186387012305,0.026627506681741832,0.015179130134169966,0.01590376296956624,0.014192814843213932,301.949755859375,1.3345055948955238,308.3646966843378,-0.34223842933270726
2026-03-10,306.6596069335937,309.1265479913924,305.1914269440574,305.79068968096857,23239700,0.0022197474139682427,0.0022172874143898697,0.014183445318708566,0.015122555558013048,0.01411467354377076,302.6835632324218,1.0732676881237582,307.6230991908482,-0.15530751145323543
2026-03-11,308.31756591796875,311.0341973481569,305.5410112597432,306.3699695674413,24125700,0.005406512455140788,0.005391949732125305,0.014044558351438292,0.01514375118055019,0.013838335148723575,303.83877563476557,1.0018266303407857,306.8910624186198,0.28507039639564635
2026-03-12,303.17388916015625,308.5572255769297,300.65702241451555,306.4398571350748,24928300,-0.01668304802062759,-0.01682377745917204,0.016354412867181343,0.0150923220224501,0.013922062314788758,304.41437988281245,-0.30497396688573103,306.1868925548735,-0.6897264187082685
2026-03-13,301.9054870605469,307.3087879643589,300.0677703977713,306.6296377698095,23693100,-0.004183744527350486,-0.004192520873699692,0.01587981644203455,0.014245621222129514,0.013863363227601096,305.20739135742184,-1.2611930074616267,305.7844761439732,-0.8908330835843995
2026-03-16,305.1814270019531,306.11026747244654,302.64456537566065,303.97293465389924,23519700,0.010850879105583244,0.010792430747487834,0.010603248413067543,0.014433127077110735,0.013602365130373396,305.04759521484374,0.05180743023922131,305.6312066941034,-0.10425734609566532
2026-03-17,310.5347900390625,311.03417054952814,305.1214918945171,305.48103123176395,21955200,0.017541575480853666,0.017389497923292044,0.013388637694014608,0.014740004343362955,0.01372463367992526,305.8226318359375,1.3170865137831744,305.8887474423363,1.045928952620993
2026-03-18,307.30877685546875,312.08285325242963,306.5497087361953,308.88680583632095,20009800,-0.010388572511273009,-0.010442910386935345,0.014373536300970453,0.01466815956194722,0.013781859066257724,305.6208740234375,0.4925138596377521,306.16851806640625,0.2632766915029461
2026-03-19,306.7494812011719,307.67832164750223,301.9754046785898,303.63335165234247,25075800,-0.0018199794357318666,-0.0018216376105065345,0.011416289942547486,0.014658083126018717,0.01376688284349907,306.33599243164065,0.13123390467207932,306.3593938918341,0.09156610056191553
2026-03-20,300.6270751953125,305.62088043111504,297.9004465638477,305.0815409313132,44364100,-0.019958977540516787,-0.020160848541076363,0.01528154401872064,0.015342714419549673,0.013372555805503193,306.08031005859374,-1.5074617107689323,306.28153919038317,-1.299061788531673
2026-03-23,301.685791015625,305.60094814101865,300.5571860375472,301.7357168812967,29326900,0.0035216915163900353,0.003515504881513392,0.014204242967067638,0.012447344926004435,0.013159071706042472,305.3811828613281,-0.8936071007432843,305.67760067894346,-0.9872322059910001
2026-03-24,290.0801696777344,299.5484356615691,289.97029010977093,298.82932646685043,36864300,-0.0384692341618752,-0.039228716713659906,0.016893116603103123,0.014774567498604776,0.013905577754541487,301.2902587890625,-1.6168247214863791,304.6868838355655,-2.857652523601288
2026-03-25,290.5695495605469,295.6332754793409,288.8816409209488,293.07644958925243,29460700,0.0016870504569690414,0.0016856289858513014,0.01827870992645053,0.014812190131061444,0.013857951381471036,297.9424133300781,-1.0057468142361532,303.7475106375558,-2.2736887813535804
2026-03-26,280.57196044921875,287.5932492331535,278.15494535852446,287.55329025783345,39080600,-0.034406871354718094,-0.03501272537442322,0.01996918759716459,0.016173949321791142,0.014357803509411923,292.7069091796875,-1.3964036765521333,302.2370082310268,-2.9373630839355447
2026-03-27,274.0001220703125,279.02388928595167,273.6106210828978,276.9364822022131,35890600,-0.02342300480911985,-0.023701683652012126,0.020134160458229817,0.016454523503040254,0.014620316972446762,287.3815185546875,-1.2651429802208878,300.6759091331845,-2.8013976942940224
2026-03-30,273.1611633300781,276.7467120540596,271.772870758184,276.07755917965534,35141200,-0.003061891848424425,-0.0030665890298950853,0.018477983325234863,0.015850601026195857,0.01462073507179109,281.6765930175781,-1.0135158922931153,298.86669195265995,-2.350500731959824
2026-03-31,287.2037353515625,287.72308014338427,276.74670556560056,277.6955407888773,43875400,0.05140764466768588,0.05012988031808037,0.03276068057493341,0.01983458427840997,0.016035393666012136,281.10130615234374,0.7867716204425277,297.97520810081846,-0.9709305113641693
2026-04-01,297.0215759277344,300.14767254424095,290.05021252939383,290.47967248402244,37684500,0.0341842370683445,0.0336129391971728,0.03654940141843053,0.02130280531355811,0.016628487167237842,282.39171142578124,1.4701306472341436,297.6909702845982,-0.060659061249552865
2026-04-02,295.403564453125,297.71070019384774,289.0914173614996,290.3298713924274,21666500,-0.005447454345885783,-0.005462345830387325,0.030467787128101102,0.021325493406519822,0.016637078855224512,285.3580322265625,0.8826456305398984,297.351068405878,-0.177234128288319
2026-04-06,299.6183166503906,300.2475409865838,294.8142784540748,295.5034260146893,16945500,0.014267777049570496,0.014166950236567064,0.023900792467252078,0.021526300810568236,0.01671734469338304,290.48167114257814,0.850870360354667,297.3188040597098,0.20942308322614547
2026-04-07,305.08154296875,305.2513457589993,297.3511421656273,302.3549447988444,23205400,0.01823395304878561,0.018069708079004185,0.020958777040264255,0.021800992252849424,0.01687352534659559,296.8657470703125,1.2580544862452914,297.6588570731027,0.6680936303688858
2026-04-08,316.9268798828125,321.68096199730417,314.6297110626625,320.0530070056894,33547100,0.03882678971266329,0.038091989569671574,0.017307882672140375,0.022600354938498327,0.017539113746302997,302.8103759765625,1.6219594766282228,298.18011765252976,1.5943710613182829
2026-04-09,318.09539794921875,319.1441153425082,310.6746106421415,315.51860784412145,23739200,0.0036870273257929576,0.0036802469018372436,0.016445911824041096,0.02260436835143792,0.01727822971668392,307.0251403808594,1.0877598913477873,298.7246791294643,1.5600397622538476
2026-04-10,316.8469543457031,321.4312640320202,315.9281112234418,319.6235089208505,19152600,-0.0039247458830414805,-0.003932467909447651,0.01600846571951734,0.02262069196670769,0.017228259436848394,311.313818359375,0.6569656619473585,299.1308404831659,1.37576808384002
2026-04-13,320.91192626953125,321.2315371363443,315.0791651091577,316.74710955552524,18866400,0.012829449259571968,0.012747849058081889,0.01601768180581693,0.02235496177611786,0.01726250419361437,315.5725402832031,0.8766257971987347,299.97550891694567,1.5270345893144697
2026-04-14,332.49755859375,332.8770926852431,323.3489033390031,324.38762340838895,27721400,0.03610221801008451,0.03546580500301855,0.01883680480854546,0.02339388599296026,0.017798778674877582,321.0557434082031,1.7325105639856455,301.4322742280506,2.0117722164088554
2026-04-15,336.70233154296875,337.0619013824557,330.49003638532656,332.4775916674409,24918800,0.012646026536261568,0.012566733338831097,0.014786230948783707,0.023420572727466452,0.01780167316532751,325.0108337402344,1.2990244573344305,302.93326968238466,1.95757560087091
2026-04-16,335.6036682128906,339.458901613874,334.105526677332,338.33029678032364,20541500,-0.003263010758028928,-0.0032683459867329017,0.016048722822300524,0.02329357566047278,0.017806554923040094,328.5124877929687,0.7841755916387864,304.1270257859003,1.6908261983241308
2026-04-17,341.2566833496094,341.89590508018404,335.8234205588037,337.2316773591919,25581900,0.016844318677508463,0.016704026368805667,0.013841562465480526,0.02322280250265775,0.017889519320652008,333.39443359375,1.027382499204674,305.7435927618118,1.7490933572835445
2026-04-20,337.0019836425781,340.97703331198585,336.1929591105031,340.3378420577138,18784200,-0.01246774030993092,-0.01254611469987265,0.01860230654633009,0.02349638576985571,0.0179301945331349,336.61244506835936,0.12368066177970691,307.1841881161644,1.3919795206739047
2026-04-21,331.8783264160156,338.9195798085849,330.9394885663705,337.2716301294484,23123800,-0.015203641151253944,-0.015320401469717493,0.01448321518945188,0.02326519080400462,0.017760449364959442,336.4885986328125,-1.3732732316768914,308.67234293619794,1.0538594132898553
2026-04-22,338.8996276855469,339.3990082413208,334.7547751685775,336.6024588411248,20293000,0.021156251284484062,0.020935564970531447,0.01667079675631088,0.02352954942270814,0.017784038810042858,336.9280578613281,0.5582958070280363,310.4444303966704,1.2420914086652686
2026-04-23,338.4701538085937,341.53632713037314,335.7634893621326,340.7572947145818,18650300,-0.0012672598075311736,-0.0012680634602706927,0.016557347409265073,0.02126777592582999,0.017768599636251978,337.50135498046876,0.27718445255342267,312.74871535528274,1.1091479016067634
2026-04-24,343.9732971191406,344.8422143498026,334.9744808477988,338.3103390739037,26426100,0.016258873193466306,0.016128113151449575,0.01642838605947576,0.021309037545761866,0.017844909489399107,338.044677734375,1.3675923976094686,315.291750953311,1.2172980699098535
2026-04-27,349.90594482421875,352.7424225666816,342.3053878156813,345.55136124882,28576900,0.017247407734162667,0.01710035958888294,0.015368589433490792,0.018949039944416136,0.01785887662872926,340.62546997070314,1.3778307088240265,318.59336925688245,1.343331514051658
2026-04-28,349.3466491699219,351.9833930501032,345.6911799613628,348.11816206941427,27824100,-0.001598417124858642,-0.001599695956430359,0.010825220451060725,0.017512858980930267,0.01785704780918918,344.1191345214844,0.9544506464560666,322.1812991187686,1.2429266669103782
2026-04-29,349.5064697265625,355.3492283904879,343.78355752060145,347.1394107424554,35376300,0.0004574841551232556,0.0004573795411521012,0.009578146617007021,0.01738200966806507,0.017850995245113868,346.2405029296875,0.6555949558281967,325.81678989955356,1.2136754296675931
2026-04-30,384.3232421875,385.3619622201579,365.3667768501622,373.6065555628184,72040000,0.0996169612773592,0.09496190214211755,0.03982721300030379,0.02387406373694629,0.021436606088027256,355.41112060546874,1.7688265623139094,330.4415283203125,2.525641945377951
2026-05-01,385.2121887207031,386.2808704617397,378.5804000830116,381.1572209075714,30105200,0.0023130178860466533,0.002310346977955309,0.04109157840814863,0.0235549004065038,0.021433630854024298,363.6588989257813,1.1182999101949869,334.64108131045384,2.195090084647626
2026-05-04,382.7751770019531,386.9000650646733,379.31947226185457,385.15223320621686,26298600,-0.006326413831408972,-0.006346510391666609,0.04316808541765946,0.023589153362480287,0.021377199383521592,370.2327453613281,0.6596608262714039,338.80163428896947,1.8725676412737486
2026-05-05,387.9487609863281,392.33333678038815,383.5442209432822,385.7515048868787,23878600,0.013515986132895508,0.013425459980288311,0.041972798669302855,0.023586834226853974,0.021357314738898247,377.9531677246094,0.6242220143457964,343.00784592401413,1.87110810674629
2026-05-06,397.546875,399.3546301445318,392.2734176347804,393.7615619135972,31308500,0.024740674488222147,0.024439580081050565,0.04038409917815977,0.02370536219766398,0.021351134475200848,387.5612487792969,1.6953295948309188,347.4109569731213,1.9922060688914018
2026-05-07,397.4969177246094,399.6043194807176,392.1934987581594,399.4245497990884,24433500,-0.0001256638613763572,-0.00012567175774091726,0.012206417747963995,0.02311051717874416,0.02132869536817962,390.19598388671875,1.0529881157789995,351.24762544177827,1.752018879637696
2026-05-08,400.3034362792969,401.5019617899809,395.86893456144384,396.5081562950806,21461800,0.007060478784974844,0.0070356703093336255,0.011958055216189601,0.023070494108751362,0.021017571485721316,393.2142333984375,0.9471885751609704,355.1622939336868,1.6526033607018908
2026-05-11,388.1585083007813,396.9475933307253,387.9887055115338,393.16228042470647,30753700,-0.03033930483185232,-0.03080906747430211,0.02084011437696439,0.024629948489590443,0.021455158474573906,394.2908996582031,-1.0561342658312092,358.5580822172619,1.106958467865285
2026-05-12,386.8701171875,388.0386506028281,382.2957742925754,386.8601198229993,26017500,-0.0033192396552671477,-0.0033247605513817722,0.02003441905230852,0.024778681967207044,0.02130618146087487,394.0751708984375,-1.1786563496392042,361.6989484514509,0.9696266436327666
2026-05-13,402.1211853027344,403.1998643489371,384.5230197682841,385.1222825184223,28144600,0.03942167522813045,0.038664476971202275,0.02489243468344577,0.024959316581014385,0.021477548462971698,394.9900329589844,1.013647431362796,365.01435924711683,1.401082110368164
2026-05-14,400.5731201171875,402.430801125594,395.349588612008,396.7878070287349,21136700,-0.003849747892246569,-0.003857177245217112,0.025038404250842698,0.025100640958763288,0.021460467178772185,395.6052734375,0.668397559110955,368.05582536969865,1.2162025669428522
2026-05-15,396.2884216308594,399.0450119758119,392.69287563304505,395.8290000666237,20309700,-0.010696420381563931,-0.010754038324889855,0.02532487928261664,0.02532486433831237,0.021461387044124765,394.8022705078125,0.21223341522829803,370.9455755324591,0.9624992652924839
2026-05-18,396.4482421875,408.10376741205215,394.04122422601415,395.1997907850553,26837200,0.00040329353046164584,0.0004032122294838275,0.019668348236091,0.02529179338796487,0.02136534580897259,396.46021728515626,-0.0020172406731398516,373.57374500093005,0.8807809632115876
2026-05-19,387.1797180175781,396.65795076850566,385.63162007935824,396.4681837278221,39545700,-0.02337890090968886,-0.023656522949093543,0.02337271170604346,0.025834540514355065,0.021654740180514644,396.5221374511719,-1.6075355519683092,375.9631609235491,0.4538238890703732
2026-05-20,388.4281921386719,393.37204141138,382.42562803382646,387.2196997137571,31744400,0.0032245338869663076,0.0032193462264388344,0.010731114859830651,0.025360080196073463,0.021643557056704954,393.7835388183594,-0.9330818085992497,378.656011672247,0.4310973794949092
2026-05-21,387.1797180175781,392.0137179133836,382.5454520468608,385.2221548650084,24852800,-0.0032141696878892345,-0.00321934622643882,0.01078043854489095,0.02526748032157356,0.02118325430893005,391.1048583984375,-0.8122952305251109,380.95506359281995,0.29917258481219067
2026-05-22,382.49554443359375,388.258385079403,381.2970189068101,386.87012298265273,20442100,-0.01209818946087382,-0.012171968218410776,0.01092804615584435,0.025542226433936135,0.021194978687884218,388.3462829589844,-1.1552185822328522,383.051510765439,-0.030233661448816476
2026-05-26,388.398193359375,388.7777274266938,382.12597532411496,384.0336125447445,27747400,0.015431941657051196,0.015314080252314998,0.014822863349714692,0.025526417853252107,0.021237919870828195,386.73627319335935,0.6784529516877391,385.16698201497394,0.20096020910934168
2026-05-27,388.3482360839844,393.3919975499695,385.421873594791,386.1909390913781,23087300,-0.00012862386139989024,-0.0001286321341581413,0.0100200621073477,0.02542118138055513,0.02123975661789046,386.9699768066406,0.5392479175966585,386.997567313058,0.09713518669787213
2026-05-28,389.6466674804688,391.38450201712897,384.682823662297,387.5193014898567,24357500,0.003343471852936819,0.0033378948784352548,0.010027938749883598,0.02538024154488685,0.021064754986046857,387.213671875,0.8757723501200345,388.91661580403644,0.06693649991854345
2026-05-29,379.8687744140625,384.7626974671623,377.9910987617443,384.7626974671623,44415800,-0.025094255597339132,-0.025414485064895555,0.015548726387415805,0.026235427866405748,0.021339061299489787,385.75148315429686,-1.3665200964001314,390.36243983677457,-1.5966554515781255
2026-06-01,375.9037170410156,378.0910063274456,373.0572417592453,376.05352511273605,28672100,-0.010437966055943604,-0.010492823692305853,0.015339769306105729,0.016070747408414916,0.021256213108545224,384.43311767578126,-1.3844943618010686,389.9615100678943,-1.9559604981930772
2026-06-02,361.4017028808594,373.07722234401785,357.99592394061045,366.1358206463617,50412300,-0.038579065603051466,-0.03934294885093332,0.017867849091939704,0.01807957013626574,0.02186781230843482,379.0338195800781,-1.5452846725560723,388.8276774088542,-2.891583251729307
2026-06-03,358.54522705078125,365.9960065843375,357.6363508187865,361.5814692403301,55441600,-0.007903880383817063,-0.007935281616881736,0.0166045475657864,0.01809742123865349,0.021903266830674943,373.0732177734375,-1.1174077281485,387.67387026832216,-2.5297469119121807
2026-06-04,371.7289123535156,372.7875967270043,357.76622059782807,358.4553682250688,44055500,0.03676993669997208,0.036110049957021294,0.028405752448722156,0.019736766451793265,0.022262416385865492,369.4896667480469,0.24321097211390658,386.90149652390255,-1.2614749252547057
2026-06-05,368.0734252929688,371.6190149899659,363.6688852043904,365.88613605551615,37471200,-0.009833744266495081,-0.009882414868670803,0.027034866570097148,0.018835431012413816,0.022280228111969728,367.1305969238282,0.1315301041794207,385.4979989188058,-1.401136632987105
2026-06-08,363.0766296386719,365.9647879200631,360.2984165590168,364.9454235864071,27942500,-0.013575540397462116,-0.013668530599883209,0.0271945736184972,0.018939634212706943,0.022179538102610818,364.5651794433594,-0.28119645116924813,383.8589375813802,-1.5950043488340646
2026-06-09,364.0260314941406,371.84098522768176,357.0704802123837,366.8542002567408,29535100,0.002614880105099582,0.0026114672542867307,0.020296213509010532,0.018831381552877443,0.022179450814866972,365.0900451660156,-0.2117511153977354,382.1314421154204,-1.377389831579569
2026-06-10,356.1510925292969,368.3232616719084,354.97185779418805,362.9567158453765,32357100,-0.021632900626697316,-0.021870322143806402,0.022718824689571,0.018301090632875106,0.02239145704696267,364.61121826171876,-1.4460191155870248,380.60727945963544,-1.7195517630954176
2026-06-11,357.5401611328125,358.5694982511428,346.13748714351743,355.70134679025995,35538200,0.003900222778065343,0.0038926366279253954,0.010975712934108013,0.01838392058885088,0.022257961647412436,361.7734680175781,-0.8641483813204006,379.2106148856027,-1.4451065561429182
2026-06-12,359.4489440917969,366.3345327833823,354.7119986974298,362.3870579560934,24704600,0.00533865329404315,0.005324453201705333,0.012278296689825096,0.01579478915197237,0.02224328350323434,360.04857177734374,-0.1752440859587863,377.17860339936755,-1.2124891159789675
2026-06-15,369.1127624511719,372.7504085202595,366.3145426692825,367.6936611370599,27727500,0.026885093191168385,0.02653003879692126,0.01716175616093078,0.017261455549878128,0.022422490738126324,361.25579833984375,1.4812944011270353,375.6804911295573,-0.47983161408495023
2026-06-16,373.01025390625,375.7584875251172,366.8242274297617,369.3626044753487,24876100,0.01055908072426437,0.01050372297504738,0.017443498244778113,0.01746126188657355,0.022368028244285056,363.0526428222656,1.3221559413274362,374.57200695219495,-0.12151547267103317
2026-06-17,363.5563354492188,372.0908279957741,361.78745285393074,368.8929017493238,24543600,-0.025344929148803708,-0.025671644062844914,0.018920928419488805,0.018130191386105592,0.022595781052513895,364.53369140625,-0.15056779968420153,373.00572567894346,-0.7854216291962336
2026-06-18,367.7935791015625,369.2426598317581,358.4396065335441,365.5150449761754,44470100,0.011654985044087018,0.011587588868040379,0.019208987865214043,0.01786097107922175,0.02261595470109332,366.584375,0.23139723914888774,372.0825762067522,-0.36891567545112897
2026-06-22,349.45538330078125,358.68946892539066,341.50050477393233,357.72009076397745,52814800,-0.049860021606623395,-0.05114595956462009,0.03187624555545261,0.020711262235382562,0.02344677609042439,364.5856628417969,-1.6614046872618504,370.2267281668527,-1.7322270777719058
2026-06-23,345.9076538085937,349.0656275102868,339.98147051143604,340.47114598010614,34007700,-0.010152167234276033,-0.01020405194426089,0.026365107953144163,0.020736717112618597,0.023499797071158682,359.94464111328125,-1.1944512854850668,368.26139177594865,-1.7958894836525
2026-06-24,345.0682067871094,353.25294826847323,341.7103492701006,348.8157979233392,44997300,-0.0024267951640897234,-0.002429744604231594,0.024013987679547686,0.02068579034046964,0.02290394717218721,354.3562316894531,-0.8787463663549577,366.47913760230654,-1.6501104987169304
2026-06-25,343.4891967773437,345.34801779729577,335.6242572392167,336.51370015420923,44491400,-0.004575935941672715,-0.004586437585356055,0.02364572449149019,0.020162498793077115,0.02292229581532821,350.3428039550781,-0.6855484705773442,364.3406139555432,-1.6185542592552848
2026-06-26,337.1732788085937,346.1374872957393,329.98789515004995,342.3299372399904,114706300,-0.01838753016981809,-0.018558682090145166,0.019875920099349974,0.0203015817973596,0.022577323223792786,344.21874389648434,-1.5640453616049215,361.9037112281436,-1.9090483323499001
2026-06-29,353.4228210449219,354.122383587675,340.4511784786947,341.6104064955248,34213900,0.04819344609319631,0.04706815483174734,0.02581379593922206,0.02339315891324007,0.022988385659869298,345.01223144531247,1.446067915056942,360.17876615978423,-0.5929850063037745
2026-06-30,357.14044189453125,358.3896389689017,350.1749177879227,353.64269008629407,35237200,0.010518904349803737,0.01046396560322637,0.024960049482651982,0.0231089939239633,0.022984123167560565,347.25878906249994,1.2343189205240739,359.0964646112351,-0.18679701092954087
2026-07-01,360.97796630859375,362.7368455226467,356.20103798676814,358.1397942573561,26736400,0.010745141025489735,0.010687822231110682,0.024485952485943995,0.023224700572831512,0.022239503093320682,350.44074096679685,1.0682954228068493,358.3857145763579,0.2657186763091222
2026-07-02,359.6788024902344,363.97602803095486,353.19298133516355,359.2490860357571,25974800,-0.003599011406831276,-0.0036055034296413025,0.024353301121691606,0.021598551193369023,0.021922235186590158,353.678662109375,0.6207201195636326,358.30367170061385,0.1412386994454994
2026-07-06,366.2245788574219,367.693635754559,357.15042523629825,361.3177293642356,26915800,0.01819894951236445,0.018035330775061996,0.018783045772789237,0.021876876507782153,0.02197510431974076,359.4889221191406,1.4205116473181116,358.6693551199777,0.7640210343455058
2026-07-07,366.7942199707031,372.9202869594668,365.26520405735874,368.8329180211536,24045600,0.0015554420597831964,0.0015542336127331434,0.008494090892373072,0.02035106341985519,0.02193294751224879,362.1632019042969,1.1011709589595282,358.4343697684152,0.8692029368485418
2026-07-08,361.6875305175781,367.6037106679975,357.79001132287857,364.525702555654,22094800,-0.013922491618141852,-0.014020318562469975,0.012444626474966762,0.020464775826863808,0.021954920720360344,363.07261962890624,-0.42945044069224336,358.1302795410156,0.37858258576705905
2026-07-09,358.65948486328125,359.41897594546776,350.8544734886641,354.0824097063769,24729100,-0.008371993499371455,-0.008407235471836066,0.012243729757896057,0.020331558518456236,0.02152333958973733,362.6089233398437,-1.0591094382501887,357.91993931361606,0.07927236166690986
2026-07-10,356.9505615234375,357.5901650645865,352.52341441108456,357.30034280387986,18146100,-0.004764751559533376,-0.00477613917541858,0.012310120359286374,0.02033743605863334,0.021538823927973627,362.0632751464844,-1.1610429441561132,357.58301217215404,-0.06855978270342016
2026-07-13,352.2835693359375,357.8999543595846,351.5240477747128,355.9611981097028,15901700,-0.013074617861873139,-0.013160843077121025,0.006411668273299028,0.01997472372730041,0.0216099039007437,359.2750732421875,-1.2926138166204062,357.3988444010417,-0.5504335141524987
2026-07-14,359.2790832519531,359.92865963343,350.86447830880365,350.9744235107016,18259400,0.019857621884558307,0.019663031165405288,0.013822034659816797,0.020439948566974408,0.02168444767053067,357.7720458984375,0.4297587140447587,357.48165021623885,0.193225826315304
2026-07-15,370.6817626953125,373.4099896327818,357.5302120160503,357.74006858863044,28284600,0.03173766571699632,0.031244434858472035,0.019422150853052284,0.021517115574052392,0.021585011837711512,359.5708923339844,1.6367038013588895,358.01654634021577,1.3011376989369483
2026-07-16,354.2322998046875,375.02892981037553,352.07368364698067,372.8203579699616,41158500,-0.04437624006915575,-0.045390999952137016,0.029951451685919908,0.02300074363456778,0.022337481822210008,358.6854553222656,-0.6174104045799899,357.3079528808594,-0.3264178481687736
2026-07-17,346.5472412109375,348.2961170979314,341.1407126662452,345.77774679993126,29959300,-0.021694968522032898,-0.021933764449114237,0.03123506404636188,0.023210148481557016,0.02251546561065022,356.60479125976565,-1.1060119789025729,356.04780941917784,-1.0583886487688778
2026-07-20,351.7638854980469,359.4489481797366,350.2948285491913,350.6546131580819,24736600,0.015053198140839052,0.014941023081709581,0.03212117952683086,0.022961383501939138,0.022496100073144745,356.5008544921875,-0.5172489122483307,355.48626418340774,-0.42054956202742516
2026-07-21,346.927001953125,351.09433677099497,346.77710440528256,351.09433677099497,23369800,-0.013750369905294657,-0.013845781884526084,0.030363613810783684,0.022903343337346022,0.022508831677001694,354.0304382324219,-0.7204080979854708,354.49261765252976,-0.8830901503376648
2026-07-22,341.8702392578125,349.7152025525983,341.51048515922605,347.93634723653764,39334100,-0.014575869467767011,-0.01468314111422393,0.021578899009503962,0.020286036491857957,0.022501767492945992,348.26813354492185,-1.3234171178186451,354.1314203171503,-1.3712053374183595
2026-07-23,317.4859313964844,324.2815511558238,314.69771503877246,320.92372412122546,69419700,-0.07132620819602653,-0.0739977409020535,0.03235888647326469,0.02576323903954535,0.0242221382714481,340.9188598632812,-1.7282049912825745,352.7780049641927,-2.963760769832857
2026-07-24,319.5346069335937,323.97175736278774,317.11617848672984,318.2154780071113,31806600,0.006452807304242025,0.006432077074185693,0.03475050924842036,0.025864048173990246,0.02424036911920899,335.5163330078125,-1.0032422412562862,351.56211925688245,-2.308208025867361
2026-07-27,326.3502197265625,330.2077559724587,324.2415898017393,324.83120713377,28471600,0.021329811059824344,0.021105514503072017,0.036211559383434386,0.026419746762372274,0.024304835241919842,330.4335998535156,-0.3073746203316734,350.7459774925595,-1.6434430940126443
2026-07-28,333.4956359863281,335.66425552638333,324.2316014627561,327.68937042492354,29511900,0.02189493319708058,0.021658681405787927,0.03979750701881744,0.026649354398261292,0.024365797028396412,327.74732666015626,0.5697286249999556,350.5708516438802,-1.1358546850950269
2026-07-29,336.49371337890625,342.2800028423013,331.40698648547414,334.455045685483,27501600,0.008989854945811171,0.008949686757803704,0.04019147794196794,0.024453467669936453,0.02439618102924028,326.672021484375,1.1771629279306997,349.76470365978423,-0.8660578166954506
2026-07-30,333.4456787109375,336.29385412629074,330.12780397797883,333.98534038388266,30168000,-0.009058221734254301,-0.00909949686667879,0.01262635606936041,0.024313645267140534,0.024419233356147135,329.8639709472656,0.521043454751005,348.6363816034226,-0.9723522337743917
2026-07-31,355.9012451171875,358.3496530632621,339.78160132747564,340.611054758666,46498000,0.06734400185679612,0.06517332135002153,0.027392347527313052,0.02843524295690314,0.022768740240668415,337.1372985839844,1.6854757298528622,348.39463297526044,0.48553342672251487
2026-08-03,373.2700805664063,376.4480305309448,363.1166033198653,365.2152604560987,38669700,0.048802401473756474,0.047648943199434565,0.029753188941640835,0.03030901257636951,0.023584030501736426,346.5212707519531,1.5163757761316092,349.04183669317337,1.4935191588709946
2026-08-04,377.4074096679688,380.2755612380555,367.263935640354,367.9834743668337,35705700,0.011084009453113497,0.011023031989775642,0.030587063857555545,0.03015906833879513,0.02361608527370161,355.3036254882812,1.0905279569613537,349.57435244605654,1.6391350933500606
2026-08-05,362.1971740722656,384.2330278418686,356.54080629618977,383.0937455186354,46926300,-0.040301899766845284,-0.041136522902918506,0.042810162556696264,0.031556847920908335,0.024102891797639133,360.44431762695314,0.10099584566830812,349.3554454985119,0.7654988058760318
2026-08-06,357.52020263671875,363.8961093831237,356.65076635274994,360.5382517887205,25235900,-0.012912777267041098,-0.012996871889910474,0.04338396358249437,0.031535869903260356,0.02392414538167449,365.25922241210935,-0.8061997169047146,349.1570013137091,0.5023965696475943
2026-08-07,354.0723876953125,358.6694387836589,353.5527327193329,356.49084652154687,19859900,-0.0096436926248602,-0.009690494164753215,0.03294563116635273,0.03155309108281976,0.02394443433387234,364.89345092773436,-1.074746408948415,348.9385681152344,0.3102853710839103
2026-08-10,357.29034423828125,357.38028276908574,352.4834362714388,354.951850943437,18991400,0.009088414275721046,0.009047363177486133,0.021068496882568705,0.03160604474670392,0.02395779419458975,361.6975036621094,-0.4765777174509798,348.95474824451264,0.5035436971756025
2026-08-11,343.5791320800781,356.5807842683805,343.1694223006263,355.6613923515014,29081800,-0.03837554632895135,-0.03913128533417731,0.021239201652472287,0.03263979699788537,0.024142531424221333,354.9318481445313,-1.6273478463478575,348.54025123232884,-0.2993077407579894
2026-08-12,343.3193359375,346.25744987105145,340.661040926288,346.0875456512855,25012000,-0.0007561464545453589,-0.000756432477468288,0.018051768903038497,0.032289746575645595,0.02414231774937668,351.1562805175781,-1.093483618916748,347.78026326497394,-0.27161859304414676
2026-08-13,346.13751220703125,347.7065110877775,343.5392066313974,345.5478948342235,17866100,0.008208615054656532,0.008175107615658424,0.019780316773526832,0.03147856248628639,0.023615991057487823,348.87974243164064,-0.4279563341892292,346.61148943219865,-0.030455328394538576
2026-08-14,345.67779541015625,350.22489088982945,344.27870083870846,346.5772111705174,17808600,-0.0013281334171028059,-0.001329016167983482,0.019793548177329166,0.029962022274397294,0.02361558784314941,347.20082397460936,-0.2636994577056359,346.2041320800781,-0.03403354126584331
2026-08-17,343.7790222167969,347.0269344906474,341.7103446182459,346.04755304110785,18291300,-0.005492898932390022,-0.005508040374125164,0.018258912194730217,0.029604981110046478,0.02359467880364614,344.4985595703125,-0.5506300179664158,346.0723121279762,-0.14820318701754476
2026-08-18,343.9789123535156,344.6484648943574,339.97147845233087,342.19005363605754,19248800,0.0005814494887728117,0.0005812805125164137,0.00498940847007929,0.02939848166564112,0.02359501318971937,344.578515625,-0.48071693802236726,345.70159912109375,-0.11168901711790168
2026-08-19,344.4985656738281,346.5072842825429,340.44117610948047,342.2400076559886,19733800,0.00151071272583847,0.0015095727473440537,0.004980020009838577,0.02925533134629923,0.023439332221592203,344.8143615722656,-0.3022740056479697,345.5859592982701,-0.07050277801551912
2026-08-20,340.451171875,343.6790774504127,338.3525147854226,342.83962071417653,18570400,-0.011748652105159185,-0.011818212885360774,0.005466161104021474,0.029191685070207463,0.02346338982882934,343.6770935058594,-1.655643008293716,345.5183846609933,-0.3281107598898082
2026-08-21,344.5985107421875,345.97762917305914,340.1813365286692,342.359928876986,20849800,0.012181890414259655,0.012108288326051988,0.008906181030378046,0.023869526236586176,0.02353088874166194,343.46123657226565,0.6621772166040958,346.80945986793154,-0.1573216558107974
2026-08-24,347.83642578125,351.3741604480826,342.2699962782288,343.39927531721605,26338200,0.00939619568316985,0.00935232602765167,0.009338490880870142,0.023893496061056223,0.02353485270695769,344.27271728515626,1.3579679285756339,348.15716552734375,-0.025479957192245006
2026-08-25,346.73712158203125,349.9350782600912,345.37800981753963,349.41542326154587,20649700,-0.003160405632474217,-0.00316541026157552,0.009660336373064274,0.023612157598751418,0.02343676858991619,344.82435913085936,0.6761250443531112,349.1279703776042,-0.20669997854836744
2026-08-26,341.7803039550781,346.65717399060424,339.96146577825954,346.3973312516375,20420300,-0.014295607012993039,-0.014398773602599462,0.012026433181076854,0.02348944781160876,0.023489244547880046,344.28070678710935,-0.7937240586472504,349.52247837611606,-0.6949668679791456
2026-08-27,340.4311828613281,341.4705233735174,338.3025461528343,339.4518318672432,23391400,-0.003947334232365041,-0.003955145518750809,0.010805827574518114,0.02344446379863522,0.023480345061258175,344.276708984375,-1.2183658146587761,349.7099769228981,-0.8480395162748199
2026-08-28,346.36737060546875,348.91575095848634,340.0514228221321,340.49114263603377,25347200,0.017437262045876256,0.01728697751065173,0.012390020641310694,0.02360773897760473,0.02341397888523228,344.63048095703124,0.5267510881642875,350.3252955845424,-0.38325371030917194
2026-08-31,339.13201904296875,344.3686432833908,336.94342338566804,343.60912172254496,33493600,-0.020889241240744538,-0.021110508265309195,0.014569048683256088,0.019108256355387262,0.023517988237001984,342.889599609375,-1.081434824035476,349.5267610095796,-0.9880025356153779
2026-09-01,334.8047790527344,336.9834018439635,332.8360433203593,335.7841605001305,23342700,-0.012759750619967591,-0.01284185541007983,0.014892144824002303,0.015402445942609453,0.023065279925962575,340.5031311035156,-1.358515082037297,347.69507998511904,-1.360136653854742
2026-09-02,336.9034423828125,339.78159726283246,332.6062167342666,333.84541044728496,22582300,0.006268319514482146,0.006248755313591716,0.015188704099471727,0.015185043870565317,0.023067834193219127,339.5277587890625,-0.5983445444258753,345.7663196382068,-1.284701167036996
2026-09-03,342.260009765625,344.4585782378343,339.841550898423,340.34122971001256,20726900,0.015899414220665653,0.01577434250397996,0.017259361304940355,0.013471140830824214,0.022679351757661764,339.8935241699219,0.5197404813146373,344.81693086170014,-0.44004542607425295
2026-09-04,338.4599914550781,343.5299987792969,337.0899963378906,342.4700012207031,23189300,-0.01110272366657461,-0.01116481894860817,0.015136293019932424,0.013406875407036282,0.022687742962469372,338.3120483398437,0.053518908442147115,343.9093017578125,-1.0516496872724548
2026-09-08,338.3599853515625,339.67999267578125,333.2200012207031,335.4200134277344,22915800,-0.00029547392909179404,-0.0002955175901138548,0.012005121131884424,0.013315188656754991,0.02263294668013861,338.1576416015625,0.07416227922324561,343.1610921223958,-1.009087783488016
2026-09-09,330.6499938964844,331.8500061035156,327.8999938964844,331.6499938964844,33151600,-0.022786357101497345,-0.023049978481822397,0.015105733402593441,0.01379767625644232,0.022795058407744685,337.3266845703125,-1.5797882292347187,341.8925040108817,-2.5934351986075552
2026-09-10,332.6000061035156,333.2300109863281,327.739990234375,328.2300109863281,23557600,0.0058975116982513676,0.005880189448217826,0.015053191509888082,0.011283918580126005,0.02266333935710775,336.46599731445315,-0.8154504277828707,341.3696884881882,-1.8414436862205077
2026-09-11,338.5,342.9800109863281,335.0299987792969,335.0299987792969,24708300,0.01773900718043908,0.01758350724258357,0.015615639759597278,0.012032982088932102,0.02277720204944352,335.7139953613281,0.733892489037095,341.1401963006882,-0.5523615851652945
2026-09-14,349.3900146484375,349.9100036621094,342.1400146484375,343.1199951171875,35905400,0.032171387439992705,0.031664726371528305,0.020468080027959922,0.013851041657565667,0.023131709114086966,337.9,1.5736625546344867,341.29507736932663,1.6197672151963616
2026-09-15,344.9800109863281,348.07000732421875,342.70001220703125,346.79998779296875,21928600,-0.012622008292214049,-0.012702342541100076,0.022158382155948873,0.014143163127692936,0.022920773221564664,339.2240051269531,0.7217674725140599,341.2618495396205,0.7482360983287937
2026-09-16,342.8699951171875,348.3999938964844,340.6400146484375,347.0799865722656,18928900,-0.006116342402297192,-0.006135123846144078,0.017902470461091818,0.014155816999648782,0.02288105135434735,341.6680053710937,0.18754297476567167,341.2185625348772,0.33361366552636124
2026-09-17,347.3299865722656,349.5,343.8900146484375,348.67999267578125,19238400,0.013007820802615866,0.01292394567367961,0.018043508369454956,0.014440033945179318,0.02273522897500261,344.61400146484374,0.6458242950889592,341.37813749767486,1.168071690685271
2026-09-18,349.5400085449219,359.44000244140625,348.45001220703125,357.3099975585937,47631800,0.006362888486728613,0.006342730774113352,0.01734141431033374,0.014495978903364745,0.022698990479727368,346.82200317382814,0.9427013366885706,341.61820620582216,1.4774999817161771
2026-09-21,354.9700012207031,357.6099853515625,349.1000061035156,350.6400146484375,30455400,0.015534681418546192,0.015415253516725468,0.012182656646465454,0.01453896444401853,0.021851440547152958,347.93800048828126,1.509385589384992,342.309579031808,2.0788181072003384
2026-09-22,351.1600036621094,364.1700134277344,350.2200012207031,357.6499938964844,29788600,-0.010733294491060086,-0.010791311814517797,0.011575073284053583,0.01460064874452205,0.021856096186140202,349.1739990234375,0.44184560243522464,342.62203107561385,1.339257388765833
2026-09-23,337.8299865722656,350.0,337.45001220703125,349.8599853515625,35576200,-0.03795995258808027,-0.038699199856587034,0.022444990021272634,0.01680789945746994,0.022398484290051084,348.16599731445314,-1.61088493530393,342.1455339704241,-0.6807087403552217
2026-09-24,342.3599853515625,343.0899963378906,336.0199890136719,336.2200012207031,23777200,0.013409108010984161,0.013320001596730685,0.02251565576171785,0.017103215608332646,0.022457220457569108,347.1719970703125,-0.6932029852055329,341.93709891183033,0.06763333010132141
2026-09-25,343.9200134277344,347.0299987792969,341.1099853515625,342.3500061035156,21880800,0.0045566892829778105,0.0045463390044587874,0.022345337099909036,0.016836827114439176,0.022338468442760783,346.047998046875,-0.307629000441173,342.0389898390997,0.30012977222157916
2026-09-28,342.75,343.5899963378906,339.5599975585937,340.70001220703125,19318300,-0.0034019928531441312,-0.003407792788792967,0.01986414781981831,0.016830337519666515,0.02152491134124201,343.6039978027344,-0.17729287885604247,342.14940970284596,0.09597092487917495
2026-09-29,340.9200134277344,342.8399963378906,338.0199890136719,341.95001220703125,21066900,-0.005339129313685298,-0.005353433401567245,0.019753670751423903,0.016409224679080837,0.021487336103617433,341.5559997558594,-0.27150504022048744,341.8900117420015,-0.1567810798518221
2026-09-30,344.0799865722656,352.6000061035156,340.989990234375,344.1499938964844,37373700,0.00926895758556312,0.009226264409587674,0.008004373910882013,0.01585354669987695,0.02147558697725897,342.8059997558594,0.9900679241621472,342.1256292433966,0.3167068405275621
2026-10-01,338.239990234375,353.2200012207031,335.510009765625,350.7900085449219,33269300,-0.016972787043119886,-0.017118475640452633,0.010121651248852259,0.016062154991020833,0.021571721827431476,341.98200073242185,-1.5315760525880737,342.2892107282366,-0.6736853464383215
2026-10-02,343.5,345.7699890136719,341.1600036621094,341.32000732421875,23772100,0.015551117305733664,0.015431437852412473,0.0128088746743068,0.016349305953845816,0.02153717629209448,341.897998046875,0.6771074399798765,342.60333251953125,0.15233659620634774
2026-10-05,346.4700012207031,348.0899963378906,342.3999938964844,342.5899963378906,25630600,0.008646291763327874,0.008609126655959535,0.013188685390696068,0.016096693417222023,0.021569077397608542,342.6419982910156,1.2135510355918582,342.8038083031064,0.6166629683054679
2026-10-06,347.67999267578125,349.0899963378906,344.67999267578125,347.3699951171875,18715600,0.0034923411862932685,0.0034862571237791466,0.012504628171107859,0.015878115742518708,0.021510071639418517,343.993994140625,1.0118851558270259,343.24285598028274,0.7458838874308159
2026-10-07,350.5,350.79998779296875,343.07000732421875,346.7200012207031,20855300,0.008110927817605251,0.00807821103250221,0.012393037040218668,0.01594159386791898,0.021514170358127912,345.2779968261719,1.118721557746222,343.8209519159226,1.1058441404592096
