Date,Close,High,Low,Open,Volume,return,log_return,rolling_vol_5d,rolling_vol_21d,rolling_vol_63d,rolling_mean_5d,zscore_5d,rolling_mean_21d,zscore_21d
2024-12-30,419.0604553222656,421.7435167493127,416.1702542921768,420.2737617749032,13158700,-0.01323949516003653,-0.013327918597734256,0.010455265832773522,0.012453723911712962,0.013664766740940682,427.72120971679686,-1.4723956528540816,433.5331086658296,-1.7274036584587698
2024-12-31,415.7757263183594,420.93470998738326,414.9471377359365,420.31326102478425,13246500,-0.007838317746732382,-0.007869198835655657,0.010402656687389177,0.012574712864895188,0.013398593802860344,425.0085693359375,-1.187802129472516,433.44104439871654,-2.0614681198247284
2025-01-02,412.8953247070313,420.2836247921959,409.21600045312425,419.7509500092328,16896500,-0.006927777234216226,-0.006951885692793236,0.005745521001661218,0.011961148777156165,0.013384068034260933,420.9149230957031,-1.0466910116234356,432.85858444940476,-2.095868361181086
2025-01-03,417.6005859375,418.27134378737713,413.8423310893823,415.3613950253171,16662900,0.011395772606064947,0.011331329910166612,0.011022650619966722,0.012276055938501227,0.013457140022081667,418.00302734375,-0.09175337070815094,432.48985363188245,-1.493408314634751
2025-01-06,422.0394287109375,428.4215616547056,419.70162020086,422.1873855590837,20573600,0.010629397857458533,0.010573302961246268,0.011404842833377647,0.012069554966238917,0.013517830018920275,417.47430419921875,1.3286156960505153,432.04032825288317,-0.9778612267787387
2025-01-07,416.6338806152344,424.801430542522,415.0851952170159,423.1738448521772,18139100,-0.012808158972761441,-0.012890890626878362,0.01129022579842533,0.011955896586250075,0.013466308658618418,416.9889892578125,-0.1067818603601776,431.0891389392671,-1.3510623870535048
2025-01-08,418.7941589355469,421.1714329663283,415.81518360520914,417.7090917280971,15054600,0.005185075964351471,0.0051716797449632606,0.0108510254215495,0.012029307796878276,0.013391962149899676,417.59267578125,0.36143360805525293,430.1961946033296,-1.0447445534141482
2025-01-10,413.2602844238281,418.9420378382353,409.3836345721572,418.8631375574346,20201100,-0.013213829261096266,-0.013301908674321442,0.012348074351961811,0.01213542050424175,0.013477841095040655,417.66566772460936,-1.3780370996741484,428.92465064639134,-1.390078893822466
2025-01-13,411.5242614746094,412.81646832203865,406.690813027426,409.6007318390263,17604800,-0.004200797934500566,-0.0042096460743361415,0.010681873900673102,0.012118794350022813,0.013479431921989868,416.4504028320313,-1.167543602199579,427.6967962355841,-1.3815920029823046
2025-01-14,410.0248718261719,414.0395749911103,405.14208486737954,412.1357932076061,16935900,-0.0036435024342544864,-0.0036501561560664934,0.00764992382812145,0.011581071665629493,0.013486863888094497,414.0474914550781,-1.1115335644975146,426.13167753673736,-1.36851908327294
2025-01-15,420.5203552246094,422.3353628905166,412.58953664498,413.43787278736687,19637800,0.025597187194261295,0.02527506458520857,0.014631458628956163,0.013169086622240433,0.013833732347895951,414.8247863769531,1.238637472614509,425.03957112630206,-0.4061007487736147
2025-01-16,418.8138122558594,423.6571336957602,418.6264203199314,422.8778842735224,15300000,-0.004058169711757431,-0.004066426428137076,0.014691407417801615,0.013160856852041821,0.01384383919425762,414.82871704101564,0.8658542672160572,423.97376650855654,-0.48858830930692326
2025-01-17,423.2034301757813,428.57942688248704,422.3551241092644,428.1947089431654,26197500,0.010481072475327702,0.01042652683537454,0.013058219257159389,0.013199403143145091,0.013876705177877334,416.8173461914063,1.1090115836752916,422.91406976609005,0.030968007944382477
2025-01-21,422.68060302734375,425.0480029513297,419.819993531564,424.35752761269225,26085700,-0.0012354038534621026,-0.0012361675938860526,0.012607823208739499,0.013050276259808922,0.013877928336964836,419.0486145019531,0.6800268908627856,421.69466581798736,0.13472290773145568
2025-01-22,440.1402587890625,441.1957044539868,430.0787709144918,431.6175824572203,27803800,0.041306971828535266,0.04047662784344345,0.018703554720550547,0.01364669143171525,0.01476186536375771,425.0716918945312,1.7512560223872726,422.1084928966704,2.2257897486375087
2025-01-23,440.643310546875,440.68277574358376,435.50407496539947,435.9972845633218,18389300,0.0011429351161753587,0.001142282463081556,0.0182308799176056,0.013640661250493307,0.014761771695168083,429.0962829589844,1.1048407308280583,422.56318737211683,2.039950257566448
2025-01-24,438.0293273925781,440.5841496239721,435.40544858930485,439.1143945823717,15549500,-0.005932197520603921,-0.005949862901983189,0.018593213671906337,0.013720369925093292,0.014571895843145137,432.93938598632815,0.5544167668182616,422.9136032831101,1.619665679892617
2025-01-27,428.6583251953125,429.2896479328885,417.74853125025015,418.2516146753107,35647800,-0.021393549726562044,-0.02162570882098254,0.022975300574382216,0.014554381830133578,0.014811402204905068,434.0303649902344,-0.6731775585935919,422.88119361514134,0.6205066486247184
2025-01-28,441.1266479492188,442.2906153004339,425.5214900534852,428.6977608632086,23491700,0.029086855476853968,0.02867186094464984,0.02549456960436279,0.015742822537470207,0.015233633999496544,437.7195739746094,0.6550300813533563,423.25086466471356,1.8085906337578601
2025-01-29,436.3227844238281,440.81100977301065,434.41900262341227,440.6235877197962,23581400,-0.010889987144788615,-0.010949717089510863,0.018915417410837923,0.015936635871072052,0.015277042638641795,436.9560791015625,-0.12578464859134278,423.44908941359745,1.2732903171892407
2025-01-30,409.3541259765625,417.1172408671569,407.54899194570174,413.0827896381068,54586300,-0.06180896210331577,-0.06380168557778264,0.03328169166434115,0.0209590045727629,0.017290680817291938,430.6982421875,-1.669414941224154,422.7191409156436,-1.2655816278867127
2025-01-31,409.4231262207031,414.9766708005648,409.2751693701902,413.2899024984714,34161900,0.00016855880950505941,0.0001685446050650951,0.03379380622400865,0.020792513205023202,0.01721200969369081,424.977001953125,-1.0432692801999257,422.26022048223587,-1.1744562237157408
2025-02-03,405.3394470214844,409.7684602096033,403.1101296878746,406.010204945589,25679100,-0.00997422699815298,-0.01002430285716382,0.033493993847177495,0.020832832251722368,0.01725083814825636,420.3132263183594,-0.8821796372687049,421.7632548014323,-1.4326374583872403
2025-02-04,406.7696838378906,408.2986516716073,404.1753965052981,407.0853452090854,20532100,0.003528491556683999,0.003522281035245211,0.02733368506297925,0.020813877747484655,0.015344855373397165,413.44183349609375,-0.5168624746954019,421.4715576171875,-1.248600499905249
2025-02-05,407.6772155761719,408.2098602907994,404.8264495269334,406.749979083578,16316700,0.0022310702452519315,0.0022285851036961428,0.028575700053274308,0.020644628877352276,0.015298101346075023,407.7127197265625,-0.020377522934340482,420.99901617140995,-1.098115197162163
2025-02-06,410.1728515625,412.5205341470821,408.3775613386283,408.3775613386283,16309800,0.006121597898967712,0.0061029370360255126,0.006211592269189826,0.020540538407405738,0.015303652368025802,407.87646484375,1.1716153065814856,420.4339410691034,-0.8305252428648214
2025-02-07,404.1852722167969,412.9643971851394,402.5576865372201,410.8238843523212,22886800,-0.014597697831278289,-0.014705292596617289,0.009195025400783175,0.020595217758493836,0.015392388394093548,406.8288940429687,-1.1506958937861829,419.84115019298736,-1.2197161460166135
2025-02-10,406.6217041015625,409.8176925215145,405.33937124502273,408.0914590052598,20817900,0.006028007580292982,0.0060099118270774635,0.008731959113287635,0.020609489139373063,0.015176981978859442,407.08534545898436,-0.21496210806000254,419.26150948660717,-0.9607517111329016
2025-02-11,405.8523254394531,406.88805357704496,403.741373863551,404.0767828884028,18140600,-0.0018921239430869097,-0.0018939162708225736,0.008618940072479538,0.020429778142387483,0.015090852392484908,406.90187377929686,-0.47101876820632643,418.90874953497024,-0.9727806585619712
2025-02-12,403.4849548339844,405.17172339110687,398.8783635040398,401.6797906754277,19121700,-0.005833083752582624,-0.005850162633026145,0.008747186585043535,0.020446351411673083,0.015084819197155555,406.06342163085935,-0.9848294987805621,418.5259254092262,-1.0936132465241255
2025-02-13,404.9645385742188,405.4182829681306,400.8412835235649,401.4726062482461,23891700,0.003667010931902581,0.003660303838969855,0.00822970916285351,0.020460120795690945,0.015035488477294233,405.0217590332031,-0.045542275627534594,418.28495715913317,-0.9546811558173535
2025-02-14,402.8832092285156,403.35670130819824,400.3678521686821,402.25191655873215,22758500,-0.0051395348171250355,-0.00515278765464171,0.005286708603991042,0.019595889838501107,0.01496598060076793,404.7613464355469,-1.196907618002496,417.4450930640811,-1.0156865344287807
2025-02-18,404.0767517089844,405.0237056562673,400.9793811541372,402.4590098668831,21423100,0.0029625024154127377,0.002958122852643581,0.004433596053433402,0.019619514772330093,0.0149553219011009,404.2523559570312,-0.1489266896791166,416.74332827613466,-0.8661242978613191
2025-02-19,409.1370849609375,409.8473079963777,402.1137850010984,402.34067225656025,24114200,0.012523198205665498,0.012445431544150377,0.007496950336339948,0.019686768486751396,0.015034654741905833,404.9093078613281,1.7012066114067925,416.0735023135231,-0.47393231700240446
2025-02-20,411.30169677734375,414.4447923675228,407.75335474991726,410.47144681938056,23508700,0.005290676147367446,0.005276729689487256,0.006280880557490079,0.019744163629641324,0.014621636086810476,406.47265625,1.348208834593363,415.53164963495163,-0.2899292284430594
2025-02-21,403.4736022949219,413.1994268757111,403.1573381232245,412.49767332735263,27524800,-0.019032487693965372,-0.019215936880508277,0.012088896409183897,0.01761067246971381,0.014820694094769497,406.1744689941406,-0.7117838262381587,413.7856183733259,-0.7548037661628385
2025-02-24,399.3124084472656,404.6200957828949,394.6867174896375,403.7700887978409,26443700,-0.010313422796405347,-0.010366974661515913,0.012770651628366724,0.017617085718302193,0.014860436583383608,405.46030883789064,-1.2868419655255732,411.8174801781064,-0.9980584565318554
2025-02-25,393.283203125,397.25657880262406,392.09714469384,396.4460859350655,29387400,-0.015098968112987832,-0.015214118099635405,0.013641102650185142,0.01776557847672834,0.01496340990235812,403.3015991210938,-1.368517310261085,409.68671235584077,-1.4115720229421518
2025-02-26,395.0920104980469,398.917102708898,389.6755831630129,393.3919661639477,19619000,0.00459924898565256,0.0045887047580277125,0.011325332251070927,0.017467114014015305,0.014969977685941896,400.4925842285156,-0.7484615535834218,408.0883164178757,-1.1623639885456392
2025-02-27,387.9754943847656,401.0322110218146,387.61968592381214,396.6140749840697,21127400,-0.01801230074055482,-0.018176496918502434,0.009719562124770887,0.016034307761015703,0.015072872502288436,395.82734375,-1.3306506335294068,405.55730910528274,-1.9190584703788947
2025-02-28,392.3837585449219,393.0163471729864,382.0846775634414,388.1040123360274,32845700,0.011362223191819565,0.011298157959475372,0.012871263474930762,0.01642893921379035,0.015137761474845099,393.609375,-0.2970985532119465,403.4649745396205,-1.7371501344239715
2025-03-03,383.9823913574219,394.1925506012372,381.6794393165997,394.1925506012372,23007700,-0.021411098203082624,-0.02164364108972872,0.01476907691919677,0.01033809729262984,0.015082006459154007,390.5433715820312,-1.4559813467014873,402.25679670061385,-2.433281777865756
2025-03-04,384.1009521484375,388.0248895313717,376.5792652913011,378.9514121108331,29342900,0.00030876621867093057,0.0003087185601920009,0.014456903156359835,0.010340322180198128,0.015026294275374786,388.70692138671876,-0.9288436477266246,401.0509788876488,-2.043653352091131
2025-03-05,396.3670043945313,397.0094866568717,384.29868393839774,384.822533208354,23433100,0.03193444894495734,0.03143514657779929,0.021867031416827387,0.012641921488032474,0.015580679534789893,388.9619201660156,1.3754335014384598,400.6237197149368,-0.5132824581564229
2025-03-06,392.2849426269531,397.4838909032578,388.12376908504734,389.70521049036057,23304600,-0.010298692177502788,-0.010352090647104926,0.020415196488256373,0.012752212368773871,0.01544466372168964,389.8238098144531,0.44509921683327003,399.93397013346356,-0.9151198644601406
2025-03-07,388.7464599609375,390.2191619837315,381.0666253730808,387.76795648683793,22034100,-0.009020184772629891,-0.009061112944979808,0.020178169999463244,0.012814953237766408,0.015473855914239163,389.0963500976562,-0.06546623602970593,399.03250558035717,-1.209944304384432
2025-03-10,375.7490539550781,381.9166423511981,372.8431639999478,381.3631423753148,32840100,-0.03343414627406616,-0.03400584636321716,0.02366415092281205,0.014396835721048152,0.015873222558915157,387.4496826171875,-1.4721012577051646,397.39327712286087,-2.277071646011138
2025-03-11,376.0356750488281,381.5212666884101,372.5367409966354,374.6024872406928,30380200,0.000762799242561174,0.000762508459082497,0.023687272291820962,0.014225769246150006,0.015776622753866792,385.8366271972656,-1.034902800011484,396.05282011486236,-1.917605802149595
2025-03-12,378.8229370117188,380.7503233781215,374.55308456142495,378.5066728711865,24253600,0.007412227476897737,0.007384891913979165,0.015739129041962452,0.014274507004198808,0.015814583600849988,382.32781372070315,-0.45678149061582335,394.7290693010603,-1.4744146881820153
2025-03-13,374.3751525878906,380.8491715851453,373.0704913614682,378.71423026442886,20473000,-0.011741064199844331,-0.011810534802046474,0.015782647136847232,0.014386747514642011,0.015827405960026436,378.7458557128906,-0.7510980817963242,393.2301563081287,-1.6629821828798035
2025-03-14,384.0515747070313,385.7022111357248,375.10659301872727,375.3734493768336,19952800,0.025846859900428232,0.025518476251983762,0.022207375154591622,0.01573350650363718,0.016210300745037765,377.8068786621094,1.623544775064672,392.3047572544643,-0.7334876963822141
2025-03-17,384.1899719238281,388.15342385678485,381.0962841175908,382.2131776873556,22474300,0.0003603610189657491,0.0003602961045283744,0.0136676836903906,0.01568687992587587,0.01610346581454002,379.4950622558594,1.0405129755488318,391.3154921758743,-0.6481542902894942
2025-03-18,379.0700378417969,382.8753726383068,376.6781337960948,382.5788655792479,19486900,-0.013326568771155678,-0.013416164380462722,0.01590929531371527,0.015859240266477826,0.01615779771608672,380.10193481445316,-0.2506251422441912,390.18153163364957,-1.0130070154262334
2025-03-19,383.3201904296875,385.1585946525035,379.5445060727477,381.0567525075918,19185500,0.011212050976353805,0.011149661839792966,0.016334498858049704,0.01610932991367558,0.016244907110433117,381.0013854980469,0.544717285772238,389.193123953683,-0.5549665531638905
2025-03-20,382.3515625,387.244140619299,378.8328709429988,381.2643195664349,18470500,-0.002526942107071606,-0.0025301402140346656,0.0147744817263121,0.015741397263806252,0.016173990914303257,382.59666748046874,-0.11659756721941607,387.91762288411456,-0.5780028695595184
2025-03-21,386.7202758789063,387.1946872029837,378.35841433019584,378.7735544022507,39675900,0.011425906959400267,0.011361124284670272,0.01037213194773899,0.015960162423485195,0.016230192627014937,383.1304077148437,1.2866363345454361,386.747079031808,-0.0033497247281500608
2025-03-24,388.5191040039063,390.81219242783766,385.2870564688155,390.81219242783766,21004500,0.0046514967980713084,0.0046407120174901395,0.010442821887327902,0.015588031352511928,0.015585289456706666,383.99623413085936,1.2163467366728997,386.0349600655692,0.35250702216671265
2025-03-25,390.5749816894531,391.7610400507305,388.0842319836349,389.3493790004213,15775000,0.005291574247855202,0.005277623063023783,0.005709452995283883,0.015531794153875993,0.01560953067464735,386.29722290039064,1.2368695197178914,385.61889212472096,0.7675278704884638
2025-03-26,385.4452209472656,390.72325787798576,384.0614710304359,390.4168571879551,16108400,-0.013133869250914199,-0.013220881220635165,0.009401399401137985,0.015446788633579388,0.01567814566843129,386.72222900390625,-0.40999118303996523,385.2456548781622,0.032115584060503265
2025-03-27,386.048095703125,387.6888383797828,382.9050004114053,385.6033351411741,13766800,0.0015640997036563409,0.0015628777736957755,0.009181291611541808,0.015406516116433178,0.015682732845201323,387.46153564453124,-0.6772101318816793,384.8149922688802,0.2127190120168238
2025-03-28,374.4048461914063,384.61500612887534,372.5565482590105,383.5771709738401,21632000,-0.030160100882021923,-0.030624273563056803,0.015451415665176545,0.016309268974440683,0.016033947221992008,384.9984497070312,-1.6908235229555177,384.1687709263393,-1.5821641356510698
2025-03-31,371.0343933105469,372.6948931611048,362.978933000102,368.2174556076631,35184700,-0.00900216147078492,-0.009042925755218806,0.014147723408506617,0.016101698235366647,0.016056236756706345,381.5015075683594,-1.2544795249950407,383.15213448660717,-1.8642602010547147
2025-04-01,377.7554931640625,378.4078388750376,368.89946352111616,370.3029705230893,19689500,0.018114492819780725,0.01795238019301857,0.01800273466707641,0.01608640533609447,0.01614099358924038,378.93760986328124,-0.17755015354086517,382.8556155250186,-0.7725707033351288
2025-04-02,377.7060852050781,380.61194495123306,372.2501138660857,373.584455994143,16092600,-0.00013079348911793076,-0.00013080204333222706,0.017762955499152282,0.016085205870841425,0.016075246974775515,377.38978271484376,0.056695187296656555,382.5510980515253,-0.724422587043618
2025-04-03,368.7808227539063,373.10014336261634,365.0644702169303,370.4413527847735,30198000,-0.023630179128106388,-0.0239138495113788,0.019332692959849546,0.015039944192429839,0.016300891256937167,373.93632812500005,-1.2887045888686668,381.2374703543527,-1.9028123143378644
2025-04-04,355.664794921875,370.2436515761853,355.30898645827625,359.90502676066706,49209900,-0.03556591618318461,-0.0362137913079139,0.02097645541362429,0.01661135899165096,0.01685453828277728,370.1883178710938,-1.6053027428615967,379.49365379696803,-2.9273981989779334
2025-04-07,353.7077941894531,366.6953473866903,340.7894661963344,346.808801297969,50425000,-0.005502374034100699,-0.0055175678544593905,0.021086960252981755,0.016582460326380395,0.016767099665581944,366.722998046875,-1.121981381787648,377.8251459030878,-2.5103128664294605
2025-04-08,350.4460754394531,369.3145725706382,346.18608632628985,363.98712785508354,35868900,-0.009221506575715854,-0.009264287875948546,0.014776580210008472,0.01520264842389314,0.01670117813330079,361.2611145019531,-0.9375012726223367,376.6202421642485,-2.313119353404334
2025-04-09,385.9591979980469,388.667426732123,349.0030438091915,349.4379409733939,50199700,0.10133691043354087,0.09652481495769069,0.05296974836844067,0.02658758667458848,0.020829629286665804,362.9117370605469,1.5734208202873834,377.09279087611606,0.7712823404753235
2025-04-10,376.92523193359375,379.4456324184745,363.5324334212975,377.6269854135807,38024400,-0.023406531341426562,-0.023684815213748715,0.05293931547316818,0.02708831545959187,0.021003495415155077,364.5406188964844,0.7805753084622948,377.00242396763394,-0.006718867473696427
2025-04-11,383.9428405761719,385.5242517024765,374.49376732812806,376.22346214057205,23839200,0.018618038931961234,0.018446844846172587,0.047864298751514316,0.027246293545831544,0.021100608799744968,370.19622802734375,0.8126209116209487,377.45802815755206,0.5605393732029447
2025-04-14,383.3102416992188,390.07087362207807,379.7520064336394,388.6574731382522,19251200,-0.0016476381640656568,-0.0016489970126244476,0.04747331055519842,0.026672911198587786,0.021097121249278247,376.11671752929686,0.48790544777799116,377.4227265857515,0.5097915555675282
2025-04-15,381.2544250488281,387.3429548173336,379.702634359307,384.0021677861047,17199900,-0.005363323039001555,-0.005377757289510568,0.04698399557468865,0.026697425472533228,0.021101575607756898,382.27838745117185,-0.29844042797372555,377.28293863932294,0.3459355139911333
2025-04-16,367.2982482910156,377.1822197333743,363.730149078798,376.25315416820064,21967800,-0.03660594039275766,-0.03729275087598153,0.021403601405524896,0.027767982790045963,0.02130894887601888,378.54619750976565,-1.6393820976779665,376.72237723214283,-0.8072367377527958
2025-04-17,363.5126953125,369.97682098932336,362.6330375516977,369.4134273859128,21120200,-0.010306482527834615,-0.01035996209370296,0.020046465064347232,0.02767451432261851,0.021332826835305914,375.8636901855469,-1.2744202791173487,375.77916317894346,-1.0297080042142868
2025-04-21,354.95318603515625,360.2510105389955,351.5432339047138,358.6102676210093,20807300,-0.02354665844609749,-0.023828311113773898,0.014703840520592069,0.028062200181619642,0.021440842370624862,370.0657592773438,-1.2554701816818024,374.4744785853795,-1.544992962037743
2025-04-22,362.5637817382813,363.5027407564185,355.6845171480121,359.16369376749947,19485000,0.021441125203398803,0.02121449798399843,0.021940740851321132,0.028404113838021657,0.021652636336035938,365.9164672851563,-0.3465530558558707,373.3241693405878,-0.8564459307550951
2025-04-23,370.0460205078125,375.9764033603888,368.6918910858119,371.6966268435602,20545500,0.020637027597346425,0.02042696921433984,0.026244535897936832,0.028824213894892155,0.02115333678159751,363.67478637695314,1.1131063881078649,372.4444986979167,-0.19847593524560314
2025-04-24,382.8062133789063,383.9428942596604,370.8367380816756,371.34083029267134,22232300,0.03448271880773923,0.03390151318982853,0.024236869932369672,0.02985963075168811,0.021647513675305118,366.77637939453126,1.5356761525473233,372.0745573497954,0.9242384059065679
2025-04-25,387.3034057617188,387.6098064465498,380.1375268589871,382.5096738423667,18973200,0.011747960784432632,0.011679489238752729,0.021892142455980375,0.029842662275720813,0.021712544769835824,371.53452148437503,1.1646045946684984,372.1630423409598,1.29130415091088
2025-04-28,386.6214294433594,388.1830836548117,382.1538852231593,387.4121350910717,16579400,-0.0017608322266574605,-0.0017623843139671815,0.013185786130959535,0.02984405281458872,0.021566000582309838,377.86817016601566,0.7945715009180483,372.19034394763764,1.2271928985983327
2025-04-29,389.468017578125,390.5157161336794,385.8504804253008,386.7597889027506,14974000,0.007362727251989165,0.007335754689196467,0.013556601039974475,0.02903044477173021,0.021247515495040697,383.2490173339844,0.8011980647676525,372.90763782319567,1.341352038046113
2025-04-30,390.6737976074219,392.0575473383676,379.97933510918136,385.771326898526,36461100,0.003095966741492484,0.0030911841051730316,0.013817395657895918,0.028922760411142317,0.021225508051876577,387.3745727539063,1.0890608023379555,373.8428475516183,1.3019791159713099
2025-05-01,420.464111328125,431.9196298528696,419.9699127886788,426.1078502028247,58938100,0.07625367737264699,0.07348619359266251,0.030993076425712703,0.03270229591159354,0.021792424498288228,394.90615234375,1.7773308624927338,375.87659127371654,2.7100926552622413
2025-05-02,430.2294921875,434.3412277785372,425.0008630376841,426.7305579775838,30757400,0.023225242288881676,0.022959640924329193,0.03075793271490286,0.032905161681766194,0.021976491181016515,403.4913696289062,1.3170767464026345,378.37770589192706,2.5556164768285066
2025-05-05,431.1091918945313,434.400541084053,427.0962717736997,427.8474632490504,20136100,0.0020447219983885656,0.0020426343995849886,0.030093162113952847,0.0321973168504365,0.02193328874971994,412.3889221191406,0.8999355885078298,381.34572347005206,2.147785284477007
2025-05-06,428.2823181152344,432.6510462950511,426.1671641389629,427.18521188154574,15104200,-0.006557210638154287,-0.006578803588607856,0.032323914957151416,0.03080797451257003,0.021951305062179665,420.1517822265625,0.47810558585273033,384.80370076497394,1.7728593575755147
2025-05-07,428.3218994140625,433.0365428333408,426.1078693467033,428.80620435216304,23295300,9.241870876741665e-05,9.241443842165606e-05,0.03271830823950264,0.03070132365352804,0.021950740899727247,427.6814025878906,0.15191568683281892,388.35675339471726,1.5865392482978051
2025-05-08,433.0859680175781,438.5221520354275,430.6050816589352,432.8487322038109,23491300,0.011122636059544888,0.011061234422273629,0.011423619808808579,0.03041197453400902,0.021978989486973924,430.2057739257813,1.4241247126646615,392.291986374628,1.6044503769626688
2025-05-09,433.6394348144531,435.6260923106028,430.8224972788424,434.8946881691784,15324200,0.0012779605846120479,0.0012771446880326055,0.006304334602453454,0.0230986911275981,0.021888449481966124,430.88776245117185,1.082948884486202,394.5624738420759,1.451763109256209
2025-05-12,444.04730224609375,444.1560114514232,434.67728663767485,440.7658165502587,22821900,0.024001201449987963,0.023717699907631607,0.011778446201834467,0.02240501037418585,0.02206528177671419,433.4753845214844,1.6437042501207721,397.7587629045759,1.615799854746216
2025-05-13,443.9287414550781,445.4409879937276,440.1925710100143,442.5845055521178,23618800,-0.000267000363285419,-0.000267036014228434,0.010357308354902842,0.022332582791289978,0.022062319316924966,436.60466918945315,1.038867740619253,400.615234375,1.4365013043423651
2025-05-14,447.6845397949219,448.6333924695745,442.94024625817593,442.94024625817593,19902800,0.008460363092358536,0.008424774806196574,0.00957323216199259,0.022247508686042354,0.02205971649431783,440.477197265625,1.0804571041442714,403.68067714146207,1.3949572203644
2025-05-15,448.6946105957031,451.7246558325709,446.0210270484144,446.3576953837484,21992300,0.0022562110392374546,0.0022536696170493337,0.009868725887965012,0.022090254071283715,0.022058360774857833,443.59892578125,0.8547607475964962,406.8921145484561,1.2836985277591415
2025-05-16,449.8234252929688,449.9125407132096,444.3376746324017,447.6251542704443,23849800,0.0025157750296287418,0.0025126157651852565,0.009701114673903475,0.019598776036288013,0.022041491396946784,446.8357238769531,1.1033793553335913,410.82188488188245,1.1990675611555224
2025-05-19,454.3783874511719,455.0913410046994,446.3873726676465,446.4666065174048,21336500,0.010126111496386425,0.010075185926158388,0.004420323571098562,0.01905528397795335,0.02206601160136902,448.9019409179688,1.4494959756349113,415.1488226027716,1.2275619844038164
2025-05-20,453.6852722167969,453.8535912700005,449.87295142774695,451.13050930908776,15441800,-0.0015254141779564856,-0.0015265788066750898,0.004787647716501349,0.01760545647922942,0.02202811005037216,450.8532470703125,0.9412939013889313,419.850350516183,1.1334257014216975
2025-05-21,448.1401062011719,453.2991005803846,447.38753565613104,450.12052955644793,19216900,-0.012222495097824582,-0.012297804062460217,0.008158755573093352,0.018207183354725088,0.02209250560605695,450.9443603515625,-0.9691928780999512,423.92541358584447,0.8844149005264286
2025-05-22,450.40765380859375,455.7449090739042,449.4570590917957,450.4967994491365,18025600,0.00505990777447618,0.0050471494602969125,0.008425536608863835,0.018079500670056113,0.02193895163986134,451.28696899414064,-0.3316009303865425,427.75215802873885,0.9068237129580814
2025-05-23,445.7734680175781,449.2491205375805,444.5159101158957,445.5754438212613,16883500,-0.010288869986621041,-0.010342166297137148,0.0096326315183277,0.01764921723250171,0.021938730925426524,450.4769775390625,-1.2909005443339887,430.75059872581846,0.6525768806372446
2025-05-27,456.18060302734375,456.4380677238799,451.65532857824905,452.0118204825961,20974300,0.023346241435246773,0.023077886631814475,0.01427809052925444,0.01796465615474171,0.021991617386572123,450.83742065429686,1.279426407928555,434.0304652622768,1.0365763584390544
2025-05-28,452.8831787109375,457.9926743719098,452.45739496057166,456.7054113344306,17086300,-0.007228330828894514,-0.0072545817890911106,0.014733140169881259,0.01814976543763586,0.022022811664891923,450.677001953125,0.5443208658066574,437.18578665597096,0.8372071674442401
2025-05-29,454.1902770996094,457.2005290082406,450.8532686393741,457.0321797296883,13974800,0.0028861712028969144,0.002882014207403682,0.013133836972863723,0.018178181811289836,0.02186833048796211,451.8870361328125,0.5744822861696317,440.2677990141369,0.8946265599398094
2025-05-30,455.8537902832031,457.1608768265464,451.0809934148865,455.2200705832806,34770500,0.0036625909172178783,0.0036558999636116295,0.01308585397325922,0.018172028863376714,0.02183992345059891,452.97626342773435,0.6786605372694932,443.3716081891741,1.1336254608954617
2025-06-02,457.4480590820313,457.5866729937457,452.4177973951138,452.6653502978312,16626500,0.0034973248721650307,0.0034912234531589686,0.011015991826205922,0.010029227763298712,0.021622486045912964,455.311181640625,1.1960379885206185,445.13274855840774,1.2214840320677987
2025-06-03,458.4382934570313,459.5968543955761,456.3489311405408,456.9529759669727,15743800,0.0021646924833107484,0.0021623529122300335,0.004644630369880963,0.009043293602195964,0.02162033168226112,455.7627197265625,1.174115999970265,446.4760248093378,1.211442865354148
2025-06-04,459.3294982910156,461.1316908447896,458.4878122988585,459.4582306475514,14162700,0.0019440017265222043,0.0019421146004875603,0.000767475087680558,0.009043865677858006,0.02130752045170021,457.05198364257814,1.1083211248833658,447.8198489234561,1.1995650756947767
2025-06-05,463.1021728515625,465.0528909924181,459.487906406924,460.4087959802116,20131700,0.008213438445785703,0.008179891724343219,0.002519719725437147,0.008831659935689693,0.021257335010237025,458.83436279296876,1.573619919703248,449.47793724423366,1.5066947971712126
2025-06-06,465.7757568359375,468.7067748339504,464.1914121655199,465.4885869985769,15285600,0.005773205441711449,0.0057566043548533796,0.0026437817123316225,0.008801706165516544,0.021207761747368395,460.8187561035156,1.4158245849399647,451.26145426432294,1.743175251171486
2025-06-09,468.1225891113281,468.7959258262165,464.03300988597726,465.1024554626714,16469900,0.00503854535352577,0.0050258943611568956,0.002614398999905593,0.008656671983677557,0.02067660608504245,462.953662109375,1.2515598629757654,452.92986479259673,1.8975648633013624
2025-06-10,466.3104553222656,468.1720277278758,462.38919566775553,466.5778015728124,15375900,-0.003871066748781793,-0.0038785787201637036,0.004640783474918635,0.00880086465460739,0.020694736840584666,464.52809448242186,0.5215656583707825,454.48562767392116,1.641268775411315
2025-06-11,467.9938659667969,470.81597545897466,465.0628476886827,465.4193094086897,16399200,0.0036100641221261665,0.003603563481099569,0.004568757509374755,0.007481454526764756,0.02068852085815241,466.26096801757814,0.848491003493397,455.62594023204986,1.6796763604206921
2025-06-12,474.1826171875,475.7174632765806,468.88497916047487,470.3702965389571,18950600,0.013224000720432949,0.013137326903152988,0.00606632296075608,0.007798566106968528,0.020632235908420317,468.4770568847656,1.7028920497802333,457.0666009812128,2.1664994620941638
2025-06-13,470.3109130859375,474.4896074244908,468.13246560456287,471.746732054574,16814500,-0.008165006394638796,-0.008198522624182261,0.008281240777765382,0.00807405995185846,0.02049534703751679,469.38408813476565,0.30533207188879224,458.14404732840404,1.5025930940234407
2025-06-16,474.4500122070313,475.98482813726486,470.3505215770748,470.5584575569121,15626100,0.00880077201257179,0.008762270946404221,0.008782934430151369,0.008194288811491474,0.020503798477204925,470.6495727539062,1.0448385044610509,459.37049502418154,1.7671568578131358
2025-06-17,473.36077880859375,474.0539088222925,469.4395189734987,470.7466055851971,15414100,-0.0022957811579995546,-0.0022984205039097865,0.008511956489906504,0.008265495189955084,0.0204047772467898,472.05963745117185,0.4636415987496414,460.49132138206846,1.4692305390135496
2025-06-18,475.5392150878906,476.2917855833799,469.8157931767449,473.3211507460615,17526500,0.004602063324257166,0.004591506208123693,0.00854085114056921,0.00809674401184282,0.020381972622726938,473.56870727539064,0.9948462597412036,461.4989798409598,1.5218655030688115
2025-06-20,472.72705078125,478.72773115460745,472.2022397987241,477.50979012623617,37576200,-0.005913632813901337,-0.0059311875829497086,0.0071352380411501765,0.008252771067430466,0.020402485556799174,473.2775939941406,-0.2787720702299464,462.4057312011719,1.1033921132225328
2025-06-23,481.2428283691406,482.975698635902,467.8848838113984,473.5290716918197,24864000,0.018014153355127682,0.017853821131023382,0.009373931494025196,0.008271434467403301,0.020459830433315274,475.46397705078124,1.697770173146029,463.98205130440846,1.795098522441941
2025-06-24,485.3125915527344,487.0355802812341,482.03499358247046,484.1639726922143,22305600,0.008456776794753651,0.008421218589102709,0.009337201303832978,0.008337664617747417,0.020468858683170343,477.63649291992186,1.4090452057532046,465.6441911969866,1.9371064541242204
2025-06-25,487.4514770507813,489.7190701858364,484.5996928885684,487.2237477118272,17495100,0.004407232648144799,0.004397549239269701,0.008561415080847047,0.007705799369098787,0.02046794770453802,480.4546325683594,1.1166270141984571,467.6288582938058,1.9532450234449585
2025-06-26,492.580810546875,493.1650318097281,487.9862138630066,488.15456314430565,21578900,0.010522757110364322,0.010467778251559217,0.008744003551982812,0.006573971922544458,0.020372869525782884,483.8629516601562,1.1705954108729963,469.3622015090216,2.0816090462779124
2025-06-27,491.0855407714844,494.41263722515527,488.20402140418383,492.6797669341534,34539200,-0.0030355826767399785,-0.003040199403170772,0.0077056298794196615,0.006282106248573462,0.020389608325437934,487.53464965820314,0.781387932945657,471.18136160714283,1.7393161709207399
2025-06-30,492.5411376953125,495.8583524786177,490.4814807195488,492.1747642516352,28369000,0.00296403946559165,0.0029596553615832866,0.005247104189710956,0.0062815269506932715,0.019907881863226805,489.7943115234375,0.8421767944751403,473.0075930640811,1.6760163073581373
2025-07-01,487.2336120605469,493.1748817381986,486.1741086010328,491.61036068604886,19945400,-0.010775801711914834,-0.010834281151177077,0.008080463283243031,0.007053495377873648,0.019928592264219506,490.178515625,-1.1074491352130202,474.50187029157365,1.1214241320274314
2025-07-02,486.2830200195313,488.6694336459704,483.9164299655294,485.1937811955959,16319600,-0.0019509984891958876,-0.0019529041657998332,0.007867977558981581,0.007140610496120313,0.019866743920673502,489.94482421875,-1.2248620892469313,475.87496366954986,0.9528509467746451
2025-07-03,493.9571838378906,495.2345653483035,488.6100468852986,488.9764203666982,13984800,0.015781270376356238,0.01565804091649303,0.009782828484626083,0.007658408693357103,0.01991321607530436,490.2200988769531,1.1201522540460276,477.56633940197173,1.5123890975567928
2025-07-07,492.8481750488281,493.8680919045582,490.38255755326566,492.51150669264047,13981600,-0.0022451516555460627,-0.002247675787270981,0.00971614626296851,0.007756434386672715,0.0196034922726019,490.5726257324219,0.6432487479031206,479.1624668666295,1.3058982709574543
2025-07-08,491.7589416503906,493.3234930972322,489.2735005525455,492.3728680843929,11846600,-0.002210078993048037,-0.0022125248219403092,0.009692933471175495,0.0077646598316620675,0.018917685992770442,490.4161865234375,0.3897858248839221,480.5270749046689,1.107190677430419
2025-07-09,498.5815124511719,501.81949389446856,494.8483949293652,495.40291107466015,18659500,0.01387381137978716,0.013778451053880722,0.00925696811070482,0.008104231552624918,0.018898500982853752,492.6857666015625,1.3329305587605724,482.08925374348956,1.6036408746764852
2025-07-10,496.5713195800781,499.50233742843255,492.877819466512,498.12592881176073,16492100,-0.004031823926264444,-0.004039973641203552,0.009664662156621791,0.008244652330580856,0.018844282142946568,494.74342651367186,0.6546018903721593,483.44395519438245,1.2837177412463645
2025-07-11,498.3933410644531,500.08659454551145,492.9273533491097,493.5908084590741,16459500,0.0036692040247425783,0.003662488916709854,0.007306517291613722,0.00810178037806575,0.014812575223780043,495.6306579589844,0.8741048475177156,484.97171165829616,1.351536153823203
2025-07-14,498.0962524414063,499.0369655948213,496.1257409313552,496.6109349689791,12058800,-0.0005960926813595169,-0.0005962704152359871,0.00711324314812315,0.008142238577044247,0.01439483655029778,496.6802734375,0.4945892601465358,486.40515863327755,1.227851709374752
2025-07-15,500.8688354492188,503.3245408608939,497.8684955298327,498.0962248562551,14927200,0.005566359903779183,0.005550924973583977,0.006770588385923749,0.00783084912937774,0.014283481290754583,498.50225219726565,1.5346571657419978,487.6759309314546,1.3757893649519568
2025-07-16,500.67083740234375,501.760076321519,496.97736708309617,500.2351418346736,15154400,-0.0003953091764982153,-0.0003953873317684028,0.0037934940595794647,0.0074692569014974935,0.014276044703316651,498.9201171875,0.958826718326895,489.1216416131882,1.266720627315858
2025-07-17,506.6912841796875,508.3449206172861,500.67078077223215,500.730191050298,17503100,0.012024760236845289,0.011953037203169418,0.005152890056644857,0.007623645902188253,0.014254692987747035,500.94411010742186,1.6638032182940583,490.65694027855284,1.7358663836212256
2025-07-18,505.0574035644531,509.60250130270686,502.463054063605,509.4440336050126,21209700,-0.0032246076975244176,-0.003229817948618076,0.006110371726618799,0.007659435848656006,0.013254248672842323,502.27692260742185,0.7923408411233589,492.1663033621652,1.4564360580314604
2025-07-21,505.0673522949219,507.0775109565722,500.6014880788464,501.7501372202775,14066800,1.9698217269104035e-05,1.9698023261769972e-05,0.0060341300066285315,0.007679463181199446,0.013123402475800634,503.671142578125,0.511127612032307,493.57240513392856,1.3664594582552367
2025-07-22,500.3241882324219,506.19616579872985,500.3241882324219,505.96840625923335,13868600,-0.009391151577998524,-0.009435526481459297,0.007782286845874997,0.007914714764379636,0.0127289059261129,503.5622131347656,-1.1250030473186887,494.88655453636534,0.7728336007846357
2025-07-23,500.9183349609375,501.8293429250601,495.79895793496456,501.78972599996087,16396600,0.0011875234947458235,0.001186818946443815,0.007805383733578874,0.007114555691165396,0.012578008677167987,503.61171264648436,-0.9559226846101951,495.823483421689,0.7947648446962585
2025-07-24,505.8793640136719,508.6420329312165,502.3343891638857,503.7900015885669,16107000,0.009903867969059732,0.009855146094588946,0.007026367428273192,0.007186705897365603,0.012440415494321351,503.44932861328124,0.9304846172866947,496.8028535388765,1.4419941817840118
2025-07-25,508.6816101074219,513.2167356071609,505.36436506751977,507.4536969863606,19125700,0.005539356402120887,0.005524070590504086,0.007208541029853191,0.007209848603668626,0.01187669230621617,504.174169921875,1.2820278638945837,497.8138122558594,1.6925373793530676
2025-07-28,507.48345947265625,509.9589885432546,505.12675096242896,509.0480107678364,14308000,-0.002355403873382844,-0.0023581822006655214,0.007400725674176159,0.006999523867512951,0.011871744813375744,504.6573913574219,0.7394170314182215,498.5234622047061,1.350671222494659
2025-07-29,507.5527648925781,512.5533213636355,506.5526415108228,510.4838129736145,16469200,0.00013656685479745967,0.00013655753039347172,0.0048341246811525835,0.006932331253722078,0.011858534081675403,506.1031066894531,0.47290510347655723,499.30761573428197,1.2336307325554317
2025-07-30,508.21624755859375,510.89974304598894,504.45345515414937,510.127348903314,26380400,0.0013072190950551565,0.001306365428046142,0.004824010503071768,0.006925151539603503,0.011858132267091617,507.56268920898435,0.6148784180725676,500.0540495372954,1.2065362246692373
2025-07-31,528.2779541015625,550.0131135040644,526.6936395202101,549.7952354974353,51617300,0.03947474453904731,0.03871553224305111,0.017038884243913453,0.01018800518376362,0.012627652576801112,512.0424072265625,1.7862078532922887,502.008542015439,3.0669396944787404
2025-08-01,518.9797973632812,530.5553736121248,515.7616096000787,529.7632164041114,28977600,-0.017600879737816322,-0.017757617088251527,0.020863664899724386,0.011174240811237749,0.009455661479400095,514.1020446777344,0.5243908523861768,503.56553141276044,1.805880834305738
2025-08-04,530.3969116210938,532.9813491761439,522.9604134562841,523.0990575737549,25349000,0.021999149708366472,0.021760659793266857,0.021791221714691833,0.011588853654136859,0.00941666501008126,518.6847351074218,1.088854872421895,505.3007565452939,2.496234824632199
2025-08-05,522.584228515625,532.0407382325785,522.0792108748774,531.9219176627233,19171600,-0.014729880461766376,-0.014839442371313809,0.024183200253065706,0.012204494619943287,0.009689910331777025,521.6910278320313,0.10164155230713239,506.7167590913318,1.5400795566499987
2025-08-06,519.8016967773438,526.4955370830186,518.9006307843745,525.70337986457,21355700,-0.005324561260076521,-0.005338787256981226,0.024672099535679642,0.012287348807839792,0.009671268663113446,524.0081176757812,-0.8247343764054746,508.05212838309154,1.165359993333994
2025-08-07,515.7418212890625,522.9208551796034,512.483986539974,521.6434435727333,16079100,-0.00781043138845372,-0.007841092563373122,0.015681975123284803,0.012213001795449435,0.009761944021839003,521.5008911132812,-1.0397276746378734,508.8692859468006,0.6892393132946397
2025-08-08,516.9300537109375,519.524403327164,514.3257923084495,517.4845698020915,15531000,0.002303928773712993,0.002301278799270232,0.014016815380235016,0.012144487335098228,0.009706750081051966,521.0909423828125,-0.712489261468146,509.83874947684154,0.7309280892326016
2025-08-11,516.6627197265625,522.4257584225397,514.6327376205326,517.1875004407061,20194400,-0.0005171569779235385,-0.0005172907497161116,0.00667269349993449,0.012148637970091834,0.009713947892757981,518.3441040039063,-0.5972493793724888,510.70871988932294,0.6307389969077984
2025-08-12,524.0595703125,525.7825288027884,517.5836082950698,518.6233183732385,18667000,0.014316594372925096,0.014215079684917089,0.008602728958649188,0.012434371391043936,0.009453895045773588,518.6391723632812,1.5991832185732118,511.945068359375,1.2880344498747494
2025-08-13,515.4844360351562,527.4857972911225,514.2862580919234,526.901545781552,19619200,-0.016362899874589387,-0.016498250639140087,0.011482540355284652,0.013071346217660443,0.009750622329974463,517.7757202148438,-0.6427763821174155,512.6410493396577,0.3131500585599104
2025-08-14,517.3657836914062,520.8018496782777,515.0487221853349,517.445017549053,20269100,0.0036496691747287535,0.0036430252925938665,0.011080603804876764,0.013073786811904384,0.009721314274286914,518.1005126953125,-0.21588380156622083,513.436046781994,0.45156351041164644
2025-08-15,515.078369140625,520.9503168823401,513.9990723038397,517.6529556536844,25213300,-0.004421271415478101,-0.004431074140284822,0.011234532968080144,0.012910533199680488,0.00975819774076565,517.73017578125,-0.7257131857277269,513.835431780134,0.14505169899098388
2025-08-18,512.0384521484375,517.7024945692299,508.9886435903528,516.4845535034275,23760600,-0.005901853337889951,-0.005919338103256575,0.011467773903541926,0.012965540682523128,0.009811383067781829,516.805322265625,-1.0633265288605451,514.1678626650855,-0.25520828638762993
2025-08-19,504.7801818847656,510.1174069638556,503.5721224631474,509.9589996924715,21481000,-0.014175244521612118,-0.01427667295638366,0.00810826058681585,0.013369529181018932,0.009968797718789477,512.9494445800781,-1.6501935233190523,514.1541878836496,-1.1213334842037501
2025-08-20,500.7698059082031,505.9981218884329,499.5023362832644,504.8791779580457,27723000,-0.007944796805588572,-0.007976524864114865,0.006473983712722822,0.0133218986283234,0.010035053868253952,510.0065185546875,-1.3173723896593543,514.1754077729724,-1.610607383823716
2025-08-21,500.1250915527344,503.487441662306,498.617506554828,499.57959198776825,18443300,-0.0012874465430268156,-0.0012882760143371392,0.0048489428726250245,0.013322216245297155,0.009884438083918748,506.5583801269531,-0.9572164850773545,514.1376342773438,-1.6705380741874072
2025-08-22,503.09075927734375,506.5621975190336,498.3100856343386,500.135066677745,24324200,0.005929851900455363,0.0059123395251001005,0.007553082257332624,0.013202509954123722,0.009889703728315392,504.1608581542969,-0.22389675260756722,514.0048435756138,-1.277113157894084
2025-08-25,500.1449890136719,504.0429109301173,500.00611695670057,502.4956437530773,21638600,-0.005855345599873996,-0.005872555348152831,0.007551237917099016,0.013186948778936742,0.009817282722880833,501.78216552734375,-0.7906290483585809,513.5983378092448,-1.4943841937931268
2025-08-26,497.9430847167969,500.8590951140394,494.4418926777319,500.2441292309945,30835700,-0.004402531956217981,-0.004412251637994562,0.0054083319040722335,0.013206641450664375,0.009461996224278436,500.41474609375,-1.3427741377823639,513.1440342494419,-1.5916140580743618
2025-08-27,502.604736328125,503.1502662118434,495.8205578102606,497.9034268047853,17277900,0.00936181614808329,0.009318265942303753,0.006609176776187331,0.013393468763866042,0.009448140141347356,500.7817321777344,0.870332942648242,512.9084138416108,-1.0563160866847228
2025-08-28,505.4810791015625,506.91922816363694,501.3748491905692,502.95187030654046,18015600,0.0057228723995941255,0.0057065589755137935,0.006811956054051558,0.013456860301022642,0.009460757058467615,501.8529296875,1.2543556828642048,512.7781677246094,-0.7417219520885987
2025-08-29,502.5551452636719,505.44140176386463,500.3730863144936,504.5090702372647,20961600,-0.005788414163970579,-0.0058052319635658245,0.007190680571244219,0.010097730323058603,0.009504173696210753,501.7458068847656,0.2845114692892175,511.5532720656622,-0.9568959569381494
2025-09-02,500.9979248046875,501.87074834041937,492.75574161607386,496.38587753866574,18128000,-0.003098606140361726,-0.00310341676041644,0.006738213821012615,0.009468425815278835,0.009518732707200342,501.91639404296876,-0.33415692591101215,510.6969924200149,-1.0197226968105917
2025-09-03,501.22607421875,503.6461649084089,498.220801883355,499.6788070917271,16345100,0.0004553899382946369,0.00045528627976552705,0.006210822631510045,0.007831142881072487,0.009519082994226684,502.5729919433594,-0.7543265929478854,509.3079049246652,-0.9425383346933214
2025-09-04,503.8247375488281,504.00326140342247,499.04406365219614,500.18467308127,15509500,0.005184613218952361,0.005171219386451491,0.005041576293967129,0.007489349843737588,0.009530646068273838,502.8169921875,0.5382494185495273,508.41459583100817,-0.5676666330612284
2025-09-05,490.9605712890625,507.7920894589463,488.3520284612672,504.9157608525771,31994800,-0.02553301833163546,-0.025864642939618643,0.011930564078004658,0.009139905124240413,0.010092524089669274,499.912890625,-1.7445759215529322,507.0412089029948,-1.893237412679734
2025-09-08,494.1344299316406,497.1099483047291,490.990285532587,494.0451377441344,16771000,0.006464589680276855,0.0064437838397515485,0.013133689201718035,0.009270221294499944,0.010098197408204116,498.22874755859374,-0.7552432319558634,506.0122855050223,-1.3663004424348282
2025-09-09,494.34271240234375,498.1513723235736,493.6385148559322,497.33805669614713,14410500,0.0004215097311310867,0.00042142092085975356,0.013246333746559574,0.009235234337000681,0.010084788482216995,496.897705078125,-0.47418093590810384,504.9366978236607,-1.2215767075324107
2025-09-10,496.2867431640625,499.1234199731124,492.6665349159027,498.8754600894228,21611800,0.003932556732294978,0.003924844443797706,0.013538927665369585,0.00932440336242034,0.010073501682609022,495.9098388671875,0.07821220371833013,503.96641322544644,-0.9108456964548193
2025-09-11,496.9215087890625,499.0638857033828,493.8170463660224,498.15138006137016,18881600,0.0012790299836604735,0.0012782127216051454,0.01313059315125482,0.00860497261412728,0.010068025531695555,494.52919311523436,1.0262197654173617,502.6741245814732,-0.8006042668839677
2025-09-12,505.7389526367188,508.367321245748,499.73833579713096,502.5154742767582,23624900,0.017744138041324353,0.017588548660781824,0.0069316292924559994,0.009042583983732304,0.010170019584611195,497.4848693847656,1.7307032601156183,502.21005394345246,0.5340232594933452
2025-09-15,511.15435791015625,511.26344571936806,502.8625947427051,504.6379958107742,17143800,0.010707906213677454,0.010650982580674729,0.007257101274599561,0.009343282188556493,0.010171632612244371,500.88885498046875,1.4212640024362195,501.91427176339283,1.5380752449062864
2025-09-16,504.8859558105469,513.0090929577493,504.449544036503,512.6619733694059,19711900,-0.012263227345331806,-0.012339041170159961,0.011214039207627102,0.009660437991640968,0.010269626306266636,502.99750366210935,0.298994337363708,501.42891874767486,0.6577932198574866
2025-09-17,505.8579406738281,507.1175961354426,501.8013209933917,506.4530503919847,15816600,0.001925157259961452,0.0019233065196537409,0.011262859258423836,0.009610257953309947,0.010261613659318885,504.9117431640625,0.18521381316062407,501.13460867745533,0.9874166456156589
2025-09-18,504.30078125,508.883074673213,503.5172196080818,507.31595138937655,18913700,-0.0030782543845292443,-0.0030830019548800307,0.011670456446163604,0.00910989077384765,0.010264493531694526,506.38759765625,-0.7615787181662155,501.11178007579986,0.6690628454698759
2025-09-19,513.7034301757812,515.0622454615835,506.1456179521661,506.3935778296786,52474100,0.01864492238634874,0.018473236583419574,0.01195124161733384,0.009763496874670624,0.0104599401104917,507.9804931640625,1.3636955234137724,501.7276669456845,2.177712537504216
2025-09-22,510.2518615722656,513.5149918534414,508.3574141571104,511.382573172581,20009300,-0.00671899076541993,-0.006741664805388489,0.011742464455247846,0.009904886117400443,0.010290488488917162,507.79999389648435,0.6065102395154007,502.20989408947173,1.3893957865108026
2025-09-23,505.0744323730469,510.3907077578639,503.170087241692,509.6071158201621,19799600,-0.010146810994996258,-0.010198640784473747,0.01122384666827591,0.010123216359345903,0.010339111950384712,507.8376892089844,-0.689201555961082,502.30435471307663,0.4760155381863682
2025-09-24,505.9868774414063,508.29784998729696,502.7832554652563,506.2150114062045,13533700,0.0018065556477930844,0.0018049257887975492,0.01121909595317488,0.010031641960210948,0.010329043204877328,507.8634765625,-0.46987486179206167,502.58253987630206,0.5818920317944931
2025-09-25,502.8923645019531,505.84805701475193,500.9186136455738,504.1519897302721,15786500,-0.00611579682678931,-0.00613457491332486,0.01151139900354621,0.0100811840490626,0.010284720521864783,507.5817932128906,-1.0799212827007858,502.81821986607144,0.01288777051274883
2025-09-26,507.28619384765625,509.7459665668784,502.4856945681329,505.8976246789574,16213100,0.008737116838221759,0.00869916910854242,0.007655450634982089,0.010054888862297594,0.010328947530079232,506.2983459472656,0.36190844113395143,503.0411464146205,0.7275720703052246
2025-09-29,510.4005432128906,512.6321819161793,504.7272507672145,507.3258652143003,17617800,0.006139235411893873,0.006120467082463472,0.008031527318578997,0.010066125054686292,0.010348670534234185,506.3280822753906,1.4629860422003473,503.2754066103981,1.1810676138865202
2025-09-30,513.7232666015625,513.9315141469417,505.5009089039439,509.0516808953517,19728200,0.006510031058658106,0.006488932325898172,0.005883789785085802,0.010040929792283698,0.010270740070945281,508.05784912109374,1.362574444005872,503.8072219122024,1.5387204850221001
2025-10-01,515.4688720703125,516.2623314762835,507.5143007767599,510.5989067561486,22632300,0.0033979490169828708,0.0033921890326226124,0.005818961064500774,0.010006685064088283,0.010269370834415427,509.954248046875,1.0931065050494035,504.4963146391369,1.5931382586138285
2025-10-02,511.53125,517.3434144406598,506.51254498360566,513.4157691025699,21222900,-0.007638913392573166,-0.007668239332485262,0.006471657607351729,0.010198424544375365,0.010149425014285559,511.68202514648436,-0.04798305947610503,504.9870372953869,0.9337161378244572
2025-10-03,513.1280517578125,516.2424417743944,510.7972535535121,512.8800919259904,15112300,0.0031216113537784196,0.0031167492408465808,0.005774261344953684,0.010165901155585884,0.010148035732085071,512.8503967285156,0.14133487508290216,505.43005225771947,1.0658491417467542
2025-10-06,524.256591796875,526.6965386672223,513.9712214168786,514.377848960065,21388600,0.021687646974161146,0.021455815883599967,0.010476034661006172,0.009135628859792097,0.010473614460448881,515.6216064453125,1.7172465373520285,507.0155770438058,2.2881032297421307
2025-10-07,519.7040405273438,525.4765536672338,517.1847899970462,523.9788663400786,14615200,-0.008683822656244566,-0.008721746754588365,0.012141342772021894,0.009454000125580064,0.010414851285969853,516.8177612304687,0.5579305619589345,508.2331775483631,1.547093224558294
2025-10-08,520.56689453125,522.6497936321297,518.8213080060119,519.0097599169904,13363400,0.0016602795757190147,0.0016589028352230093,0.01212763298731135,0.00944488692280728,0.01039811884673582,517.8373657226563,0.5110948474940761,509.48194812593005,1.547723842971855
2025-10-09,518.1369018554688,520.0511445409561,513.1777050939771,518.0773939158137,18343600,-0.004667973897897193,-0.0046789029122185095,0.011595830489643869,0.009564086571619956,0.010413518435384897,519.15849609375,-0.25210777732894313,510.5224318731399,1.1326014087712886
2025-10-10,506.790283203125,519.3073226434543,505.4711500363669,515.3994727403434,24133800,-0.02189888157301878,-0.022142221217392333,0.01597225062375041,0.01092717385822275,0.01080060608539587,517.8909423828125,-1.6818472700297207,510.99237351190476,-0.6963565252880576
2025-10-13,509.8551025390625,512.1958293204747,507.50444767633473,512.1958293204747,14284200,0.006047510059913774,0.006029297262117472,0.010864699794701081,0.010320717778137057,0.010804542751628418,515.01064453125,-0.8233670171985055,511.1883806501116,-0.2251775727409227
2025-10-14,509.3789367675781,511.0750038311887,501.87070570435134,506.0661970064178,14684300,-0.0009339237150184365,-0.0009343600934884639,0.010858272506954222,0.0100506872658776,0.010805301326456492,512.9456237792969,-0.5919987145033934,511.10383678617933,-0.29067209209494754
2025-10-15,509.2401428222656,512.9694689959882,505.8381406310981,510.7576863019565,14694700,-0.0002724768051722837,-0.00027251393372156095,0.010638153538024525,0.009657157287258975,0.010701447262359727,510.6802734375,-0.33218179820263294,511.3111790248326,-0.3583027330491179
2025-10-16,507.4349365234375,512.6321652486282,503.983354813105,508.3970522124076,15559600,-0.0035449017998139265,-0.0035511998525900234,0.01064270864030849,0.009688074280034336,0.010703126773312744,508.5398803710938,-0.8232230858312328,511.3862740652902,-0.6913222611886006
2025-10-17,509.3889465332031,511.2734052578957,503.1700935064365,504.8859867353243,19867800,0.003850759711487406,0.0038433645149797834,0.003855203866838923,0.009690470734711827,0.010713646801282199,509.0596130371094,0.351300478097188,511.6285676502046,-0.40689483573376006
2025-10-20,512.5726318359375,514.4670788802013,509.2400661752128,510.4104293345006,14665600,0.00625000861208691,0.006230558309231725,0.003921032091847571,0.008888846109844034,0.010669640247318863,509.6031188964844,1.6018166950410413,511.57472011021207,0.18182290017378053
2025-10-21,513.4356079101562,514.4572316509175,508.8533142722573,513.2769402267872,15586200,0.0016836171512468745,0.001682201456659942,0.0037590479634742164,0.008763561787498294,0.010670424026252132,510.414453125,1.206213235029181,511.726327078683,0.3111192522908887
2025-10-22,516.2920532226562,520.9437823737373,513.4851913413816,516.8971212574951,18962700,0.005563395425819184,0.005547976901285663,0.003936486964115484,0.00849008950171697,0.01062250300585686,511.8248352050781,1.2853695206038926,512.260499500093,0.7523592881809823
2025-10-23,516.3119506835938,519.6743010066873,514.3778516149157,518.1964698863214,14023500,3.8539157853234585e-05,3.853841523897033e-05,0.002600442877960687,0.008490945062558812,0.010601647705187896,513.6002380371094,0.9381838015213025,512.7521696544829,0.6811433024812712
2025-10-24,519.3370361328125,521.0628270774097,516.4607380708425,518.5237205252405,15532400,0.00585902659276738,0.005841929246492447,0.002817041525904362,0.008392099854808058,0.010619602855619165,515.5898559570312,1.3964846387182968,513.5352492559524,1.1848681677862671
2025-10-27,527.1825561523438,530.2175826339089,524.6930292943027,527.4404441110845,18734700,0.015106798617622319,0.0149938272714102,0.005800475075790318,0.008765014380037087,0.010778197918069398,518.5118408203125,1.6430374524810627,514.4826950799851,2.3035986754854134
2025-10-28,537.6463623046875,549.2012543795508,536.356983260493,545.5116410650497,29986700,0.019848543982020406,0.019654129978861973,0.007927836887931994,0.009557786255865423,0.011042180397703475,523.3539916992188,1.562854936945535,515.7801150367374,2.958659420784797
2025-10-29,537.1305541992188,541.8120671168963,532.3498815675878,540.4929039137475,36023000,-0.0009593817453867892,-0.0009598422466080162,0.009124363735489775,0.009539631513780554,0.009925197031528768,527.5216918945313,0.9761340731951388,516.8947477794829,2.322782731730115
2025-10-30,521.469482421875,530.6042843733296,517.8591725476514,526.150935240438,41023100,-0.02915691847151025,-0.029590428767313257,0.019377715289568886,0.011773564026999335,0.010373564398389384,528.5531982421875,-0.8273144947813402,517.1804911295573,0.4895525399951906
2025-10-31,513.5843505859375,525.0004316167937,510.896444053691,524.5640198650095,34006400,-0.015120984260318271,-0.015236472014081723,0.020584885371056592,0.012147631639297697,0.0101714257639774,527.4026611328125,-1.3393727386256904,517.2782578241257,-0.4242878922155284
2025-11-03,512.8107299804688,520.676008789008,510.3906395365282,515.5680119038287,22374700,-0.0015063165468069961,-0.0015074521821373823,0.018333217443463626,0.012133843566653878,0.01000585719062613,524.5282958984375,-0.9588725542739105,517.2631472632999,-0.5109516901033673
2025-11-04,510.1328430175781,511.342858187808,503.6957838776707,507.5838081580189,20958700,-0.005221979194921733,-0.005235661381124686,0.012108594537426359,0.011126916308377326,0.010005027916007742,519.0255920410157,-0.8108858098985385,516.590587797619,-0.742932577914996
2025-11-05,503.0213012695313,510.6287232020861,502.4460174356622,509.1111797792272,23024300,-0.013940568315460866,-0.014038650653870192,0.010881319357644347,0.011362229005321075,0.010110305588342586,512.2037414550781,-1.3814261764879292,515.7961716424851,-1.3970670871378033
2025-11-06,493.04339599609375,501.5732213085109,491.7639146320967,501.5335392553728,27406500,-0.01983594978633152,-0.02003532314981816,0.0076146605908864575,0.012022571738703539,0.010401630843998514,506.5185241699219,-1.5654190359024733,514.4855288550967,-2.0771968219060395
2025-11-07,492.76568603515625,495.304792622274,489.2248119110569,492.89463000746537,24019800,-0.0005632566285092011,-0.0005634153171150514,0.008456220852435367,0.012020305018866993,0.010401615754906075,502.35479125976565,-1.0267008069930517,513.2773757207962,-1.8133839015754063
2025-11-10,501.8707580566406,502.7138276367279,494.7295019610679,495.95940345274505,26101500,0.018477487941063186,0.01830885328979543,0.014734641676360112,0.011937732084488797,0.010508857971590735,500.166796875,0.23193718138805694,513.0431126185825,-0.9713665456224813
2025-11-11,504.5289001464844,505.4414057875519,498.2505695472254,500.6805581155917,17980000,0.005296467361710189,0.005282490409047665,0.015309564923069674,0.011918516841486673,0.01033716619760103,499.04600830078124,0.9642953369193074,512.7894839332217,-0.7100703100359139
2025-11-12,506.9688415527344,507.494515261433,495.0469117437556,505.203338237195,26574900,0.0048360785785346305,0.004824422315821153,0.013927529312400759,0.01197414559712534,0.010345578179691867,499.83551635742185,1.0841414667168878,512.6747174944196,-0.48849195008481344
2025-11-13,499.1828918457031,509.3095642884979,497.1992129195551,506.1455939798088,25273100,-0.015357846614763582,-0.01547699987364517,0.012202653038333093,0.012428174675600843,0.010508651548198416,501.06341552734375,-0.34344367387216357,512.19580078125,-1.0817564298158713
2025-11-14,506.01666259765625,507.4250879884235,493.38063720960855,494.1641988801248,28505700,0.013689913784275864,0.013597053454650464,0.01294199856866182,0.012806313695300562,0.01063316910858096,503.71361083984374,0.7238795102942674,512.1282639276413,-0.5067061916838193
2025-11-17,503.3486022949219,507.9408238780629,500.7896697837805,504.300789978241,19092800,-0.005272672818791735,-0.005286622414159639,0.011200629395820753,0.012819530536359482,0.010500540769453856,504.0091796875,-0.21781814167669722,511.8406284877232,-0.6959972174486652
2025-11-18,489.7604370117188,498.87544447228873,482.8076324047851,491.3275301094218,33815100,-0.02699553593920878,-0.02736660887161931,0.016186800693379726,0.013973185986841188,0.011008643479467256,501.05548706054685,-1.6138908059738586,510.75433349609375,-1.6008577021354902
2025-11-19,483.1448364257813,491.1489881906385,478.8898366362472,486.1005289347495,23245300,-0.013507829718346964,-0.013599890417002587,0.015189598541525805,0.014159350917971,0.011134078167868345,496.2906860351562,-1.3701192901632315,509.3119158063616,-1.8163209827823366
2025-11-20,475.4138793945313,490.45844852333465,472.50235794747454,489.6038543571072,26802500,-0.01600132392688336,-0.01613072738493851,0.015255217304448789,0.014302514644776004,0.011273260908194726,491.53688354492186,-1.234117467891905,507.36533610026044,-1.986938975213668
2025-11-21,469.1436767578125,475.9008266883901,465.3179416954901,475.48346109105705,31769200,-0.013188934754501225,-0.01327668112926568,0.007959336314493968,0.014412601692004883,0.011364184212822776,484.16228637695315,-1.133211749259743,505.11922781808033,-2.0037947122791375
2025-11-24,471.0118103027344,473.8935220644432,465.0694984877541,472.0055061050608,34421000,0.00398200729855791,0.003974100091581503,0.01122904166638825,0.014350816817479645,0.011372870575455343,477.69492797851564,-0.7739357957715053,502.81802658807663,-1.6651923209119244
2025-11-25,473.9829406738281,476.1293271988992,461.9592459889855,471.08136597664605,28019800,0.006307974250548298,0.006288162253039562,0.010750751357195651,0.013872737348114172,0.011335379967635006,474.5394287109375,-0.1030331950310336,500.2847115652902,-1.3673880711996922
2025-11-26,482.4393005371094,485.2315832491155,478.16642081896737,483.244191691805,25709100,0.01784106375486738,0.017683779961864928,0.014178275982422094,0.013702812814596661,0.011546958897121406,474.3983215332031,1.5698795795193259,497.65580386207216,-0.8658348632190654
2025-11-28,488.9082946777344,489.5243812398697,483.5820692635899,484.5260924315005,14386700,0.01340892861220655,0.013319824571685152,0.011885491307150884,0.014264422645746578,0.01166248321355818,477.0972045898437,1.416690056583583,495.3595057896205,-0.4260894212813324
2025-12-01,483.6715087890625,486.77183499200703,481.5946880995925,485.3608038657598,23964000,-0.010711182333537073,-0.010768959995460988,0.010902138436103766,0.013155985070771986,0.011730539794407026,480.0027709960938,0.4995059614823232,493.55960228329616,-0.7016939560649817
2025-12-02,486.9109497070313,490.38888506208144,483.2541563831954,483.6516286444489,19562700,0.006697605418353403,0.0066752761056846615,0.010837228125158456,0.01305405743897977,0.011765335006438261,483.18259887695314,0.6487537186685549,492.28944033668154,-0.4019578083952453
2025-12-03,474.7182922363281,481.1872310931236,472.2042431453193,473.3171775583083,34615100,-0.025040836477469575,-0.025359692428066405,0.017981219156199206,0.013965608611928299,0.012152077215282525,483.3296691894531,-1.5787272918468103,490.4755147298177,-1.2086293667033454
2025-12-04,477.8086853027344,478.2856702042714,473.4861025034468,476.7355071807625,22318200,0.006509951516399104,0.006488853298109387,0.015847418659131755,0.014133467868622664,0.011759247874746921,482.40354614257814,-0.7647168363237085,488.93626912434894,-0.8903934563927008
2025-12-05,480.1140441894531,480.3525214663768,475.8610275749173,479.47806435073966,22608700,0.004824857642045766,0.004813255321143847,0.014168828026823762,0.014003192455309631,0.011745659318631255,480.6446960449219,-0.11072420349613644,487.84544735863096,-0.6335784476595143
2025-12-08,487.9245300292969,489.1964595164875,481.32640529111774,481.8331998835391,21965900,0.016267980356687417,0.016137074571275604,0.015795742639869353,0.013926663699242621,0.011930051249132425,481.49530029296875,1.118799279325166,487.60169183640255,0.026582594787689692
2025-12-09,488.918212890625,489.0175885389743,485.4204144751398,486.01663804004494,14696100,0.0020365503272985475,0.002034479369943321,0.01556876661727418,0.013937578149459486,0.011921864804619136,481.8967529296875,1.120548472879744,487.4184788295201,0.12402872325777609
2025-12-10,475.5430603027344,481.19719183884354,472.084987996716,480.97857754952304,35756200,-0.027356625781667865,-0.027737785853908292,0.01657256042699601,0.01446366283465759,0.012412741431800945,482.06170654296875,-1.079866720263072,486.1647789364769,-0.8939718682976677
2025-12-11,480.422119140625,482.96597801292137,472.8600781839672,473.6252433732215,24669200,0.010259972745232826,0.010207696489447604,0.016995166567859796,0.014636194636829934,0.012271388687047035,482.5843933105469,-0.3807659423175348,485.016836983817,-0.4116677431131485
2025-12-12,475.5132751464844,479.4085762318817,473.3370788032073,476.7951512874317,21248100,-0.01021777265984658,-0.01027033243465823,0.017500448728511253,0.014637851273237584,0.012239131267054417,481.66423950195315,-0.947262772461725,483.51895286923366,-0.7902106105375319
2025-12-15,471.82666015625,477.6894594742654,469.5411415575728,477.0733729131614,23727700,-0.007752917074920096,-0.007783127182109686,0.01430620250712428,0.014405711715110299,0.012185277961900588,478.4446655273438,-1.0022224015357866,482.21627516973587,-1.0635797096764632
2025-12-16,473.3867492675781,474.8772929441189,467.9114757916915,468.93498123657525,20705600,0.0033064878335011816,0.0033010334225930965,0.014509507988277999,0.013993201186860812,0.012191980082589617,475.3383728027344,-0.6018692043939163,480.6624697730655,-0.8793135928235651
2025-12-17,473.1184387207031,476.9739832708393,472.0055042784347,473.903466892556,24527200,-0.0005667893055522066,-0.0005669499913301732,0.008310328885770683,0.01399547729926935,0.012189343999389281,474.85344848632815,-0.5129194435596224,479.2229381742932,-0.9266161145846776
2025-12-18,480.9289245605469,486.5134903409317,474.8773205213831,475.1754171439269,28573500,0.01650852133550962,0.01637373706687674,0.010549312550619288,0.013423011719299443,0.012137971175573381,474.9548095703125,1.663035905470781,478.8023899623326,0.3458399837366385
2025-12-19,482.856689453125,484.7745151206103,479.44828972039977,484.2875835443981,70836100,0.004008419527562479,0.004000407218003256,0.008788146915761913,0.01313457665666463,0.012132125516498027,476.4234924316406,1.2680035655837059,478.7886686779204,0.6626480989583406
2025-12-22,481.8629760742188,485.6489546100234,479.6470235443271,483.05539282771,16963000,-0.002057988220131479,-0.0020601087877902616,0.007262233876844098,0.01262092999777951,0.012074448723525585,478.4307556152344,0.7185135993384033,479.0957685198103,0.45193221523489
2025-12-23,483.7808227539063,484.7546252629152,481.6841087754749,481.9226163967179,14683600,0.003980066481372724,0.003972166970223754,0.007247429350664657,0.012224899039298728,0.012084918599775082,480.5095703125,0.7665488790445103,479.7927754720052,0.6928976870882856
2025-12-24,484.94342041015625,486.0762481946253,481.77352833631136,482.61817584356095,5855900,0.0024031495288132643,0.002400266582827423,0.006855683972767767,0.012213553964397739,0.01207098479184462,482.87456665039065,1.3143453794718274,480.4561854771205,0.8174013391136847
2025-12-26,484.6354064941406,485.04282544173617,482.8964387136479,483.64171061957336,8842200,-0.0006351543356442058,-0.0006353561316114961,0.0027568983321763657,0.012168028725469729,0.012012435018710665,483.61586303710936,0.8011497673869367,480.96344575427827,0.6860894221595374
2025-12-29,484.02923583984375,485.2713556042012,481.1276307272214,481.8033366009864,10893400,-0.0012507766584408664,-0.001251559532433949,0.0025776440377337393,0.011560873432924187,0.011980539518255612,483.8503723144531,0.14856873864145773,481.0391569591704,0.5552524238396653
2025-12-30,484.4068603515625,486.5929730105466,482.43933166580535,482.8666136001516,13944500,0.0007801688074968727,0.0007798646340069418,0.0021548089828232813,0.0111640217976716,0.011945734823757114,484.35914916992186,0.10270141854803232,480.8248029436384,0.6968699798533623
2025-12-31,480.5711669921875,485.0626915008753,480.25317705215497,484.7645645601486,15601600,-0.007918329968719329,-0.007949846425517245,0.003958454826929751,0.011049982366098209,0.011964955503288063,483.71721801757815,-1.757512735456056,480.6771676199777,-0.020789675510629563
2026-01-02,469.95849609375,481.6046121327098,467.1960229709088,481.3363251826272,25571600,-0.022083453247643603,-0.022330943107238568,0.00958397149846469,0.011912859588625832,0.01223411106887786,480.72023315429686,-1.7248804194498155,479.86990792410717,-1.8368917790486425
2026-01-05,469.86907958984375,473.0687813775576,466.5401924921144,471.071443053882,25250300,-0.00019026468219951465,-0.00019028278482039024,0.00965130700086889,0.010606661329977797,0.012221744808099202,477.7669677734375,-1.0784761579222364,479.63899303617933,-1.7076714509595803
2026-01-06,475.4933776855469,475.7219083069673,466.7885929433101,470.81304872472026,23037700,0.01196992596451052,0.011898852997329333,0.012656861777603782,0.010847578630397908,0.011990631626428484,476.05979614257814,-0.0879523252557641,479.5287402925037,-0.6981318207746883
2026-01-07,480.422119140625,486.6128550141313,474.936929133209,476.7355161407656,25564200,0.010365531227939817,0.01031217748564948,0.014108378137758825,0.011040101432550586,0.012046669226768749,475.2628479003906,0.9746697171129581,479.5434105282738,0.15196838003595708
2026-01-08,475.0959167480469,479.6172511411785,472.86010104573086,478.206189665966,18162600,-0.01108650534680955,-0.01114841867411949,0.01453150204156844,0.010648411818741517,0.012104754791410023,474.1677978515625,0.21026881154896507,478.9325241815476,-0.6944882455606693
2026-01-09,476.258544921875,476.7951491709672,469.2231916595613,471.07145138115897,18491000,0.0024471441088909085,0.0024441547277171643,0.009256825833541848,0.01065513923245314,0.012107382739163805,475.4278076171875,0.22075195587853869,478.3296828497024,-0.410075325569291
2026-01-12,474.1717529296875,477.95773148860775,472.68120923483104,473.6649886945649,23519900,-0.00438163685342341,-0.004391264357290946,0.009757683704055622,0.008811681315925522,0.011818518171903169,476.28834228515626,-0.8709654866938088,478.2643824986049,-0.8029315125183801
2026-01-13,467.7028198242188,472.7805908527595,463.0125743921385,471.68751939768345,28545800,-0.013642594830881705,-0.013736510171920865,0.00987415678292789,0.00895411243736459,0.011889538485184181,474.7302307128906,-1.528389185660313,477.65870157877606,-1.7898659050959922
2026-01-14,456.4840087890625,465.24841354789686,454.2879494306214,463.5193621312373,28184300,-0.023987050237098795,-0.02427942445737249,0.01006541316807987,0.010105415798389372,0.012234538167039831,469.94260864257814,-1.636662750477346,476.75254603794644,-2.8035806449936667
2026-01-15,453.7811279296875,461.32327541703046,453.0259094171898,461.1940901109254,23225800,-0.005921085530564474,-0.005938684662525473,0.010214126132463473,0.010060048904325908,0.01224439686802224,465.6796508789063,-1.1691985886619933,475.8932349795387,-2.5254626908160014
2026-01-16,456.9609680175781,460.2699922453042,453.6023014516422,454.9437666153887,34246700,0.007007431319143276,0.006982993370708361,0.011611608413994752,0.010185740474927058,0.012292349847900416,461.82013549804685,-0.5574949376318352,475.1110549200149,-1.875766835471019
2026-01-20,451.6546020507813,453.9202272514996,446.4476457864541,448.37541805572727,26130000,-0.011612295881237467,-0.011680245132473257,0.01145905265033473,0.010411134040629277,0.012335704079600817,457.31670532226565,-0.9147577208305048,474.0889674595424,-2.049321544249332
2026-01-21,441.3102111816406,449.8361378186282,435.9144504613163,449.74670883889326,37980500,-0.02290332218950275,-0.023169678088282672,0.012961562237620353,0.010457672193113965,0.01257656126359089,452.03818359375,-1.6843167791980267,472.2023620605469,-2.387025710096325
2026-01-22,448.2959289550781,449.9851935867555,441.8965257028684,444.79810039972057,25349400,0.015829494982073422,0.01570551517342111,0.015316925023080772,0.011196500361250389,0.01277212623086189,450.40056762695315,-0.3518698599815547,470.5566115606399,-1.6255013865378207
2026-01-23,463.0125732421875,468.1301005814363,447.6897705604439,449.0213193023424,38000200,0.03282796772527474,0.03230063970076561,0.021971010220921357,0.013662230323927544,0.013458599597490923,452.2468566894531,1.3014876558771193,469.6589733305432,-0.49111278897159505
2026-01-26,467.3152770996094,471.2602507862521,459.0874767807031,462.3766075757791,29291200,0.00929284452750978,0.009249931697775502,0.022070402387586143,0.013823251728607225,0.013527967090655799,454.3177185058594,1.2158853430488221,468.8748997279576,-0.11864132005963175
2026-01-27,477.5503234863281,479.82589540353166,470.1771174893794,470.7137217228436,29213900,0.021901801392504305,0.021665402421931573,0.020976930955949144,0.014715866953644633,0.0138119505696011,459.4968627929687,1.2343756235277936,468.52284749348956,0.7059344520040441
2026-01-28,478.59368896484375,480.6903724414303,474.9865685400099,480.1637149068934,36875400,0.002184828335783706,0.0021824450690764168,0.011555722314511543,0.014729628063498684,0.013661203191498862,466.95355834960935,0.9413923242766392,468.23514665876115,0.830583543923491
2026-01-29,430.7671508789063,439.7104135269112,418.365815756604,437.2162272399066,128855300,-0.09993140149712809,-0.10528429800371893,0.05560946867591396,0.027187120811912116,0.018681615659717495,463.447802734375,-1.681216741236807,465.69885689871654,-2.4308509496124824
2026-01-30,427.5773620605469,436.8286672682951,423.7615739365565,436.4013853645445,58566800,-0.007404902652978995,-0.007432455044076327,0.05106834283448748,0.02715053781903856,0.01868511796786071,456.3607604980469,-1.1407041577693204,462.99269031343005,-2.2222655191684035
2026-02-02,420.7009887695313,428.02452201181774,419.58805431821895,427.5276741085398,42219900,-0.016082173429101787,-0.016212894999423463,0.0491645159778299,0.027240811602282484,0.018459887643641926,447.03790283203125,-0.9219963896066427,460.1417294456845,-2.206806312085345
2026-02-03,408.6176452636719,419.3893041977899,405.9843574339844,419.3495781995532,61424100,-0.02872192799261264,-0.029142474750253583,0.04300177709983774,0.027480289296180054,0.018685362651924244,433.2513671875,-0.9214706515546629,457.22073654901413,-2.3213414205379266
2026-02-04,411.5788879394531,417.15350712085007,406.6600813351222,408.4089957411405,45012400,0.007246976996968524,0.007220843840803467,0.044025803530856576,0.027614791601242063,0.018733643681188922,419.84840698242186,-0.8549875071670178,454.44501313709077,-1.868254634856125
2026-02-05,391.1882629394531,405.7260079125925,389.8467674620769,404.8714440282319,66289200,-0.04954244641187633,-0.050811774980710295,0.02204306767565096,0.028908000870032622,0.01965925161593702,411.93262939453126,-1.5019095404860328,450.43048386346726,-2.2594985740272553
2026-02-06,398.6111450195313,399.25704122003975,390.4429643868461,396.6535630940219,53515300,0.018975216751907276,0.018797432798511104,0.027907389712305147,0.029252982815070112,0.019829121179108466,406.1393859863282,-0.6552612349590295,446.53472319103423,-1.7374596757504848
2026-02-09,410.99261474609375,412.2744908996196,398.3428555009064,402.2977759502542,45480500,0.03106152419786401,0.030588877549110438,0.034144056702841055,0.03048378606501932,0.02017884005477778,404.1977111816406,0.7589302996357419,443.48218500046505,-1.1682750986159796
2026-02-10,410.6646423339844,421.009018998737,410.0982587889407,416.9746165751398,44857900,-0.0007980007434245096,-0.000798319315509545,0.03129953339991221,0.030442263452008265,0.02017842505745046,404.60711059570315,0.655020361699014,440.3586658296131,-1.074799094894211
2026-02-11,401.8207702636719,413.8345489802859,398.4819668946231,413.5563153661985,42491000,-0.02153550892535805,-0.021770781946382066,0.03252043898845798,0.03060200623052236,0.020130952212649014,402.6554870605469,-0.09937721803039247,436.9133809407552,-1.2663712947627817
2026-02-12,399.3067321777344,403.6392618034954,395.50089045865866,402.4468146669985,40802400,-0.006256615565909618,-0.006276270208996855,0.020728197603531832,0.030573957869424618,0.02010200023287132,404.2791809082031,-0.8154295816022565,433.6564243861607,-1.2298504826874563
2026-02-13,398.7900085449219,402.98340606348665,395.5406038478973,401.90028127287496,34091600,-0.0012940518933762801,-0.0012948899015563853,0.019048042854185876,0.030354946995376036,0.020074850073119058,404.31495361328126,-0.9121929849687457,430.90909104120163,-1.1307246711596104
2026-02-17,394.3581237792969,397.9950542597942,392.04282577248057,396.7032617740463,32078800,-0.011113329498388835,-0.011175543913618934,0.008648210744974434,0.030372178690828658,0.020041815999435622,400.98805541992186,-1.0976046138741695,428.0794241768973,-1.1641043362430872
2026-02-18,397.0808410644531,400.02217209191446,393.8215201082963,395.6201070500213,23223400,0.006904174457123657,0.0068804497815916,0.010735205917879779,0.030369879766379497,0.019965816227648838,398.27129516601565,-0.4299177259450883,425.2279895600818,-0.9729527365154745
2026-02-19,396.8517761230469,402.7976819572589,395.0690225854118,399.0727866126233,28234000,-0.0005768723083999783,-0.0005770387632486178,0.006757727874889482,0.030375280583995003,0.019969159703207014,397.2774963378906,-0.21876338567174317,422.61833118257067,-0.8916275444706653
2026-02-20,395.6267395019531,398.5050592846536,393.5650869938953,394.5112344348997,34015200,-0.0030868870817751803,-0.0030916613453095257,0.006454781328963954,0.030128087116121357,0.01973944945442197,396.5414978027344,-0.5504485707546651,420.4429277692522,-0.8516377274393911
2026-02-23,382.9182434082031,393.7642745182822,381.55377772275136,393.405742102137,43238300,-0.032122439726264385,-0.032649687026276845,0.01515120296677527,0.03029750762004093,0.020041990714129456,393.3671447753906,-1.7586560226450783,417.32970464797245,-1.16629467622539
2026-02-24,387.429931640625,387.7884640317496,380.1693467763097,382.5895619940176,33884700,0.011782379946865706,0.011713508162752607,0.017303245296564577,0.02926038791022566,0.020070222831834877,391.98150634765625,-0.7068181673983379,413.7305312383743,-0.9314434446342524
2026-02-25,398.9831237792969,399.84960746436826,388.5852587696308,388.9537605304631,43625500,0.02982008150415294,0.029384108832231453,0.022759378969197906,0.030185848621868808,0.020442636765097055,392.361962890625,0.9653701614598303,410.4766191755022,-0.4496085061092078
2026-02-26,400.0986022949219,405.8453028142193,397.1306190557743,403.0765245044552,34405900,0.002795803754952919,0.0027919027648784594,0.022752520408655826,0.029547417661343157,0.020437073460554202,393.011328125,0.9433894196280943,406.78844197591144,-0.3265697007278039
2026-02-27,391.1548461914063,395.2183958601928,388.30640407164015,389.3023679559341,51367200,-0.022353879899142726,-0.022607514815020314,0.025296658851694784,0.029597534181338696,0.020558496427015377,392.1169494628906,-0.13021590896464194,402.6246875581287,-0.9187352844202441
2026-03-02,396.9413757324219,399.5707348557469,389.0533591512552,391.2743390590049,35474900,0.014793449697371175,0.014685093950154448,0.019212314515978837,0.020335797830501517,0.02051314255657288,394.92157592773435,0.37236417586987963,401.01393636067706,-0.3795197917505632
2026-03-03,402.2996826171875,405.05852201627056,391.0851500003899,391.5532542396072,38199200,0.013498988042953908,0.013408688431820684,0.019326638057642356,0.020660448257426887,0.02051429260162793,397.89552612304686,1.0396579452207975,399.8102373395647,0.281098336518829
2026-03-04,403.5645751953125,409.3710312257941,398.6942972465369,399.6504140582061,35808000,0.0031441550485353797,0.003139222529416255,0.014984347692558877,0.020467728098787656,0.02050521044826185,398.81181640625,0.9575799200008999,398.99421764555433,0.6074105154231876
2026-03-05,409.0224304199219,409.9486695143622,402.7677785996419,402.78771732924594,39001300,0.013524118716237599,0.01343348407741661,0.015807736872535737,0.01973833494555737,0.02057353790220129,400.59658203125,1.238254229103448,399.0134931291853,1.3255661867030484
2026-03-06,407.3093872070313,411.3828759024364,406.8612216895844,407.5484392107424,31123900,-0.004188140027264198,-0.004196934850264525,0.008303845826434456,0.019688041790759333,0.020370467286176298,403.827490234375,0.7384390867949612,398.8101835704985,1.172821387429084
2026-03-09,407.757568359375,408.5543272911556,401.8714182880504,403.2857003455267,30131900,0.0011003457480245338,0.0010997408113609262,0.007816293516104527,0.015960862266718917,0.02034370404623851,405.9907287597656,0.609964049380701,399.59919811430433,1.1210555330510918
2026-03-10,404.122314453125,408.5443965203919,401.30371964643086,408.3750692869274,31706400,-0.008915233433622216,-0.008955211916254719,0.008444615168935538,0.01564417555907847,0.020337647322299122,406.3552551269531,-0.9360029880746102,399.8616347539993,0.5805454130129057
2026-03-11,403.245849609375,407.35918518479474,399.96912002302975,403.9330670994013,25512100,-0.002168810809014765,-0.0021711660852259426,0.008427145443217503,0.01406338303406218,0.020193928860432305,406.2915100097656,-1.2275106180615816,399.4927411760603,0.5411669818749711
2026-03-12,400.2380065917969,404.4808221962511,400.0886180975,402.9968458288957,27263900,-0.007459079914875377,-0.007487037965784546,0.00404719331010126,0.014136373455426565,0.020191077486945652,404.5346252441406,-1.3871153418443123,398.9962347121466,0.19246948168032196
2026-03-13,393.9534912109375,403.1661568819284,392.6587503554791,399.3815063856616,26848000,-0.015701945535794515,-0.01582652691683554,0.006525720063468762,0.013758869355665485,0.020012357628631974,401.8634460449219,-1.5296282885064194,398.62160237630206,-0.7173163068939051
2026-03-16,398.3357543945313,399.013002518604,393.1965772756644,396.4633374914087,27733700,0.011123808473237684,0.011062393938410712,0.01005632978640874,0.013941755058493096,0.02002173473385508,399.97908325195317,-0.40178872112474595,398.5753653390067,-0.03682875988539815
2026-03-17,397.7979431152344,402.7677932271478,396.1446394015159,398.6544574759768,26228300,-0.001350145633083888,-0.0013510579009212338,0.009819503214196798,0.013941997930693478,0.02000083400692048,398.714208984375,-0.26872124601599656,398.5281241280692,-0.11219663558223629
2026-03-18,390.2086791992188,396.3936061005556,389.42185925959103,395.5271224277118,25908500,-0.019078187927726642,-0.019262524864041973,0.012101271273254412,0.014367855756858389,0.02009871307266608,396.1067749023438,-1.4708555173339333,398.33053152901783,-1.2120156628605494
2026-03-19,387.4498596191406,390.9058555160312,385.4977789148814,388.5255176358589,25138800,-0.0070701133192111465,-0.007095225002013093,0.012095139283878776,0.014332353426599618,0.0200886976257652,393.5491455078125,-1.2895198432675798,397.87191336495533,-1.4662173746689828
2026-03-20,380.3287048339844,385.43800417098345,378.58576812261686,385.2288602760525,50853200,-0.01837955185260942,-0.018550554356410006,0.012668334066823293,0.014823468384040918,0.020178541039169943,390.8241882324219,-1.3932899862659178,397.08510044642856,-2.0750009772542373
2026-03-23,381.4541931152344,385.64719283721575,380.1395134056624,382.3505545919761,29680100,0.002959251476275737,0.0029548815107211493,0.010012632307049135,0.014860393493660905,0.020036069498005023,387.4478759765625,-0.8447826032420851,396.41021728515625,-1.7061346973009397
2026-03-24,371.2355651855469,380.9263046350485,370.3491731415433,380.8167328036651,42733600,-0.02678861083223305,-0.02715396533836252,0.011794205045433832,0.014327626034721926,0.02022704800484168,382.135400390625,-1.4834311125335498,395.85389927455356,-2.4729275326387414
2026-03-25,369.5424499511719,375.5381416220395,368.13813722010167,375.3987224826456,31181200,-0.00456075708567627,-0.004571189068852106,0.011929049249625281,0.01401539118008159,0.020225291826533577,378.0021545410156,-1.1306222875298022,395.00211443219865,-2.238049816739167
2026-03-26,364.4928894042969,373.2075730440749,363.7160388213271,369.32332012922615,36836600,-0.01366435858056958,-0.013758575185762116,0.011771233001071803,0.012189425062200877,0.02023292410367513,373.4107604980469,-1.2256042670604945,393.3597223191034,-2.1989968776834714
2026-03-27,355.3300476074219,360.9871459448897,355.07111764854045,360.4393475355788,37883400,-0.025138602324588977,-0.025459974319792144,0.013038190221670883,0.01290500195698529,0.020383711700866405,368.41102905273436,-1.3677952353316822,391.2278863816034,-2.3288910616334877
2026-03-30,357.5111999511719,363.8853629556265,354.8420239421825,360.43933630538186,44797000,0.006138384182358347,0.006119621046581308,0.014077994392599245,0.012534928832069782,0.02042442567774843,363.6224304199219,-0.8645289214145454,389.6258079892113,-1.880199266156095
2026-03-31,368.6759643554688,371.3949263066763,361.6046146993887,363.07862179545566,45244400,0.03122913185886711,0.030751422688787895,0.02140052887484942,0.014138263301119225,0.020907113627546336,363.1105102539062,0.8635542188803775,388.2798360188802,-1.1150309635439613
2026-04-01,367.8791809082031,372.4805292634522,366.7139201659809,371.98254731341393,29417200,-0.002161202585198696,-0.002163541353815269,0.021337873866693495,0.013604402505385691,0.020898817960151472,362.7778564453125,0.8416146609539926,386.64076450892856,-1.0533097590251839
2026-04-02,371.9526672363281,372.1319638369453,362.680245817395,365.7278929006101,24099100,0.011072891697944343,0.011012036052553425,0.02046439538011527,0.013923213527848753,0.02098277225076814,364.2698120117187,1.0429332945140617,385.1354355585007,-0.7470995850375536
2026-04-06,371.3750305175781,372.22160592655575,368.0086676124431,371.9825539180967,16146600,-0.0015529844779497148,-0.0015541916082757374,0.01342893841538398,0.013364028463840919,0.02085396221043267,367.47880859375,0.6678463674918739,383.3427022298177,-0.7040797130624937
2026-04-07,370.7874145507813,370.9467724245638,365.080530373921,368.8452727581139,21443300,-0.00158227106969977,-0.0015835241825860591,0.014235698770466262,0.013380108385991414,0.020850878867912967,370.13405151367186,0.36982383216868386,381.60356067475817,-0.6645502887142563
2026-04-08,372.8191223144531,383.44606961738685,369.9109249891301,383.4261612830284,33064800,0.005479441005658892,0.005464483483156352,0.005825637120531951,0.013504335600187682,0.02078861068553071,370.9626831054687,0.98755252632872,379.9398251488095,-0.4678452062027461
2026-04-09,371.5642395019531,371.9924966612836,365.5685176937085,370.9965328148009,30435300,-0.0033659293136836244,-0.003371606797341689,0.00607345263318776,0.013462289429189736,0.0207094702927429,371.69969482421874,-0.17968613724205212,378.38944062732514,-0.47856532112733347
2026-04-10,369.37310791015625,374.1238749235223,368.5365019241105,371.4746074371751,28111100,-0.005897046483089641,-0.005914502722368911,0.004226293507447913,0.01346164857085412,0.02069114111726576,371.18378295898435,-1.4437765432418503,376.77645292736236,-0.5615048808443832
2026-04-13,382.8186340332031,382.9879612673769,369.5225100750242,372.1020528926679,35745800,0.03640093400171751,0.03575407090351821,0.0171235173975427,0.015998292387287776,0.02127568116089013,373.4725036621094,1.7397879157200844,375.9469589960007,0.5659575272382802
2026-04-14,391.5233459472656,393.0969858972055,384.95994763093,386.3543213772784,37504500,0.02273847493355685,0.02248380906043869,0.01780350507855293,0.01653241668347139,0.0215248142860372,377.61968994140625,1.4904983721482894,375.83123779296875,1.310747899490943
2026-04-15,409.5602722167969,412.69755239260473,395.1287651714373,396.3936283702306,45063400,0.04606858430342653,0.045038931660944595,0.022868533400738415,0.019154106272657484,0.022313035230355993,384.967919921875,1.499956433922014,376.3657386416481,2.5122478163855737
2026-04-16,418.5637817382813,419.1215190686066,410.4765600541581,418.16537187855886,41642400,0.021983356619898142,0.021745206541177127,0.019254193855728963,0.019649550992222924,0.022328823892071394,394.3678283691407,1.2164817700696036,377.3545880998884,2.6621194723417387
2026-04-17,421.0835876464844,429.8380884820792,418.99205736838906,423.10539315661504,48568200,0.006020124096113522,0.006002075549152111,0.014897960538576917,0.01901873367624385,0.022340150400456543,404.7099243164063,0.9713132561552237,378.82482183547245,2.345156317109068
2026-04-20,416.3826293945313,421.6213787702164,414.6197538627068,419.4501847919345,27582200,-0.011163955067039377,-0.011226739734212494,0.020954062567987094,0.019156059677234417,0.022350538167908038,411.4227233886719,0.4160863096199892,380.20257277715774,1.8331708164308886
2026-04-21,422.4480285644531,425.4558284373716,415.516128706763,418.5438369146158,32048500,0.014566888101796183,0.014461810196849228,0.020716664741811275,0.018608854996061946,0.02240065177174397,417.6076599121094,0.9553260784399412,382.208254859561,1.8472380804366202
2026-04-22,431.1726989746094,431.9495495900464,421.9600330275293,424.4698510786937,29378200,0.020652647947734692,0.02044227360800401,0.013537454272785335,0.018901663685336925,0.022380272310537887,421.9301452636719,1.6305784300127886,384.5758027576265,1.9208174737574353
2026-04-23,414.0719909667969,421.9500690544079,409.7495112929088,418.195296097549,38308000,-0.039660924841671163,-0.040468853591927485,0.024512960012760186,0.02023952689281539,0.022843747683353916,421.031787109375,-1.0525231975803906,386.61563255673366,1.1038068857969798
2026-04-24,422.90618896484375,423.2348740747397,414.12178001797366,415.2870711617039,27457400,0.021334932549821328,0.021110529021497536,0.02661166074401243,0.02039488068166056,0.022621003145811423,421.39630737304685,0.22650231109650298,389.1567629859561,1.3104985263020663
2026-04-27,423.1053771972656,425.38611256831246,415.3866572294081,420.6752229306716,30867300,0.00047099862243538126,0.0004708877374006461,0.025784337252796368,0.01992173517422494,0.022581105588685705,422.74085693359376,0.0602345914549663,391.94783383324034,1.192862146552955
2026-04-28,427.5174865722656,428.1847957314844,420.197146128082,422.8563830057505,30438100,0.01042792082725752,0.010373925111834702,0.025400049617735006,0.018475500876491403,0.022438005122835065,423.75474853515624,0.5874946059693211,395.38533092680433,1.2450364864857484
2026-04-29,422.746826171875,425.0973167681131,418.59367375245296,422.8663369761165,38288300,-0.011158983083103036,-0.011221711629237963,0.02366037620078676,0.018982217605128318,0.022463586763350724,422.0695739746094,0.13833536988190076,398.49178931826634,0.9728192435530206
2026-04-30,406.1341552734375,412.7473701155562,396.4035989759817,409.15192465494977,70909400,-0.0392969736730403,-0.04008994344445708,0.023514312121354883,0.020928303887365617,0.01883619751208181,420.4820068359375,-1.7359579591447725,400.2755126953125,0.2439468421739088
2026-05-01,412.7672729492188,415.4264794885345,408.7834174283456,411.1338775963461,31372400,0.01633233154526348,0.016200393649031083,0.022280322505787004,0.021014701554729672,0.018939746893298297,418.4542236328125,-0.6498545821281824,402.41304088774183,0.4509091678429232
2026-05-04,411.9505615234375,419.0816663151199,409.1419361803058,409.87897009526375,28066500,-0.001978624467840917,-0.0019805845311461887,0.02216052069626915,0.021035010242940962,0.018834613607737586,416.2232604980469,-0.4916458746543771,404.3177025204613,0.34779449516043776
2026-05-05,409.7196044921875,415.09780308537887,407.1500007946646,413.6437044066962,25700900,-0.005415594101873977,-0.005430311591628986,0.02041670488976159,0.021111009760542355,0.018483273831004447,412.66368408203124,-0.4752668759198361,406.14363461449034,0.17338974766569198
2026-05-06,412.2891845703125,416.73120520087787,403.4748984673602,406.3532485673598,30285900,0.0062715575480205565,0.006251973171359722,0.021311201807829153,0.021063979820651557,0.018477607211493444,410.57215576171876,0.626037943379219,408.11990937732514,0.21954841662412802
2026-05-07,419.07171630859375,426.25263786097554,417.06984955189336,418.41437649189606,34942400,0.01645090871192756,0.016317058490072932,0.010056413987992984,0.021207243537902192,0.01740289607400493,413.15966796875,1.6864054961861517,410.3224138532366,0.5057948443377392
2026-05-08,413.4445190429688,416.9403619714099,412.32904436576047,415.7053764922729,33383800,-0.0134277667679229,-0.013518734474677108,0.011412309363119367,0.021534213905894398,0.01734881336976913,413.2951171875,0.04268823089798344,412.3167128789993,0.07596305993611123
2026-05-11,410.9944458007813,411.02432350049145,403.8633409907068,406.22377045102496,35657900,-0.005926002472735337,-0.005943630903975216,0.011745476947545498,0.02153495880645953,0.0169352082033782,413.10389404296876,-0.5833871794194525,414.2986813499814,-0.29651187378381477
2026-05-12,406.1241760253906,413.8229876767416,404.9987623844293,412.8071154720842,38594200,-0.011849964945150226,-0.011920735420463008,0.012747380774450185,0.020634197790868263,0.017001510245226528,412.3848083496094,-1.3426095846988018,415.4084690638951,-1.0602487231555626
2026-05-13,403.5745239257813,404.6700902960666,399.41140211310335,401.5726571524119,29667100,-0.006278011135810613,-0.006297800717341073,0.011987626922756733,0.020213966857248303,0.016795035788903352,410.6418762207031,-1.1564151265114795,415.98233468191967,-1.67594511662691
2026-05-14,407.7774658203125,410.17774231087935,399.2619871856725,402.8474630718804,27077500,0.010414289419577338,0.01036043429339151,0.009459204113585721,0.01773947704438178,0.01682442237942049,408.38302612304693,-0.15503122608455716,415.8974391392299,-1.0840355304583726
2026-05-15,420.2170715332031,426.4418454559798,411.2434277199191,412.5979239362014,50771200,0.030505868410031667,0.030049816053201756,0.017136386554096113,0.018335872740636958,0.01723398043478324,409.73753662109374,1.625362001485089,415.9761672247024,0.5633116594152595
2026-05-18,421.83056640625,423.40417602339767,413.9325494355234,414.9384827190712,32564100,0.003839669976186011,0.0038323172587519066,0.01636561092066214,0.01830756231834402,0.017168946362666887,411.9047607421875,1.170868270376605,416.0117376418341,0.7701370107891972
2026-05-19,415.7352600097656,430.9535870211983,414.808990493047,428.16486989475214,33018700,-0.014449655577149945,-0.014555068536528612,0.01708152082906011,0.018424415046432184,0.017264055498877412,413.8269775390625,0.2412641741264842,415.9809105282738,-0.03251363483393295
2026-05-20,419.3605346679688,420.3963455784958,409.63991780241736,412.4983595724376,27864000,0.008720151997975822,0.008682351066833785,0.01595149569331208,0.018238659006015383,0.01729215115657219,416.9841796875,0.42355719788167,415.8338870093936,0.47321615193247946
2026-05-21,418.3025207519531,425.5388979071037,414.92886694253497,423.9518891931334,31393500,-0.002522921993251881,-0.0025261099240064715,0.01644242071439986,0.017607244381280147,0.017290205028317834,419.0891906738281,-0.3455713434312172,415.2210213797433,0.4662186758809404
2026-05-22,417.7835388183594,423.602571187628,415.5477269340821,418.7517174636334,22390300,-0.0012406856469829863,-0.0012414559346094188,0.00870482403520077,0.015172428606684227,0.01675212226052388,418.60248413085935,-0.3664562727983777,415.3977617536272,0.36001418540790464
2026-05-26,415.248291015625,418.9812539216563,412.2439369671585,415.6475333356961,30398000,-0.0060683286131975045,-0.006086815747892765,0.008407387840684954,0.014462602120913062,0.016725169312518533,417.28602905273436,-1.1696078735609556,415.0330999465216,0.033624246929923496
2026-05-27,411.8946228027344,415.15846763645,408.8104019854481,410.2377382218162,28901500,-0.008076296243599512,-0.008109086190994702,0.006497777379258346,0.014543787348095829,0.01636572567109927,416.5179016113281,-1.54422997176295,414.49925449916293,-0.42311976361052206
2026-05-28,426.1876831054688,428.6829856468207,411.89461329838434,412.2040283766931,47250500,0.03470076935085342,0.03411227317817097,0.017480127626287124,0.016310028900938106,0.016903190825517164,417.8833312988281,1.5696833099700984,414.43593052455356,1.9519499843844839
2026-05-29,449.3940124511719,449.4838396905727,431.5476031778621,431.7372486144539,79654400,0.054450962018909754,0.053020216317113844,0.027618381368582967,0.019783949404448678,0.017857908542487137,424.10162963867185,1.6756104466644763,415.70484415690106,3.508416142388477
2026-06-01,459.6546936035156,465.4438139523178,457.4089212477424,463.9665838370572,53628900,0.022832260484241695,0.022575505279128875,0.026280879872737445,0.017576594111884593,0.0179741525127821,432.4758605957031,1.286655589372496,418.2534412202381,3.108527381775346
2026-06-02,440.4807739257813,452.647871293284,439.6024225764256,446.0403151791343,37036800,-0.04171374717707799,-0.0426087431147154,0.037648832327734506,0.020322939285061837,0.018784478441008983,437.52235717773436,0.15675260974772834,419.57313174293154,1.4830187951992184
2026-06-03,426.53704833984375,439.5625463944663,423.4528579325816,437.62618910935214,39037000,-0.03165569625585296,-0.032167569260615834,0.042103019408380724,0.021719457322302318,0.01925375917265452,440.4508422851562,-0.9568450249524986,420.2677263532366,0.44580316559013794
2026-06-04,427.2456970214844,435.33048350032107,425.60879436274143,434.9911260035114,26899500,0.001661400069229213,0.0016600214708585974,0.03928288569735712,0.02165880116854285,0.019186957254216996,440.6624450683594,-0.9390641166130742,421.10230218796505,0.44117513608249875
2026-06-05,415.8870849609375,428.6630214075295,413.6213308264138,427.5351398188391,34782200,-0.02658566754383418,-0.02694545757348533,0.026869595822578408,0.022526644622116777,0.019492077245891012,433.9610595703125,-1.0755507669403916,421.2736307779948,-0.3893969672872235
2026-06-08,410.9663391113281,416.3761684433353,407.7923215775376,413.3618539280056,32086700,-0.011831927529251218,-0.011902481865196957,0.01741796598605062,0.022371687164055663,0.01955254511409455,424.223388671875,-1.1582370326386824,420.88766043526783,-0.7081848632225856
2026-06-09,402.6520080566406,411.2059125875929,397.7312786929967,408.2614433672717,35317300,-0.02023117288064602,-0.020438625838642196,0.013326438193374387,0.022616008983895774,0.01969158624479777,416.6576354980469,-1.3371295935541352,420.3737313406808,-1.2233639971815773
2026-06-10,396.61334228515625,404.2789346443135,396.4137363631365,397.8011087010324,32576000,-0.014997232475331246,-0.015110828144280814,0.010705278223816738,0.022798676134408658,0.019781263321114594,410.6728942871094,-1.1840936892866862,419.6889168875558,-1.5111386646036171
2026-06-11,389.6065673828125,396.1043451719433,383.278483574852,394.46741202742857,47224100,-0.017666513340103496,-0.017824428828516183,0.005712676146301334,0.02296683798459648,0.01988475473923167,403.145068359375,-1.2768068787024263,418.90236409505206,-1.787590897452087
2026-06-12,390.00579833984375,391.003919361718,381.55171206616,390.6945042817559,34865800,0.001024702842441938,0.001024178192860307,0.008379053323224115,0.02295354104808024,0.019787369636143352,397.96881103515625,-0.8820040761078323,418.2562343052455,-1.6361044215187504
2026-06-15,399.0088806152344,400.9951317570601,392.1118605058895,396.05442037645633,32266400,0.02308448313772371,0.022822067271982282,0.018105967514358567,0.023435019747768356,0.019949741193333863,395.5773193359375,0.6028827009984744,417.8386826288132,-1.0677482785846946
2026-06-16,393.0899963378906,396.094350419825,389.9559121071713,395.0463355104342,31506800,-0.014833966272172594,-0.01494508985482197,0.017144760066211955,0.022488673313127584,0.020038205634629724,393.6649169921875,-0.14001538728580107,416.54691714332216,-1.2729068713272196
2026-06-17,378.1980285644531,389.6364865987809,376.6110198431126,389.51671695343225,41987800,-0.03788437231212749,-0.038620640437544464,0.02292613569721604,0.02370236703355876,0.020478976143895895,389.9818542480469,-1.5535061351946198,414.46917724609375,-1.7974782191440104
2026-06-18,378.6871032714844,380.6534028700893,372.5786075934489,377.1100854858111,59714200,0.0012931709583141604,0.0012923355329048031,0.022786261441043315,0.023641802666257268,0.02046264126905643,387.79796142578124,-0.9974492058289921,412.7049793061756,-1.5727154384904272
2026-06-22,366.6497802734375,380.9129385065033,366.3802985575179,375.0339909424311,45171100,-0.031786989559602685,-0.03230316380562538,0.025090822112628787,0.02418933790528836,0.02073138586316199,383.1267578125,-1.2759806678208572,410.1949433826265,-1.8318258836825791
2026-06-23,373.23736572265625,376.5112013539488,369.9735210485466,371.6802994138851,40647600,0.017966969581451497,0.017807471218292778,0.023374975549308227,0.024752414349276015,0.020856323516761942,377.9724548339844,-0.48598532946743417,408.04898361932663,-1.3921828891456538
2026-06-24,364.7733154296875,378.1681135077346,364.0946004167936,370.87185096853153,44509900,-0.022677392646850314,-0.022938479444906717,0.023780836137928533,0.025020299847368224,0.020775534011045146,372.3091186523437,-1.1731948806443513,405.5246872674851,-1.532110953979522
2026-06-25,352.1670227050781,363.5456265920902,348.54386902384044,362.0883479855026,66179000,-0.0345592514347155,-0.03517054764995348,0.022958226133588437,0.02579157752388956,0.021230214790513117,367.10291748046876,-1.4925857759543137,402.5208173479353,-1.7419249186636725
2026-06-26,372.2691955566406,375.9023402058053,354.762144454129,356.4789138154501,186201600,0.057081360705363515,0.05551167715699935,0.03920093610015824,0.029262196837463318,0.022312572484048034,365.8193359375,0.7643852847790932,400.6338922409784,-0.9598677140381648
2026-06-29,367.8774719238281,379.7850483907747,359.2237492715265,376.790685328561,51229900,-0.011797171738171075,-0.011867310540754928,0.036401894785703666,0.027891843481976448,0.022124040335691427,366.06487426757815,0.2136010526681911,397.8572155180432,-1.0071075113461752
2026-06-30,372.319091796875,373.44697342275583,366.7595808670141,370.3328407149792,44945700,0.012073639219654542,0.01200133424528148,0.035806211227719605,0.024735697067573767,0.022160299198854237,365.8812194824219,0.77566963601444,394.1869812011719,-0.7871408208468332
2026-07-01,383.5579528808594,388.0993914388061,374.18561213385976,380.1144231011508,48065800,0.030186099320729687,0.029739464873233083,0.03529700059135316,0.02523668272459945,0.02213848010354033,369.6381469726563,1.2253200274208629,390.5633268810454,-0.2988820296568148
2026-07-02,389.7562561035156,391.4630649298244,382.9790365046874,383.7575696594082,42128900,0.016160017478718647,0.01603083427328197,0.024752746266011105,0.024521717640891647,0.02221999890309877,377.15599365234374,1.380733413772669,388.1478736514137,0.07860403999415265
2026-07-06,386.0133056640625,388.418780928489,380.5036887115837,386.31276024010407,34224500,-0.009603310738029669,-0.009649719886582553,0.017723757701520085,0.023793789363166753,0.022221075669481147,379.9048156738281,0.6531088902236507,386.21817161923366,-0.011088945710380663
2026-07-07,388.109375,394.8267404517197,387.4905448392632,391.75251064257776,29297500,0.005430044263193601,0.005415354725410578,0.014445161688975899,0.02385842664147177,0.02222758183348605,383.9511962890625,0.6022205454647935,384.35453723725817,0.235744746224723
2026-07-08,382.6197204589844,384.58602015004215,380.6134873969759,383.3084264217563,25908300,-0.014144606893393474,-0.014245595270438406,0.018151109100475946,0.02341995901681286,0.02230566821695445,386.0113220214844,-1.131345841994828,382.7703770228795,-0.010613633705731006
2026-07-09,383.6377868652344,383.927250494608,372.6484949692805,373.7464342011832,31083200,0.0026607787100694225,0.0026572451051034866,0.012138987618902766,0.02338888005419032,0.022298390831418182,386.02728881835935,-0.8013938845893849,381.4690173921131,0.17145831343300327
2026-07-10,384.37640380859375,391.1736053926777,380.783162110783,387.07131223677504,24644600,0.001925297686118821,0.0019234466759783032,0.008624134886478278,0.02307541473552214,0.022293717062799027,384.951318359375,-0.26665770194741606,380.59875052315846,0.3225258760944203
2026-07-13,390.2553405761719,392.9103462310944,383.4281962321871,387.02143811329415,28914900,0.015294738983264056,0.015178953575442218,0.010601107298459584,0.02317527462895002,0.022353561017230676,385.7997253417969,1.3750451238042476,380.29598853701634,0.8771082035497466
2026-07-14,384.2067260742188,387.4606104242381,377.93852713765,382.1007052927433,27863900,-0.015499120378526854,-0.015620487433093756,0.0129196538981907,0.023099044616370874,0.021994760465189316,385.0191955566406,-0.2702372562286042,380.03885323660717,0.37235201296418974
2026-07-15,394.8866271972656,398.2103568181361,385.6739591427675,387.0713224899768,36253700,0.02779727786697772,0.027417947067890327,0.01610694341183166,0.023899709198062977,0.022084506691208896,387.4725769042969,1.5003957313119385,380.27127365838913,1.2755355208032528
2026-07-16,400.3463439941406,405.2271399033625,391.31333055964967,397.56157784187184,37047400,0.013826036185691448,0.013731328503507289,0.016239684922998324,0.023556800673985575,0.021399413679160935,390.8142883300781,1.372753179025143,380.33496239071803,1.7294827723250212
2026-07-17,393.08001708984375,397.6414373419786,388.6583483977542,394.1180409920291,33049800,-0.01815010181385157,-0.018316835481835936,0.020309661425496145,0.023676086167386264,0.021327024391863743,392.5550109863281,0.08830204226499537,380.33448718843005,1.1015842067543022
2026-07-20,401.53411865234375,402.4224305318551,388.9178541819168,390.6745569462133,27915800,0.02150732979277281,0.021279310768907687,0.021273563065985643,0.02236256225152789,0.02149409028615014,394.8107666015625,0.9722239256574257,381.4457295735677,1.6144993724999632
2026-07-21,397.0026245117188,400.7156358198418,395.5753188038176,398.0606303262699,24126600,-0.011285452294399922,-0.011349616213798593,0.020265432561770522,0.022575767695017575,0.02149506143213009,397.3699462890625,-0.10296705745806299,382.3178972516741,1.1406593305423212
2026-07-22,389.6065673828125,400.246541441447,386.2329133568751,398.8291961465565,28142500,-0.018629743664800302,-0.018805463167719517,0.018861885883876783,0.02171872910284701,0.021523780619742028,396.3139343261719,-1.3452998973408128,383.41107759021577,0.4978520291225379
2026-07-23,380.8630065917969,391.0438532115061,376.6809075284274,389.23725659651495,30351800,-0.022442026195170772,-0.022697680641045857,0.01794541282825908,0.02212271550633485,0.02150763469384183,392.4172668457031,-1.473397290776032,383.77420334588913,-0.23779728235449205
2026-07-24,380.9828186035156,388.299032528898,379.9347732203772,386.3227418757343,27659400,0.0003145803337292197,0.00031453086371062644,0.017713892431634033,0.021437908125890043,0.020936332280486827,389.9978271484375,-0.9678718824922465,384.54608444940476,-0.3106283793275367
2026-07-27,388.368896484375,393.4593197982184,387.2609663085435,389.3470355932277,27856200,0.019386905446111324,0.019201373487281348,0.016912764586878886,0.01994678530861877,0.020904696667864552,387.3647827148437,0.14889065734096574,386.26998320079986,0.239539770516999
2026-07-28,392.6109008789063,399.567805457337,390.5647345556998,392.4212554523594,32367500,0.01092261618510415,0.010863395254360744,0.01824066336086609,0.016302000949297225,0.020960245796778406,386.48643798828124,1.1538110049195014,387.23863583519346,0.651475569826459
2026-07-29,389.8061828613281,400.4960502148319,388.00954678983055,392.6607942930367,47209000,-0.007143759919297943,-0.007169398750261267,0.01622758100371392,0.016125782747648112,0.020920670098644532,386.5263610839844,0.614425552440166,388.2828601655506,0.21886397348567732
2026-07-30,450.2524108886719,457.8281459885008,431.6274684759506,437.07720086969465,110160700,0.15506739165511707,0.14415869002494103,0.06268469545157834,0.03484111772859631,0.02778486092374908,400.40424194335935,1.7679500997902358,391.9939705984933,3.9894462868054075
2026-07-31,463.8468017578125,465.962813447145,448.4857046349594,449.1544591210436,60846000,0.030192821938052727,0.029745990485831524,0.0601219724037123,0.03484131150701718,0.027510808552625058,416.97703857421874,1.2692543695419058,395.81724911644346,3.198120354489366
2026-08-03,486.7337036132813,490.7261876465455,474.1074789501303,475.2353605631651,66762100,0.04934151053480518,0.048162834615392586,0.05908039460357421,0.03585401991626077,0.028064020425636712,436.65,1.1515127284034044,400.43522280738466,2.97484092226469
2026-08-04,491.884033203125,498.5015806515744,478.2696778930625,479.99640781848416,50455500,0.01058141146094882,0.010525820139268968,0.05912954725669101,0.03555387659606422,0.028075209181982315,456.50462646484374,0.8639936936560901,405.47668602353053,2.4711979216711213
2026-08-05,486.5440673828125,497.3038108374591,484.7674131728324,495.4273384327132,33388900,-0.010856147912626679,-0.010915505876516499,0.059974869002582996,0.03587175063087863,0.028109675780925252,475.8522033691406,0.5955519254984855,410.16405232747394,1.9636002179824128
2026-08-06,498.9207458496094,500.61756372489685,487.60205742358346,487.6319998350186,36441500,0.025437939328646575,0.02511977922331943,0.02212734469379315,0.035526384777252326,0.028247999789120636,485.58587036132815,1.013605878318626,415.7021963936942,1.9417323612851651
2026-08-07,499.0505065917969,504.23075699317457,497.7928948509335,498.2719734340298,28846200,0.00026008287542045316,0.00026004905973253683,0.0229695402466322,0.03556389082430193,0.028198552125763058,492.626611328125,1.0381474742347692,421.19804019019716,1.698465707985249
2026-08-10,505.109130859375,512.7647021753171,501.326243590453,502.4940586092805,31206100,0.012140302810139891,0.012067200396210767,0.013527565229044136,0.035481501827326664,0.028144332799556658,496.30169677734375,1.2251665556981544,426.9472176688058,1.612157862683147
2026-08-11,502.86334228515625,504.3804752506704,498.61133704649393,503.3823542433026,23049800,-0.0044461452724045,-0.004456058771781653,0.014302340411847381,0.03567956802109381,0.02813717919347202,498.49755859375,0.608144982409942,432.30950346447173,1.3995809600546423
2026-08-12,491.5047302246094,500.557695253814,490.596436434424,499.0505227551261,29001500,-0.022587870511558972,-0.022846884269697852,0.018013497335812517,0.035993473698562164,0.028265278374462993,499.48969116210935,-1.5421722299608158,437.41893223353793,1.0661910063794435
2026-08-13,495.9463806152344,500.3979918654044,492.0836571155829,492.3431478695615,23039000,0.00903684159579754,0.008996253683875972,0.013795863252832921,0.03581601314964934,0.02824955685880015,498.8948181152344,-0.543547835105943,442.2313014439174,1.047445360486155
2026-08-14,494.4691467285156,499.07050046550256,492.991947114923,495.42733437790497,16217600,-0.002978616125570266,-0.002983061031221489,0.0137865337721293,0.035934325188806834,0.02824557172609235,497.9785461425781,-0.6084644481594661,446.71333966936385,0.9263858322678981
2026-08-17,479.4474487304688,491.73431632358415,477.5110914717105,489.2190622628328,29635800,-0.030379444496047348,-0.030850463908354,0.016122178420119714,0.03652829695651694,0.028348900604707673,492.84620971679686,-1.5630910742661215,450.8260745093936,0.5668476533127691
2026-08-18,480.72503662109375,483.36006030134655,476.2534434403709,480.6352093836093,24087600,0.002664708914413616,0.002661164872112337,0.017067735194349013,0.03645290262335553,0.028348125676304858,488.4185485839844,-0.9881495910782191,454.5970706031436,0.5270326319602071
2026-08-19,483.3999938964844,488.3806080919379,478.4592826108848,479.1679704739861,19961900,0.0055644226358424476,0.005548998427629278,0.016001276472924642,0.03617662661071341,0.028270958965131314,486.7976013183594,-0.4341327502704082,458.7112310500372,0.5130600429537302
2026-08-20,481.1499938964844,484.1600036621094,479.5,483.2999877929688,20020800,-0.004654530468367835,-0.004665396526016778,0.014463809223387034,0.03575500223229111,0.028273084810345038,483.83832397460935,-0.43987429635437175,463.07044183640255,0.39622590533573804
2026-08-21,483.239990234375,486.3599853515625,478.5299987792969,479.8800048828125,22510800,0.004343752186226402,0.004334345325575278,0.01520394832556908,0.034995633065429896,0.028267871097520495,481.5924926757813,0.9703421862936915,467.94553629557294,0.3667065168524543
2026-08-24,487.30999755859375,490.6099853515625,481.8599853515625,483.2099914550781,17230800,0.00842233136012771,0.00838706142570108,0.004895170459292077,0.03491274367917115,0.028274494634470716,483.1650024414063,1.5879132491349963,473.0087352934338,0.3887661549405969
2026-08-25,491.7099914550781,492.4400024414063,484.2999877929688,485.4400024414063,19519000,0.009029147603226262,0.008988628568926814,0.005486064436883527,0.03487444742316839,0.02826492855540577,485.36199340820315,1.5154596731894028,477.9297398158482,0.4386090592505884
2026-08-26,496.3699951171875,497.3999938964844,487.30999755859375,487.8500061035156,20758900,0.00947713844154241,0.009432512096829729,0.0059256876742416,0.0348766073645431,0.028243296463386244,487.95599365234375,1.3566226283047034,482.8706490652902,0.5445680005203419
2026-08-27,505.05999755859375,506.4800109863281,490.0799865722656,494.8800048828125,28688800,0.017507106648045223,0.017355622730905317,0.0047355098881914645,0.03464173709790454,0.02802324715060914,492.7379943847656,1.457854663047133,488.35892595563615,1.2645055970058254
2026-08-28,513.530029296875,517.780029296875,504.8699951171875,505.3299865722656,29207300,0.01677034764032892,0.016631278037042205,0.004436177142293947,0.017128107874100063,0.02733582550263433,498.79600219726564,1.3979339185196857,491.3721458798363,1.9899902211290315
2026-08-31,507.2900085449219,512.1900024414062,506.3900146484375,510.3800048828125,27208900,-0.012151228547426784,-0.012225658281366231,0.011980470720952235,0.016694075794941855,0.02726728949295453,502.79200439453126,0.5153345135840799,493.4408700125558,1.4263526046844586
2026-09-01,501.0199890136719,505.9700012207031,496.7799987792969,497.5199890136719,21046900,-0.012359832493516909,-0.012436850500924182,0.015004724377866133,0.013694327748760069,0.026738755637225747,504.65400390625,-0.5611950831816193,494.1211693173363,0.7100089630726392
2026-09-02,496.8200073242188,500.2699890136719,493.80999755859375,499.8500061035156,15336100,-0.008382862523551804,-0.008418196319730705,0.015432601947488822,0.013685520160401747,0.026414088689222306,504.74400634765624,-1.2511975201034344,494.35621570405505,0.25349207656489636
2026-09-03,510.1199951171875,515.6500244140625,500.7999877929688,501.6600036621094,24125900,0.026770233881280303,0.026418180386706357,0.018232199919405504,0.014530601657138775,0.026586197186329128,505.756005859375,0.6432342518525637,495.4788789295015,1.4460281965872266
2026-09-04,499.7000122070313,511.0,499.3599853515625,510.0,18101800,-0.020426532992031565,-0.02063803980793024,0.01836976304605826,0.01436001057789163,0.02648400157235266,502.99000244140626,-0.5954777922340642,495.51598685128346,0.41263724236695604
2026-09-08,493.9500122070313,495.1900024414063,490.1499938964844,493.010009765625,18882300,-0.01150690386138653,-0.011573620575305154,0.01831195046024615,0.014582814702757968,0.026481066336339877,500.32200317382814,-1.0414414515837558,495.27310616629467,-0.13084562462565597
2026-09-09,491.6499938964844,494.3900146484375,489.7999877929688,493.0700073242188,12889600,-0.004656378689556373,-0.004667253391759441,0.01788270198680667,0.014317170890007802,0.026330810343148225,498.4480041503906,-0.9452213260093618,494.63219488234745,-0.30180635857544413
2026-09-10,492.4400024414063,494.5199890136719,486.0,488.3200073242188,16038800,0.001606851530009834,0.0016055619253740484,0.01779379039349811,0.014311168113267334,0.026227647657937607,497.57200317382814,-0.6674131125259792,494.1358453659784,-0.1746977578867545
2026-09-11,495.6300048828125,498.9700012207031,492.5799865722656,495.6499938964844,14510500,0.006477951477521948,0.006457059725150248,0.01072213068363213,0.013478630019152078,0.02608823600953441,494.67400512695315,0.29920953569200875,494.33228701636904,0.1338803072453626
2026-09-14,505.4100036621094,509.9500122070313,495.3399963378906,497.05999755859375,23091900,0.019732459058061425,0.019540297849702796,0.011789904804004575,0.014001201163616922,0.026160424977876625,495.8160034179688,1.7209531257901693,494.7829357328869,1.0640437539660872
2026-09-15,497.1199951171875,505.8999938964844,495.5400085449219,500.05999755859375,17794600,-0.01640254147099185,-0.016538552489505042,0.013353061910903576,0.014493016195762142,0.026176443324314395,496.45,0.12205807161883743,494.90916660853793,0.22108252150799262
2026-09-16,490.2999877929688,495.9700012207031,487.2300109863281,493.0299987792969,16670300,-0.013719036432262133,-0.013814012062414496,0.014907491636523421,0.013071974026936085,0.02616398049275134,496.17999877929685,-1.0123621141112005,495.4259541829427,-0.5438744991859485
2026-09-17,497.75,501.4700012207031,493.1700134277344,497.7999877929688,17841600,0.015194803982285565,0.015080519184183816,0.016524853271167185,0.013423954167904274,0.02563884061409078,497.24199829101565,0.09361828785174911,496.2366667247954,0.17178903575049573
2026-09-18,493.7799987792969,498.6499938964844,491.1000061035156,497.9700012207031,39622300,-0.007975893964245362,-0.008007871553246362,0.016844323994167347,0.01355280088990258,0.025683523631853018,496.8719970703125,-0.5498641175259109,496.73095267159596,-0.35420442143533587
2026-09-21,501.6099853515625,501.8699951171875,491.3299865722656,494.9500122070313,27959900,0.015857237214189634,0.015732824730232506,0.015748244086814595,0.013853224902702176,0.025292036099915687,496.11199340820315,1.2857093194582858,497.7052379789807,0.5151022396194312
2026-09-22,498.0,508.5,493.6499938964844,507.3200073242188,21652800,-0.007196797226898033,-0.0072228190966389695,0.013977126549232074,0.013984090285863957,0.02528379630380862,496.2879943847656,0.3939595610963417,498.40809558686755,-0.059853839642880824
2026-09-23,500.5899963378906,509.4400024414063,495.8800048828125,500.760009765625,19445600,0.005200795859218177,0.0051873184291455834,0.011531141346663734,0.013921821163360557,0.02503721282364448,498.34599609375,0.7376989409937457,499.0404764811198,0.2445497394772588
2026-09-24,497.9299926757813,498.8999938964844,491.2200012207031,495.0700073242188,16657600,-0.005313737153296749,-0.005327905267274431,0.010235790153293258,0.013875937529534888,0.02454188990396957,498.3819946289062,-0.14897249160360143,499.336667015439,-0.2299225166143114
2026-09-25,516.1699829101562,519.4000244140625,497.25,499.0400085449219,38193100,0.03663163597829633,0.035976645291274645,0.017719975050310838,0.015796913457698517,0.024017594482631546,502.8599914550781,1.7484576289159162,500.27952357700894,2.2422129670098903
2026-09-28,509.2200012207031,513.3300170898438,502.2200012207031,505.4700012207031,19611600,-0.013464521222774861,-0.013555989870956294,0.019622714377137182,0.01572107999371283,0.024037869082701637,504.3819946289062,0.6011216922359476,500.47761898949034,1.2004320414104228
