Date,Close,High,Low,Open,Volume,return,log_return,rolling_vol_5d,rolling_vol_21d,rolling_vol_63d,rolling_mean_5d,zscore_5d,rolling_mean_21d,zscore_21d
2025-01-02,379.2799987792969,392.7300109863281,373.0400085449219,390.1000061035156,109710700,-0.06081615932376483,-0.06274403546918701,0.017427895621843652,0.04388861562898511,0.048300054029978466,417.2640014648438,-1.3451761896894792,417.0180954706101,-1.0747248102025828
2025-01-03,410.4400024414063,411.8800048828125,379.4500122070313,381.4800109863281,95423300,0.08215567328200035,0.07895504556688626,0.05682999225406396,0.04665152393098652,0.0488568606864522,408.5260009765625,0.09900182528816928,419.82857113792784,-0.29516779927584474
2025-01-06,411.0499877929688,426.4299926757813,401.7000122070313,423.2000122070313,85516500,0.0014861742226248698,0.0014850709586745647,0.05457433467753632,0.046598532354310614,0.0487133562098247,404.40399780273435,0.4477439519144323,422.3580947149368,-0.39555179152958797
2025-01-07,394.3599853515625,414.3299865722656,390.0,405.8299865722656,75699500,-0.040603340073111616,-0.04145067133894495,0.05553835637830377,0.04735294122051081,0.04877238276229174,399.793994140625,-0.40880399041171556,423.5423801967076,-1.091165570412515
2025-01-08,394.9400024414063,402.5,387.3999938964844,392.9500122070313,73038800,0.0014707807875760093,0.0014697002488740785,0.05429989307468287,0.04600756078580308,0.04876977688723548,398.0139953613281,-0.23268692830860238,423.81476120721726,-1.0935682528907145
2025-01-10,394.739990234375,399.2799987792969,377.2900085449219,391.3999938964844,62287300,-0.0005064369418009695,-0.00050656522430214,0.043696217527128024,0.04600792343864943,0.048701387208038356,401.1059936523437,-0.7230584756106851,424.0504746210007,-1.122764294737743
2025-01-13,403.30999755859375,403.7900085449219,380.0700073242188,383.2099914550781,67580500,0.021710512074366584,0.021478195369560783,0.023036238223574874,0.04582542865538206,0.04867996302400929,399.67999267578125,0.4921307295940722,424.1609511602493,-0.8017161460412834
2025-01-14,396.3599853515625,422.6400146484375,394.5400085449219,414.3399963378906,84565000,-0.017232432245921525,-0.017382638722844804,0.023554025930151466,0.04402037931729027,0.04708389258618756,396.7419921875,-0.1019013214011144,422.80809384300596,-0.9904093819951832
2025-01-15,428.2200012207031,429.7999877929688,405.6600036621094,409.8999938964844,81375500,0.08038151439752794,0.07731423282838396,0.036695764374672125,0.04726723201505277,0.047849669514288255,403.5139953613281,1.7339098682402843,423.2899983723958,0.18460060000913883
2025-01-16,413.8200073242188,424.0,409.1300048828125,423.489990234375,68335200,-0.03362756026209668,-0.03420597069137606,0.04322944003919871,0.046875765497082326,0.04817100803126916,407.28999633789067,0.46958014468080805,422.22285534086683,-0.3157663283289716
2025-01-17,426.5,439.739990234375,419.75,421.5,94991400,0.030641323404759113,0.030181252561434033,0.04365840751459234,0.045341177965115546,0.04823671463446915,413.6419982910156,0.918841165887827,420.4838082449777,0.24109893368667015
2025-01-21,424.0700073242188,433.2000122070313,406.30999755859375,432.6400146484375,87320900,-0.0056975209279747085,-0.005713813715474756,0.04441109695586314,0.044422337564528715,0.048254435304505676,417.79400024414065,0.4747289240732604,417.827142624628,0.2977460633786831
2025-01-22,415.1099853515625,428.0,414.5899963378906,416.80999755859375,60963300,-0.02112863871036752,-0.02135504315494337,0.04505514046219229,0.040631322043232804,0.048400113089494566,421.54400024414065,-0.9684021674613339,416.6357131231399,-0.07501931218190981
2025-01-23,412.3800048828125,420.7300109863281,408.9500122070313,416.05999755859375,50690600,-0.006576523247056931,-0.006598243859181292,0.024130085747247804,0.040616039396360416,0.04838947090357582,418.3760009765625,-0.9313288088789997,415.5028555733817,-0.15730604840838683
2025-01-24,406.5799865722656,418.8800048828125,405.7799987792969,414.4500122070313,56427100,-0.014064741844588391,-0.014164587635274254,0.019883776864532302,0.0400264475643109,0.04845386236142475,416.92799682617186,-1.2509721617130596,414.8133312406994,-0.41371906355865085
2025-01-27,397.1499938964844,406.6900024414063,389.0,394.7999877929688,58125500,-0.023193450212053546,-0.023466650856007368,0.008167786840598691,0.03989861268416281,0.04849013355716767,411.05799560546876,-1.3891275312892093,413.22047351655505,-0.8070454176747544
2025-01-28,398.0899963378906,400.5899963378906,386.5,396.9100036621094,48910700,0.0023668700890153715,0.0023640734639690623,0.010690155138352246,0.036090877144033646,0.04207388553976379,405.86199340820315,-0.9551696088816422,410.16380673363096,-0.7243849622242081
2025-01-29,389.1000061035156,398.5899963378906,384.4800109863281,395.2099914550781,68033600,-0.02258280870425211,-0.02284170549807513,0.011008931491164931,0.036182320674225776,0.042100913137047634,400.6599975585938,-1.282538369140169,407.06714012509303,-1.2923811629152924
2025-01-30,400.2799987792969,412.5,384.4100036621094,410.7799987792969,98092900,0.028732954254456988,0.028327903495885404,0.021815937498241407,0.03555046685994247,0.04200511792557437,398.2399963378906,0.324109054198613,405.5728541782924,-0.4145765801066206
2025-01-31,404.6000061035156,419.989990234375,401.3399963378906,401.5299987792969,83283600,0.010792463618949588,0.010734640646320742,0.022310044864583278,0.034992882981958275,0.04194344406563977,397.8440002441406,1.1916202320757348,404.96285429454986,-0.029084282076784762
2025-02-03,383.6799926757813,389.1700134277344,374.3599853515625,386.6799926757813,93732100,-0.05170542044525328,-0.05309008706919777,0.031723299422023774,0.03615083999474095,0.042586219688882675,395.15,-1.3414833035525184,404.0028541201637,-1.526432252058944
2025-02-04,392.2099914550781,394.0,381.3999938964844,382.6300048828125,57072200,0.02223206563315605,0.021988536096152256,0.03426810499984736,0.03373107786983195,0.04236909986092845,393.9739990234375,-0.20879420575978191,404.6185680571057,-1.0023353150978838
2025-02-05,378.1700134277344,388.3900146484375,375.5299987792969,387.510009765625,57223300,-0.035797094243459227,-0.03645352337012321,0.03669553856257667,0.02965205328182783,0.0427049280012013,391.7880004882812,-1.2333835933429889,403.08190191359745,-1.8362365474337201
2025-02-06,374.3200073242188,375.3999938964844,363.1799926757813,373.0299987792969,77918200,-0.010180622383618165,-0.010232799351092567,0.03143098753893997,0.02965591667456686,0.04256916636091948,386.59600219726565,-1.014353242218358,401.3328552246094,-1.8252163459728568
2025-02-07,361.6199951171875,380.5499877929688,360.3399963378906,370.1900024414063,70298300,-0.03392822173149601,-0.03451714290429049,0.029174356963597575,0.029259411807823252,0.04273106598610551,378.0,-1.4420924012965581,399.77380807059154,-2.22932484021073
2025-02-10,350.7300109863281,362.7000122070313,350.510009765625,356.2099914550781,77514900,-0.030114441341470455,-0.03057719520938892,0.02465227249381047,0.029783920620122622,0.03949323039710309,371.4100036621094,-1.3012258518030886,397.6685703822545,-2.3256599395255844
2025-02-11,328.5,349.3699951171875,325.1000061035156,345.79998779296875,118543400,-0.06338211812502892,-0.06547989008634725,0.01976943975523701,0.03247565132899631,0.04028385913203615,358.6680053710937,-1.505042113210361,394.5142851329985,-2.618278677924024
2025-02-12,336.510009765625,346.3999938964844,329.1199951171875,329.94000244140625,105382700,0.0243835913717656,0.024091057420887543,0.03307030284256712,0.032602001416929975,0.03917043262540095,350.33600463867185,-0.7468914873356283,391.3333333333333,-1.9512423132902648
2025-02-13,355.94000244140625,358.69000244140625,342.8500061035156,345.0,89441500,0.05773971683431944,0.05613428883532556,0.04908780264733353,0.035438100096186344,0.03829976734313652,346.6600036621094,0.6735553292122267,389.4085722423735,-1.1500605905490895
2025-02-14,355.8399963378906,362.0,347.5,360.6199951171875,68277300,-0.0002809633725618932,-0.00028100285016493403,0.04717566421275518,0.03004844098740488,0.03742221367284779,345.50400390625,0.8348777430377953,385.961905343192,-1.054830659369792
2025-02-18,354.1099853515625,359.1000061035156,350.0199890136719,355.010009765625,51631700,-0.004861766535893763,-0.004873623368530301,0.044789752734118816,0.02948571912724901,0.037426466885412464,346.17999877929685,0.6184981449682598,383.1185709635417,-1.0137108207287182
2025-02-19,360.55999755859375,367.3399963378906,353.6700134277344,354.0,67094400,0.018214714280444966,0.018050813649058695,0.024221769465758238,0.02882364451975565,0.036669980839047156,352.5919982910156,0.856499013891063,379.97857084728423,-0.7138972522995471
2025-02-20,354.3999938964844,362.2999877929688,348.0,361.510009765625,45965400,-0.01708454543992588,-0.01723217010242546,0.028552829132781146,0.02888753079781491,0.03657554630171045,356.1699951171875,-0.6836776994749599,376.6609511602493,-0.8639988714206349
2025-02-21,337.79998779296875,354.9800109863281,334.4200134277344,353.44000244140625,74058600,-0.046839747148427646,-0.04797223327197698,0.024498550983800032,0.030038635120685053,0.03645878729783375,352.5419921875,-1.7068098950875557,372.9795227050781,-1.3785844712877386
2025-02-24,330.5299987792969,342.3999938964844,324.70001220703125,338.1400146484375,76052300,-0.021521578674915554,-0.021756545199510743,0.02414749257744098,0.03013945927584501,0.036456700648234294,347.47999267578126,-1.3359145594864754,369.0819033668155,-1.5147824316164629
2025-02-25,302.79998779296875,328.8900146484375,297.25,327.0199890136719,134228800,-0.0838955952220366,-0.08762494178787733,0.039290413458590745,0.03452561579442615,0.038046284398791194,337.2179931640625,-1.513066688933073,364.1399986630394,-2.208474292889061
2025-02-26,290.79998779296875,309.0,288.0400085449219,303.7099914550781,100118300,-0.039630120487999076,-0.04043677756749929,0.028008677089629945,0.034953390735466064,0.03835008191954113,323.2659912109375,-1.2481783962112332,359.0757126581101,-2.204776042317637
2025-02-27,281.95001220703125,297.2300109863281,280.8800048828125,291.1600036621094,101748200,-0.030433204805490277,-0.030905910133740465,0.02541019335753769,0.034888460296127626,0.03817114393104858,308.7759948730469,-1.0965121085060758,353.5452372233073,-2.112914846764995
2025-02-28,292.9800109863281,293.8800048828125,273.6000061035156,279.5,115697000,0.03912040539724382,0.03837459125197188,0.045171103640556355,0.036829065240535516,0.0382341562448133,299.81199951171874,-0.36525473971468436,348.96809459867933,-1.5858884091820522
2025-03-03,284.6499938964844,303.94000244140625,277.29998779296875,300.3399963378906,115551400,-0.02843203214376444,-0.028844050845269347,0.04501871413313151,0.035676711499237075,0.03837962774109264,290.63599853515626,-0.7357644196335607,343.46190388997394,-1.6376314311206897
2025-03-04,272.0400085449219,284.3500061035156,261.8399963378906,270.92999267578125,126706600,-0.04429996705409467,-0.04531118823694169,0.034106153259068475,0.035654737324815305,0.0387196122145619,284.4840026855469,-1.5052547888353773,337.14952305385043,-1.794767195738614
2025-03-05,279.1000061035156,279.54998779296875,267.7099914550781,272.9200134277344,94042900,0.025952056083059283,0.025621016692865903,0.03752342049959272,0.036016466490092706,0.03856867912100206,282.1440063476563,-0.3970585392794083,332.16952369326634,-1.4442390675781558
2025-03-06,263.45001220703125,272.6499938964844,260.0199890136719,272.0599975585937,98451600,-0.056073068986891905,-0.05770651942025788,0.04307844096540193,0.0361056695990602,0.038865216448744064,278.4440063476562,-1.3200566353654746,326.03809611002606,-1.6930266185377298
2025-03-07,262.6700134277344,266.25,250.72999572753903,259.32000732421875,102369600,-0.0029607088371812473,-0.0029651004058366417,0.03352301654909937,0.03603337053464532,0.03883943921664709,272.3820068359375,-1.0100024685043372,320.53809611002606,-1.546715833318736
2025-03-10,222.1499938964844,253.3699951171875,220.0,252.5399932861328,189076900,-0.1542620682219511,-0.167545740677576,0.07387205291893824,0.04862936761003544,0.04380958830187214,259.88200683593755,-1.7039688513406592,313.29190499441967,-2.220975982701082
2025-03-11,230.5800018310547,237.05999755859372,217.0200042724609,225.30999755859372,174896400,0.037947369642955975,0.037245079838722016,0.08364483515488369,0.05040476011290636,0.04389400353081924,251.59000549316406,-0.8708251537799957,307.0519053141276,-1.7691484127891268
2025-03-12,248.08999633789065,251.83999633789065,241.1000061035156,247.22000122070312,142215700,0.07593891216839133,0.07319368705023727,0.09404860684327523,0.0543919348062402,0.04443467849968584,245.38800354003905,0.1448687250845035,302.1642855689639,-1.2335006475104986
2025-03-13,240.67999267578125,248.2899932861328,232.6000061035156,248.1300048828125,114813500,-0.02986820819658209,-0.030323348875332203,0.09234462331456703,0.053339446117688843,0.04451570823380417,240.83399963378906,-0.009820516116054275,297.98238045828685,-1.2632121422094085
2025-03-14,249.97999572753903,251.5800018310547,240.72999572753903,247.30999755859372,100242300,0.038640532386444715,0.037912677650069934,0.09576346406050108,0.053925550004438785,0.0446568117468659,238.29599609375,0.9889347000946523,293.86190359933033,-0.9619625820993012
2025-03-17,238.00999450683597,245.3999938964844,232.8000030517578,245.05999755859372,111900600,-0.04788383640805216,-0.049068231054900005,0.051376033136323454,0.051918542674064934,0.04416791812568636,241.4679962158203,-0.43967028875538355,288.2461889357794,-1.1202137738232651
2025-03-18,225.30999755859372,230.1000061035156,222.27999877929688,228.16000366210935,111477600,-0.05335909096824709,-0.05483544563443539,0.057056763058038376,0.052289977075457114,0.044534307676363204,240.41399536132812,-1.5407228616465294,282.0304747081938,-1.2877303229942196
2025-03-19,235.8600006103516,241.41000366210935,229.1999969482422,231.6100006103516,111993800,0.04682438935722,0.045761190368065634,0.04835921889028725,0.05423878582054535,0.044598908784841844,237.9679962158203,-0.23705051552130346,276.39952305385043,-0.9680720902895459
2025-03-20,236.25999450683597,238.0,230.0500030517578,233.3500061035156,99028300,0.0016958954271570903,0.0016944590202751025,0.04711749786788246,0.0537904251581938,0.04373469914688634,237.08399658203126,-0.09390855914294856,270.48047528948103,-0.9007671067991099
2025-03-21,248.7100067138672,249.5200042724609,234.5500030517578,234.9900054931641,132728700,0.052696235065183616,0.051354715813140585,0.05035795270839527,0.056011528680397396,0.04404542467983441,236.8299987792969,1.428882901268182,265.44761875697543,-0.5073760663567755
2025-03-24,278.3900146484375,278.6400146484375,256.3299865722656,258.0799865722656,169079900,0.11933580126800525,0.11273547481030481,0.06232745865381729,0.062186891942869645,0.04562217206586412,244.9060028076172,1.6356856055995728,262.61857241675966,0.5486011946352709
2025-03-25,288.1400146484375,288.20001220703125,271.2799987792969,283.6000061035156,150361500,0.03502280788451673,0.034423463077927825,0.04039909358518023,0.06282534155808225,0.045922622102932825,257.4720062255859,1.2594131835701399,260.6000017438616,1.1023371333040428
2025-03-26,272.0599975585937,284.8999938964844,266.510009765625,282.6600036621094,153629800,-0.05580626179068948,-0.05742390273973801,0.06275842294153314,0.06120097420231995,0.04622977694958417,264.7120056152344,0.3411648468163616,259.1361926850818,0.5564407405866011
2025-03-27,273.1300048828125,291.8500061035156,271.82000732421875,272.4800109863281,162572100,0.003932982922226103,0.003925268964187849,0.06252721421252813,0.060683616731646246,0.04609907691744497,272.0860076904297,0.07182920444048789,258.29476492745533,0.6645442513308949
2025-03-28,263.54998779296875,276.1000061035156,260.57000732421875,275.5799865722656,123809400,-0.03507493471452938,-0.035704833212183235,0.06672750974398894,0.060802935422116525,0.04512888076260331,275.05400390625,-1.2716067441337244,257.4185732886905,0.2825344265552188
2025-03-31,259.1600036621094,260.5599975585937,243.3600006103516,249.30999755859372,134008900,-0.016657121359109794,-0.016797411271064034,0.03546198676014135,0.060104045384008306,0.04512591583163674,271.2080017089844,-1.083130230540668,255.80809674944197,0.16652641982562816
2025-04-01,268.4599914550781,277.45001220703125,259.25,263.79998779296875,146486900,0.035885119854736525,0.03525624951763979,0.03574892695357599,0.06050375845560836,0.04514056723926319,267.2719970703125,0.2020305669926508,255.03714425223214,0.6969374307154682
2025-04-02,282.760009765625,284.989990234375,251.2700042724609,254.6000061035156,212787800,0.05326685079977622,0.05189662060946535,0.036093760916296104,0.060805595608307894,0.04562727822069909,269.41199951171876,1.4643278513034221,255.54762050083704,1.3698322420981532
2025-04-03,267.2799987792969,276.29998779296875,261.510009765625,265.2900085449219,136174300,-0.05474611137253549,-0.05630172235818194,0.046285474080868964,0.06182306122616025,0.0459410753741669,268.24199829101565,-0.10819177410302158,254.9847630092076,0.6362380093013488
2025-04-04,239.42999267578125,261.0,236.0,255.3800048828125,181229400,-0.10419786826814681,-0.11003572551557192,0.06643352273743085,0.06514352466583237,0.047242003398151114,263.4179992675781,-1.511098568828771,253.84095255533853,-0.7386909259566108
2025-04-07,233.2899932861328,252.0,214.25,223.77999877929688,183453800,-0.025644236634809525,-0.02597878190231111,0.06647751096717881,0.06530885132120683,0.04598489106737295,258.24399719238284,-1.1883802829813812,252.44190397716704,-0.9627153510643778
2025-04-08,221.8600006103516,250.44000244140625,217.8000030517578,245.0,171603500,-0.048994783337158454,-0.050235731001905815,0.058948363192689396,0.05496675571172583,0.046256157520190966,248.9239990234375,-1.072138651986339,252.42809477306548,-1.5348661229255987
2025-04-09,272.20001220703125,274.69000244140625,223.8800048828125,224.69000244140625,219433400,0.22689989839624514,0.20449058000160122,0.12247748178413277,0.07054960559150254,0.05337180188820114,246.81199951171874,1.1577649149215956,254.41000002906435,0.9029248471509693
2025-04-10,252.3999938964844,262.489990234375,239.3300018310547,260.0,181722600,-0.07274069589492616,-0.07552202857803939,0.12466968601575597,0.07112956559414842,0.054077491336822166,243.8359985351563,0.4435108717854137,254.61523800804503,-0.11270113330273163
2025-04-11,252.30999755859372,257.739990234375,241.3600006103516,251.83999633789065,128948100,-0.0003565623615965352,-0.0003566259450701537,0.11199277800546573,0.07077323155225126,0.054077789794786224,246.41199951171876,0.30349562883778336,255.16904776436942,-0.1473288711897814
2025-04-14,252.3500061035156,261.79998779296875,245.92999267578125,258.3599853515625,100135200,0.00015856900364230597,0.00015855643290671638,0.110465168357896,0.07029988047949826,0.05396262631140478,250.2240020751953,0.11788108174908118,255.28190540132067,-0.15127624570993983
2025-04-15,254.1100006103516,258.75,247.5399932861328,249.91000366210935,79594300,0.006974418324816822,0.006950209565496565,0.10474303154166344,0.06938382508706663,0.053977412593867735,256.6740020751953,-0.29428557574952063,256.04857235863096,-0.10214866443588465
2025-04-16,241.5500030517578,251.97000122070312,233.88999938964844,247.6100006103516,112378700,-0.049427403598542696,-0.05069074290399683,0.036970993561317264,0.06921642646229609,0.05315319385754323,250.54400024414062,-1.7686920205183578,256.82190595354353,-0.8500121353399966
2025-04-17,241.3699951171875,244.33999633789065,237.67999267578125,243.47000122070312,83404800,-0.0007452201709629014,-0.0007454979855451015,0.023554358116434092,0.06853102176703567,0.05306526354431128,248.33800048828124,-1.1023622817872696,257.08428664434524,-0.8886536578503093
2025-04-21,227.5,232.2100067138672,222.7899932861328,230.25999450683597,97768000,-0.05746362595919796,-0.05918076725792799,0.03153573255543374,0.06978070189232329,0.05320721948989638,243.3760009765625,-1.4882996502175532,256.6671440487816,-1.5945382438634423
2025-04-22,237.97000122070312,242.7899932861328,229.8500061035156,230.9600067138672,120858500,0.04602198338770602,0.04499438204493094,0.04317632375733512,0.06955188770140108,0.053654394216871196,240.5,-0.2657668748029311,256.1557152157738,-0.9739718144841017
2025-04-23,250.7400054931641,259.45001220703125,244.42999267578125,254.8600006103516,150381900,0.05366224400956132,0.05227194715975201,0.05194630195325033,0.06570543701730092,0.05418396425062998,239.8260009765625,1.3048304515476816,254.83904811314173,-0.22787918134013418
2025-04-24,259.510009765625,259.5400085449219,249.1999969482422,250.5,94464200,0.0349764859229853,0.03437870754426389,0.04586106450771658,0.0657040956947897,0.054446396456033073,243.41800231933593,1.314101537292053,253.47571454729353,0.3691186412509845
2025-04-25,284.95001220703125,286.8500061035156,259.6300048828125,261.69000244140625,167560700,0.09803091011549903,0.09351849398026,0.0562955655081988,0.06790001648219281,0.055899928417142926,252.13400573730468,1.489832323138779,254.0895247686477,1.7843521138696825
2025-04-28,285.8800048828125,294.8599853515625,272.4200134277344,288.9800109863281,151731800,0.0032637046356942534,0.0032583903115033577,0.03263340860706815,0.06789932732149075,0.055863875940568755,263.8100067138672,1.0429988754778066,254.69666762579055,1.713636658591797
2025-04-29,292.0299987792969,293.32000732421875,279.4700012207031,285.5,108906600,0.021512501019458785,0.021284373105168935,0.03443184922175519,0.06744711967050554,0.05595607635981632,274.62200622558595,0.9528186915568034,256.0528586251395,1.8102623139200182
2025-04-30,282.1600036621094,284.45001220703125,270.7799987792969,279.8999938964844,128961100,-0.03379788089732105,-0.03438223363024816,0.04686645468669318,0.06783781775607983,0.056034535178988015,280.906005859375,0.10038416849071863,257.1480967203776,1.2099683385671927
2025-05-01,280.5199890136719,290.8699951171875,279.8099975585937,280.010009765625,99659000,-0.005812356915055328,-0.005829314402079844,0.04799310838133601,0.06748432988467853,0.05587087745737289,285.1080017089844,-1.0371499572450762,257.7223823184059,1.0772293265084512
2025-05-02,287.2099914550781,294.7799987792969,279.8099975585937,284.8999938964844,114454700,0.023848576584252656,0.02356864125337387,0.02357307704382448,0.0667177856105806,0.055954891015686584,285.55999755859375,0.3652086321122277,257.93428620837983,1.3650384441445795
2025-05-05,280.260009765625,284.8500061035156,274.3999938964844,284.57000732421875,94618900,-0.024198258752220814,-0.024495847170982712,0.026200341246307577,0.06571147107997019,0.05567742261722621,284.4359985351563,-0.8216771964455796,258.55238196963353,0.9906905009413236
2025-05-06,275.3500061035156,277.7300109863281,271.3500061035156,273.1099853515625,76715800,-0.017519458684867262,-0.01767474071206643,0.022317242791869044,0.060721140880013916,0.05559167313245594,281.1,-1.3500462724554192,260.26285879952565,0.6938020003677565
2025-05-07,276.2200012207031,277.9200134277344,271.0,276.8800048828125,71592600,0.003159597232260225,0.0031546161942166075,0.018850180536374953,0.06026936876669579,0.05546110483694272,279.91199951171876,-0.7862700985630192,262.3071448916481,0.6596525664797545
2025-05-08,284.82000732421875,289.79998779296875,279.4100036621094,279.6300048828125,97539400,0.031134624811778533,0.030659773437438274,0.024349607104342166,0.058928484586920515,0.055637725549868844,280.7720031738281,0.7782646943753693,265.3052404494513,1.0024815208172448
2025-05-09,298.260009765625,307.0400085449219,290.0,290.2099914550781,132387800,0.04718770485146129,0.046108194570086934,0.03042753382930688,0.04020853623513442,0.05585916278794449,282.9820068359375,1.6375573500515925,266.54619271414623,1.5307114463405052
2025-05-12,318.3800048828125,322.2099914550781,311.5,321.989990234375,112826700,0.06745790403815088,0.06528003118679684,0.03315549005884697,0.03789613759274486,0.05640036997366711,290.606005859375,1.5387556783905367,269.68809799920945,2.0891535190246673
2025-05-13,334.07000732421875,337.5899963378906,316.79998779296875,320.0,136992600,0.049280740626853614,0.04810492051681205,0.02333422421679763,0.03863459153311306,0.056138183859048375,302.3500061035156,1.3315497480636374,273.5814317975725,2.2551344452196807
2025-05-14,347.67999267578125,350.0,337.0,342.5,136997300,0.04073991993646375,0.0399319216619113,0.012730914000054602,0.038928519272152295,0.0562819047127406,316.6420043945312,1.2126041763656936,278.1209549676804,2.2570241877349186
2025-05-15,342.82000732421875,346.1400146484375,334.7200012207031,340.3399963378906,97882600,-0.013978329078298546,-0.01407694599861275,0.030097611912482627,0.03942026929304162,0.055856398883449405,328.24200439453125,0.7242754267794537,282.3452410016741,1.8138922874118855
2025-05-16,349.9800109863281,351.6199951171875,342.3299865722656,346.239990234375,95895700,0.0208856061756566,0.020670491941373468,0.03033679870374921,0.03650979253399147,0.05592064003294172,338.58600463867185,0.8876091246252403,287.5085747128441,1.7819488977726712
2025-05-19,342.0899963378906,343.0,333.3699951171875,336.29998779296875,88869900,-0.022544186527114873,-0.02280219175263177,0.031710224617981585,0.037372738764050596,0.055990055207487,343.3280029296875,-0.20170209410969725,292.30476524716335,1.4095928187290574
2025-05-20,343.82000732421875,354.989990234375,341.6300048828125,347.8699951171875,131715500,0.005057180873010214,0.005044436283555748,0.02549440157759448,0.03326254799770517,0.055944330017138034,345.2780029296875,-0.42896459570659956,297.84381321498324,1.3629437688694623
2025-05-21,334.6199951171875,347.3500061035156,332.20001220703125,344.42999267578125,102354800,-0.026758222357769146,-0.027122740878422213,0.020082834028019796,0.03422558771907795,0.056005160401792715,342.66600341796874,-1.4694822050249374,302.4461938767206,1.015368055552179
2025-05-22,341.0400085449219,347.2699890136719,331.3900146484375,331.8999938964844,97113400,0.019185982671137136,0.019004252475032086,0.022715854801769037,0.0332293966475047,0.05573244974576434,342.31000366210935,-0.23004794394576966,306.7461940220424,1.1273063733236375
2025-05-23,339.3399963378906,343.17999267578125,333.2099914550781,337.9200134277344,84654800,-0.004984788190348977,-0.004997253689502847,0.019212814376939367,0.03317119728297516,0.05566615022106655,340.1820007324219,-0.23994525322453975,310.54762195405505,0.9865145560249166
2025-05-27,362.8900146484375,363.7900085449219,347.32000732421875,347.3500061035156,120146400,0.06939947711644767,0.06709725458197968,0.03518683210195888,0.03033525150607362,0.055129668139430446,344.3420043945313,1.7025447873986914,314.25905064174106,1.584834726050799
2025-05-28,356.8999938964844,365.0,355.9100036621094,364.8399963378906,91404300,-0.016506435862546853,-0.016644185010272462,0.0374901070009582,0.0309114868308766,0.054909244174740315,346.9580017089844,0.81314697962676,317.64095488048736,1.2539457556644964
2025-05-29,358.42999267578125,367.7099914550781,356.0,365.2900085449219,88087800,0.004286911755287504,0.0042777491260106125,0.03255198246950651,0.030839327314154688,0.054734882856659506,351.7200012207031,0.6230391093174462,320.8028593517485,1.1780878368530714
2025-05-30,346.4599914550781,363.6799926757813,345.2900085449219,355.5199890136719,123474900,-0.03339564619395741,-0.03396601533337422,0.03849126271699465,0.030809661518987418,0.05475685970636822,352.8039978027344,-0.6581237345991345,323.86476353236606,0.726044387391058
2025-06-02,342.69000244140625,348.0199890136719,333.3299865722656,343.5,81873800,-0.01088145559849063,-0.010941091649071494,0.03889558530992849,0.03095894957172005,0.054637042591075095,353.4739990234375,-1.265531294445988,326.82524036225817,0.5338630190841759
2025-06-03,344.2699890136719,355.3999938964844,343.0400085449219,346.6000061035156,99324500,0.004610541775392996,0.004599945784019605,0.01608558090054343,0.030805285183514237,0.05428676645786606,349.7499938964844,-0.7437347898961736,329.5423831031436,0.516808812646549
2025-06-04,332.04998779296875,345.6000061035156,327.3299865722656,345.1000061035156,98912100,-0.03549540073392177,-0.03614067809813415,0.019857621668073085,0.0315277078177454,0.05444265233271327,344.7799926757813,-1.349707545774368,332.0085725330171,0.0015828796915724787
2025-06-05,284.70001220703125,324.54998779296875,273.2099914550781,322.489990234375,287499800,-0.14259893789082123,-0.15384948606327908,0.06257595094576118,0.0471981442552341,0.05743035828500685,330.03399658203125,-1.747533798427081,332.4538109188988,-1.893906171913705
2025-06-06,295.1400146484375,305.5,291.1400146484375,298.8299865722656,164747700,0.036670186138995975,0.0360138325066553,0.07292691097114261,0.04779352656668322,0.057594151902485555,319.77000122070314,-0.8828981132955437,333.3547639392671,-1.6348116573611025
2025-06-09,308.5799865722656,309.8299865722656,281.8500061035156,285.9599914550781,140908900,0.04553761352840424,0.04453121583281344,0.0807441884222229,0.04828599345392602,0.05359227768611926,312.947998046875,-0.17541982644992568,334.48619152250745,-1.2105383366409577
2025-06-10,326.0899963378906,327.8299865722656,310.6700134277344,314.94000244140625,151256500,0.05674382827003055,0.05519232015438431,0.08762613384026614,0.04872254145564625,0.05381252468758347,309.31199951171874,0.837423038027508,335.8114289783296,-0.48972879078582243
2025-06-11,326.42999267578125,335.5,322.5,334.3999938964844,122611400,0.0010426457165473302,0.0010421025390305668,0.08651400287872402,0.04667257652793464,0.053111845230750916,308.18800048828126,0.9837779392555782,336.1947617303757,-0.4988901730587401
2025-06-12,319.1099853515625,332.5599975585937,316.8599853515625,323.0799865722656,105127500,-0.022424432461661592,-0.022679683166052338,0.03254965133205458,0.04565994462201027,0.05304002854765449,315.0699951171875,0.304064828857673,335.48237973167784,-0.821771540523691
2025-06-13,325.3099975585937,332.989990234375,313.29998779296875,313.9700012207031,128964300,0.019429076154419578,0.019242741328905938,0.03170324686762844,0.0449230894572724,0.05290218096817505,321.10399169921874,0.552580844843307,334.4171418689546,-0.4591138594725575
2025-06-16,329.1300048828125,332.04998779296875,326.4100036621094,331.2900085449219,83925900,0.011742668079331775,0.01167425797647222,0.02844686530079991,0.044961834068192166,0.052467784169180985,325.2139953613281,1.057518907892987,333.7652369907924,-0.23444316630612194
2025-06-17,316.3500061035156,327.260009765625,314.739990234375,326.0899963378906,88282700,-0.03882963749794621,-0.03960360944657592,0.024528350797669962,0.04536825547470031,0.052221448180399636,323.2659973144531,-1.2973129932996161,332.16380818684894,-0.8005293399792741
2025-06-18,322.04998779296875,329.32000732421875,315.45001220703125,317.3099975585937,95137700,0.0180179597897272,0.017857560202303197,0.026794498433543184,0.04542962251207346,0.051991316120428406,322.38999633789064,-0.06756073268055622,331.2095220656622,-0.46413277325630475
2025-06-20,322.1600036621094,332.3599853515625,317.7799987792969,327.95001220703125,108688000,0.0003416111576173275,0.00034155282181088666,0.0243717502799799,0.04540021537763205,0.05199295932700719,323.0,-0.17833595228223256,330.17809331984745,-0.4089127709116029
2025-06-23,348.67999267578125,357.5400085449219,327.4800109863281,327.5400085449219,190716800,0.0823193093872907,0.07910624722725408,0.04277538873786813,0.04840800573711978,0.05250770446343471,327.6739990234375,1.6689854664656518,330.84761701311385,0.8914574902609113
2025-06-24,340.4700012207031,356.260009765625,340.44000244140625,356.1700134277344,114736200,-0.023545920693855638,-0.023827555571310416,0.046052995370133125,0.0485560643649961,0.05079447328522309,329.94199829101564,0.759034115288208,330.82047380719865,0.4827303195540151
2025-06-25,327.54998779296875,343.0,320.3999938964844,342.70001220703125,119845100,-0.037947582404945,-0.03868634165630777,0.045823312081500304,0.0492778224341378,0.05090454379961992,332.18199462890624,-0.3895923307932946,330.25904482886904,-0.1361087778676626
2025-06-26,325.7799987792969,331.04998779296875,323.6099853515625,324.6099853515625,80440900,-0.0054037218123500486,-0.005418374727754274,0.045621096411630216,0.0466898112230834,0.05034336611822697,332.92799682617186,-0.638714743410995,328.49190121605284,-0.1469355195896692
2025-06-27,323.6300048828125,329.3399963378906,317.5,324.510009765625,89067000,-0.006599526995335614,-0.006621400161764133,0.045801856737467075,0.04661747227236744,0.05035730124545531,333.2219970703125,-0.8839095529683679,326.9076160249256,-0.18960159883589758
2025-06-30,317.6600036621094,325.5799865722656,316.6000061035156,319.8999938964844,76695100,-0.018446995428822777,-0.01861926308527601,0.01367502236778029,0.0466657252347473,0.05019291357133506,327.01799926757815,-1.1148717810198205,324.96618797665553,-0.4625743556507041
2025-07-01,300.7099914550781,305.8900146484375,293.2099914550781,298.4599914550781,145085700,-0.05335897504131726,-0.0548353231730864,0.021443268122468283,0.04751119910644663,0.05066105927294209,319.0659973144531,-1.6812697468393476,322.7876165480841,-1.3940678918645666
2025-07-02,315.6499938964844,316.8299865722656,303.82000732421875,312.6300048828125,119483700,0.04968242780731846,0.04848766871497916,0.03709429306031124,0.04899541089234837,0.05082678879364749,316.6859985351563,-0.1051666388473308,321.499997093564,-0.38423174528390497
2025-07-03,315.3500061035156,318.45001220703125,312.760009765625,317.989990234375,58042300,-0.0009503811144286889,-0.0009508330128998894,0.03720763161093229,0.048962144853505404,0.05043415689757018,314.6,0.08877491358762103,320.1228550502232,-0.33271566851839146
2025-07-07,293.94000244140625,296.1499938964844,288.7699890136719,291.3699951171875,131177900,-0.06789282780315342,-0.07030747928005848,0.04689570981836195,0.050617053608850056,0.050724128207738785,308.66199951171876,-1.3811190437346026,318.30809384300596,-1.6085724715264362
2025-07-08,297.8099975585937,304.04998779296875,294.3500061035156,297.0,103246700,0.013165935514200422,0.013080017887538436,0.04909271754454853,0.037652587454940496,0.04868813303854593,304.69199829101564,-0.6776970819137139,318.932378859747,-1.5180128096913355
2025-07-09,295.8800048828125,300.1499938964844,293.54998779296875,297.54998779296875,75586800,-0.0064806174796112614,-0.006501707849529535,0.0431741255943675,0.036875355683559805,0.04855983439673907,303.7260009765625,-0.724107618664309,318.96761648995533,-1.6667317369649088
2025-07-10,309.8699951171875,310.4800109863281,300.0,300.04998779296875,104365300,0.0472826483827995,0.046198855706690405,0.04249537772538677,0.03697743371351363,0.04834937479297978,302.57000122070315,0.7710853661371316,319.02904546828495,-0.663389590540255
2025-07-11,313.510009765625,314.0899963378906,305.6499938964844,307.8900146484375,79236400,0.01174690904506881,0.01167844971117151,0.04307079146543343,0.03490267177341098,0.04109587596673168,302.202001953125,1.275915429561071,318.42999848865327,-0.35762003774659396
2025-07-14,316.8999938964844,322.6000061035156,312.6700134277344,317.7300109863281,78043400,0.010813001260769006,0.01075495879659973,0.01916000112214381,0.03500743744674705,0.03988227504775805,306.79400024414065,1.0704438203679545,317.97618902297245,-0.07891639421258301
2025-07-15,310.7799987792969,321.20001220703125,310.5,319.67999267578125,77556300,-0.01931207079538977,-0.019500985006087518,0.024725968865248967,0.034917633461095166,0.03998580297004242,309.38800048828125,0.17330493732007304,317.57952299572173,-0.495469268051518
2025-07-16,321.6700134277344,323.5,312.6199951171875,312.79998779296875,97284800,0.03504091219258654,0.03444095462458378,0.025278418231144805,0.035516197228144475,0.04017507191706619,314.54600219726564,1.4741741756653137,317.4061904180618,0.31251367028066784
2025-07-17,319.4100036621094,324.3399963378906,317.0599975585937,323.1499938964844,73922900,-0.007025863995037018,-0.007050661595447646,0.020520364881045874,0.03542927174124638,0.04019637870790896,316.45400390625,0.6737128561714708,316.9433332170759,0.18423783620438122
2025-07-18,329.6499938964844,330.8999938964844,321.4200134277344,321.6600036621094,94255000,0.03205907804067243,0.031555911584314186,0.023577599076610268,0.03499573328733798,0.03973665769396334,319.6820007324219,1.4448936689767677,317.576665969122,0.8831573730035444
2025-07-21,328.489990234375,338.0,326.8800048828125,334.3999938964844,75768800,-0.0035188948387289143,-0.003525100711992725,0.02432247162219054,0.03482072220418436,0.039744609865461994,322.0,0.8497128827399567,317.88333275204616,0.7659839941965322
2025-07-22,332.1099853515625,335.4100036621094,321.54998779296875,329.739990234375,77370400,0.0110201078413521,0.010959828902223289,0.019254384415773724,0.03488858231849473,0.038894141548545466,326.2659973144531,1.0728898505361033,318.35714140392486,0.9707468562744047
2025-07-23,332.5599975585937,336.20001220703125,328.6700134277344,330.8999938964844,92553800,0.0013550095657461902,0.001354092368731555,0.015477129165809298,0.030021380690973574,0.03857585612467727,328.44399414062497,0.7728629614901233,317.58952258882067,1.1682661411650392
2025-07-24,305.29998779296875,310.1499938964844,300.4100036621094,310.0,156966000,-0.08197020076301276,-0.08552542784602506,0.04482324470089314,0.03486625066187735,0.03975872452762238,325.6219909667969,-1.7693663294227353,315.91476004464283,-0.8887831209071917
2025-07-25,316.0599975585937,323.6300048828125,308.010009765625,308.739990234375,148227000,0.0352440556693423,0.03463720149934859,0.04553635990380421,0.035015416536576346,0.03976201511175981,322.90399169921875,-0.5753829364071467,315.36761765252976,0.05946867904740218
2025-07-28,325.5899963378906,330.489990234375,315.69000244140625,318.45001220703125,112673800,0.030152499060024818,0.029706848621968117,0.04874181072220715,0.035661904792144615,0.03820458803910988,322.32399291992186,0.28102449507010474,315.3585699172247,0.8794161085525332
2025-07-29,321.20001220703125,326.25,318.25,325.54998779296875,87358900,-0.013483166498468035,-0.013574889801361277,0.048373033627255875,0.03575833817934306,0.03825530203370295,320.1419982910156,0.10301214162093954,315.24285598028274,0.515333591530681
2025-07-30,319.0400085449219,324.45001220703125,311.6199951171875,322.17999267578125,83931900,-0.006724793213012448,-0.006747506520358081,0.04817189329978282,0.03554844373446903,0.03818856483397052,317.43800048828126,0.2101708490462739,315.3085704985119,0.32228298529413674
2025-07-31,308.2699890136719,321.3699951171875,306.1000061035156,319.6099853515625,85270900,-0.03375758288237862,-0.03434052685502853,0.02946424104322879,0.03421822119367246,0.03818793481508065,318.03200073242186,-1.5091824414875117,315.6685703822545,-0.6598032059316122
2025-08-01,302.6300048828125,309.3099975585937,297.82000732421875,306.2099914550781,89121400,-0.01829559909125389,-0.018465033347039538,0.023745810426861844,0.0326745325609396,0.03825965657777813,315.34600219726565,-1.3318629421681485,315.04857090541293,-1.0734617615044721
2025-08-04,309.260009765625,312.1199951171875,303.0,309.0799865722656,78683900,0.021907956170373222,0.02167142527004271,0.020555604284787674,0.033081439222480684,0.03824251222434489,312.0800048828125,-0.36151757505113086,314.7585710797991,-0.4725106677957495
2025-08-05,308.7200012207031,312.45001220703125,305.5,308.95001220703125,57961300,-0.0017461311772288823,-0.0017476574412364776,0.020762747885561057,0.029026750255369667,0.038103369620177574,309.58400268554686,-0.14585952985932,315.4623805454799,-0.6285934848017956
2025-08-06,319.9100036621094,320.4700012207031,306.92999267578125,307.8900146484375,78523600,0.03624644466558724,0.03560499649944306,0.028544556523696252,0.02984817379557885,0.038261074982827915,309.75800170898435,1.6183185201442964,316.5147617885045,0.34072591352509
2025-08-07,322.2699890136719,322.3999938964844,316.1600036621094,319.7900085449219,66658700,0.007377028928595486,0.007349951735303974,0.02086195676358203,0.029771167692988935,0.03826609395991669,312.55800170898436,1.1765695326519885,317.7714276994978,0.5093482002926157
2025-08-08,329.6499938964844,335.1499938964844,320.9800109863281,321.42999267578125,91200300,0.02290006868278205,0.02264179762598033,0.01452878086243921,0.02852193650549001,0.03818399458398212,317.9619995117188,1.306549560265078,318.7133324032738,1.2151396347674408
2025-08-11,339.0299987792969,346.6400146484375,334.1499938964844,335.0,105320200,0.02845443669493286,0.028057128395424267,0.015291294814826002,0.028992702784232063,0.03791691068567848,323.91599731445314,1.3372246302878736,319.9285699753534,1.922291980823493
2025-08-12,340.8399963378906,345.260009765625,332.94000244140625,345.0,80522100,0.005338753399730889,0.005324552775796538,0.013139597391932645,0.02895106820027637,0.03704630584635477,330.3399963378906,1.1065635805887926,321.06857009161087,1.8141124653442036
2025-08-13,339.3800048828125,348.9800109863281,338.20001220703125,341.5,67838900,-0.004283509772223915,-0.0042927102832610135,0.013252803164320032,0.028535003991661912,0.0365585565549921,334.23399658203124,0.6416578577864169,322.43047514415923,1.4963514122520498
2025-08-14,335.5799865722656,340.4700012207031,330.3999938964844,335.760009765625,75000700,-0.011196942235471519,-0.011260099884090402,0.016925177420796116,0.027847131376412405,0.03622977792816858,336.89599609375,-0.29332452721639,323.0928548177083,1.0689477451797988
2025-08-15,330.5599975585937,339.29998779296875,327.0199890136719,337.6600036621094,74319800,-0.0149591430196655,-0.015072159502432781,0.017222228568347528,0.02803211542562657,0.03623598213335096,337.0779968261719,-1.580956973907585,323.6238069080171,0.5898582864640455
2025-08-18,335.1600036621094,336.2699890136719,329.5899963378906,329.6199951171875,56956600,0.013915797850586165,0.013819862125930686,0.011888713417859745,0.027344270532777805,0.036181427071305915,336.3039978027344,-0.2840883463926413,323.88618832542784,0.9426249988691904
2025-08-19,329.3099975585937,340.54998779296875,327.8500061035156,335.7900085449219,75956000,-0.017454368181154867,-0.017608491717904292,0.01261522502744159,0.027626621365799152,0.03613611277678188,333.997998046875,-1.148756329726292,323.9252362932478,0.44958693050798887
2025-08-20,323.8999938964844,331.3699951171875,314.6000061035156,329.2200012207031,77481800,-0.016428300696053832,-0.016564741620176276,0.013167084484518199,0.027739264851887775,0.03618415470879779,330.90199584960936,-1.4624550303899393,323.53428431919644,0.03091453897743317
2025-08-21,320.1099853515625,324.8999938964844,318.67999267578125,322.0799865722656,55744400,-0.011701168929731831,-0.011770166368817137,0.0131876673305142,0.02782674062342938,0.03605649921381042,327.80799560546876,-1.3086377193605305,322.94142659505206,-0.24271757407599012
2025-08-22,340.010009765625,340.25,319.69000244140625,321.6600036621094,94016300,0.062166209505171155,0.0603104166993377,0.03313767260465459,0.023797562617854744,0.03678877021060058,329.697998046875,1.2744763593511284,324.5942847842262,1.340634557624833
2025-08-25,346.6000061035156,349.5299987792969,335.0299987792969,338.8999938964844,86670000,0.019381771561470362,0.019196337227210383,0.033554181699030204,0.023067553023317918,0.03686247393928731,331.9859985351562,1.318319645147961,326.04857090541293,1.6748206024362993
2025-08-26,351.6700134277344,351.8999938964844,343.7200012207031,344.92999267578125,76651600,0.01462783391499567,0.014521879161701688,0.030686010972367797,0.022464464593593497,0.035909497086910394,336.4580017089844,1.0950955583060697,327.2904764811198,1.8082935127952517
2025-08-27,349.6000061035156,355.3900146484375,349.1600036621094,351.94000244140625,65519000,-0.0058862207330171445,-0.005903612812939926,0.028390612081082272,0.02223119468448492,0.035857064846711695,341.59800415039064,0.6254455873605601,328.64285714285717,1.4713498365936992
2025-08-28,345.9800109863281,353.54998779296875,340.260009765625,350.9100036621094,67903200,-0.010354676927882056,-0.010408659566889222,0.02807114618985053,0.022334094615480176,0.03587437452886837,346.7720092773437,-0.17892899286041297,329.92571440197173,1.1037414690436715
2025-08-29,333.8699951171875,348.75,331.70001220703125,347.2300109863281,81145700,-0.03500206799409333,-0.0356293206445078,0.021940871529762655,0.022445805059046253,0.03589995822196433,345.54400634765625,-1.6869021827093358,331.14476231166293,0.19911000177564306
2025-09-02,329.3599853515625,333.3299865722656,325.6000061035156,328.2300109863281,58392000,-0.01350828116207925,-0.013600348042363621,0.01794356727156117,0.022228594248619952,0.03591388869170397,342.09600219726565,-1.2850075834018813,332.4176185244606,-0.2538005971748469
2025-09-03,334.0899963378906,343.3299865722656,328.510009765625,335.20001220703125,88733300,0.014361219324440011,0.014259073808795026,0.01785318939106788,0.021992058915719984,0.03595716660801962,338.5799987792969,-0.5154171271673194,333.5999988374256,0.04530074387204837
2025-09-04,338.5299987792969,338.8900146484375,331.4800109863281,336.1499938964844,60711000,0.01328983953448204,0.013202304316841879,0.02081651358712349,0.022049556681834427,0.03570430290927478,336.3659973144531,0.3447469115393826,335.019522530692,0.38043721572524464
2025-09-05,350.8399963378906,355.8699951171875,344.67999267578125,348.0,108989800,0.036363092201525005,0.035717557533237444,0.02769867996832444,0.022057536554727853,0.030042118394254472,337.33799438476564,1.6435633195139334,336.4923793247768,1.5657508829202285
2025-09-08,346.3999938964844,358.44000244140625,344.8399963378906,354.6400146484375,75208300,-0.01265534855703887,-0.0127361095766315,0.02079104529416986,0.022356454486299162,0.029813281287598505,339.843994140625,0.7463472058089725,337.6414271763393,0.9957033662719915
2025-09-09,346.9700012207031,350.7699890136719,343.82000732421875,348.44000244140625,53816000,0.001645517708609212,0.0016441653277190816,0.017858238807647347,0.021919934827121193,0.029324679207420594,343.3659973144531,0.5264185140804758,338.4661894298735,0.963981895638354
2025-09-10,347.7900085449219,356.3299865722656,346.07000732421875,350.54998779296875,72121700,0.0023633378140295314,0.0023605495234688204,0.018010456256537726,0.02112097921519776,0.028519326011660552,346.1059997558594,0.36863390280432273,338.88333275204616,0.9837711415396904
2025-09-11,368.80999755859375,368.989990234375,347.6000061035156,350.1700134277344,103756000,0.06043873744853956,0.05868272574299215,0.02924918154618841,0.024568286872841214,0.029430007394190237,352.16199951171876,1.759317164669065,340.2152375720796,2.5607299563920245
2025-09-12,395.9400024414063,396.6900024414063,370.239990234375,370.9400024414063,168156400,0.0735609258490948,0.07098109112687583,0.037840227978539,0.028510246592328405,0.030512167951298394,361.1820007324219,1.60921023544328,342.90857078915553,3.2137028347229473
2025-09-15,410.0400085449219,425.7000122070313,402.4299926757813,423.1300048828125,163823700,0.03561147147692445,0.03499204596495332,0.031723091982042234,0.028786694539730966,0.03070775165754412,373.9100036621094,1.2724818713006454,346.4542861211868,2.8970011719929682
2025-09-16,421.6199951171875,423.25,411.4299926757813,414.5,104285700,0.028241113869250656,0.027849686096646824,0.02689348816780361,0.028473682270018955,0.030843044921667083,388.8400024414062,1.0835722868250346,350.7904764811198,2.618166359088244
2025-09-17,425.8599853515625,428.30999755859375,409.6700134277344,415.75,106133500,0.01005642588937583,0.010006196509857018,0.02439235769118946,0.028470887259228014,0.030342872480262028,404.45399780273436,0.9282692174660684,355.1095232282366,2.2579226492257227
2025-09-18,416.8500061035156,432.2200012207031,416.55999755859375,428.8699951171875,90454500,-0.021157139806429193,-0.021384159862326838,0.033901405264445204,0.028674461649059183,0.030471308618077054,414.06199951171874,0.23804957905643742,359.2780950637091,1.7195936517867585
2025-09-19,426.0700073242188,429.4700012207031,421.7200012207031,421.8200073242188,93131000,0.022118270566640286,0.021877209710827492,0.022137564453428363,0.02803151548367679,0.030549212934374455,420.08800048828124,0.8846616567479724,364.1433337983631,1.746993271870879
2025-09-22,434.2099914550781,444.9800109863281,429.1300048828125,431.1099853515625,97108800,0.01910480435358397,0.01892459915165659,0.019453229491113794,0.02746686623892976,0.029082398138354275,424.9219970703125,1.448225518048888,369.57666742234005,1.7436314329904665
2025-09-23,425.8500061035156,440.9700012207031,423.7200012207031,439.8800048828125,83422700,-0.019253323313789705,-0.019441082441463448,0.020929546066464567,0.026307668085523647,0.029021147475259412,425.76799926757815,0.013351478024818106,373.66428629557294,1.3605844533493412
2025-09-24,442.7900085449219,444.2099914550781,429.0299987792969,429.8299865722656,93133600,0.03977927016229388,0.03900845039857305,0.02687788882316651,0.02697367194846732,0.028847591255441514,429.15400390625,1.3929538197131022,378.24476260230654,1.5883208548350551
2025-09-25,423.3900146484375,435.3500061035156,419.0799865722656,435.239990234375,96746400,-0.04381307961359793,-0.04480186162620923,0.03426042247070257,0.029634530517171184,0.029491799371448538,430.4620056152344,-0.8829642380026061,381.66000075567337,1.0103954081825053
2025-09-26,440.3999938964844,440.4700012207031,421.0199890136719,428.2999877929688,101628200,0.0401756741055197,0.03938961629749567,0.03740872365061857,0.030151694762158194,0.029788719073789476,433.3280029296875,0.8234881043252087,385.98380969819567,1.2800290119405453
2025-09-29,443.2099914550781,450.9800109863281,439.5,444.3500061035156,79491500,0.00638055766924972,0.006360288086303643,0.03679212013262441,0.02977622333234796,0.029636606775557305,435.1280029296875,0.8339480249732233,390.61380876813615,1.2167804586930824
2025-09-30,444.7200012207031,445.0,433.1199951171875,441.5199890136719,74358000,0.0034069849388267404,0.0034011943142930328,0.0344835158245323,0.02782214719994228,0.02862196003308505,438.902001953125,0.6604647559507856,395.8923804873512,1.1430980226899332
2025-10-01,459.4599914550781,462.2900085449219,440.75,443.7999877929688,98122300,0.033144428390707636,0.03260699487618123,0.03316938936518797,0.02738280600541632,0.02831187499678239,442.2359985351562,1.3385285589368652,402.0876188732329,1.3656220855732095
2025-10-02,436.0,470.75,435.5700073242188,470.5400085449219,137009000,-0.051059922281332826,-0.052409624917241146,0.03619834815183887,0.031178417532968242,0.029241480878207014,444.75799560546875,-0.988105279330558,406.9404761904762,0.734193910984852
2025-10-03,429.8299865722656,446.7699890136719,416.5799865722656,443.2900085449219,133188200,-0.014151406944344913,-0.014252492909231236,0.031412989534672225,0.03172612584357791,0.02772200831808515,442.643994140625,-1.1510226912831176,411.288094656808,0.5067263057528045
2025-10-06,453.25,453.5499877929688,436.6900024414063,440.75,85324900,0.054486690457546505,0.05305409919515741,0.04104592089631502,0.032604737378956083,0.028336584689258624,444.65199584960936,0.7092985975966176,416.16476149786087,1.0620473612685193
2025-10-07,433.0899963378906,452.6799926757813,432.4500122070313,447.8200073242188,102296100,-0.044478772558432134,-0.04549829949251959,0.046790779873156614,0.034581266689078446,0.029045923117617754,442.32599487304685,-0.7009956166373512,420.29285685221356,0.41038727719670737
2025-10-08,438.6900024414063,441.3299865722656,425.2300109863281,437.5700073242188,71192100,0.012930352007361146,0.012847468714676435,0.043508091945226014,0.0345219826195554,0.02860287649430917,438.1719970703125,0.05722611597824335,424.6604759579613,0.5300901099171168
2025-10-09,435.5400085449219,436.3500061035156,426.1799926757813,431.80999755859375,69339900,-0.007180455170972766,-0.00720635871316948,0.03641679715236224,0.0347066690334203,0.02863621176195864,438.0799987792969,-0.2796795658241133,428.83904738653274,0.3381923974876653
2025-10-10,413.489990234375,443.1300048828125,411.4500122070313,436.5400085449219,112107900,-0.05062684914805626,-0.05195335338705128,0.043302887603393875,0.03545018838955213,0.029516958766303968,434.81199951171874,-1.4954786950442185,430.9666660853795,-1.1797560189486758
2025-10-13,435.8999938964844,436.8900146484375,419.7000122070313,423.5299987792969,79552800,0.054197209585187034,0.052779538485349636,0.0432065708691803,0.033958895765656194,0.029981052956776902,431.3419982910156,0.4479499975651444,432.8695228213356,0.2430056645924615
2025-10-14,429.239990234375,434.2000122070313,417.8599853515625,426.7900085449219,72669400,-0.015278742269702716,-0.01539666493428667,0.038480287911911173,0.03347929030733255,0.029858882029022635,430.5719970703125,-0.13116062282792876,433.7838076636905,-0.3996859821745588
2025-10-15,435.1499938964844,440.510009765625,426.3299865722656,434.8999938964844,71558200,0.013768529951932784,0.013674604901329141,0.03856061815206857,0.033076318916431785,0.029842849216871803,429.86399536132814,0.5532957022454956,434.42809331984745,0.06549171384932838
2025-10-16,428.75,439.3500061035156,421.30999755859375,434.7300109863281,77189900,-0.01470755828163206,-0.014816786729139187,0.03898410683489198,0.03320060379843179,0.02974671818410464,428.50599365234376,0.027074546553715134,434.56571306501115,-0.5321802045103433
2025-10-17,439.30999755859375,441.4599914550781,423.6000061035156,425.5,89331600,0.02462973191508744,0.024331310172500658,0.028668310614631844,0.03320494405843213,0.02983735441963261,433.6699951171875,1.2396042852278744,435.63523646763394,0.3609388449637166
2025-10-20,447.4299926757813,449.7999877929688,440.6099853515625,443.8699951171875,63719000,0.018483519979771268,0.01831477587612344,0.01893881834192155,0.03310995739353218,0.02987694592606857,435.9759948730469,1.4769191418389573,436.65237862723217,1.0520379653727199
2025-10-21,442.6000061035156,449.2999877929688,442.0499877929688,445.760009765625,54412200,-0.010794954856246375,-0.010853643121685474,0.01777561198813759,0.03300117337264564,0.029938725076830812,438.647998046875,0.5542259042184131,437.0519031343006,0.5382378382002139
2025-10-22,438.9700012207031,445.5400085449219,429.0,443.4500122070313,84023500,-0.008201547294971134,-0.008235365016010689,0.018147486789161886,0.03274523669489831,0.02768757838388101,439.41199951171876,-0.06441460898010097,437.6766648065476,0.1294937731197656
2025-10-23,448.9800109863281,449.3999938964844,413.8999938964844,420.0,126709800,0.022803402824313368,0.022547291398770954,0.01729396030117875,0.03198937273485858,0.027525654435101733,443.4580017089844,1.2024733665962992,437.971426827567,1.075647196961757
2025-10-24,433.7200012207031,451.6799926757813,430.1700134277344,446.8299865722656,94727800,-0.03398817183887881,-0.03457920037137167,0.023411299720621684,0.031334024067033193,0.02780666927584049,442.3400024414062,-1.3815158091611468,438.4633309500558,-0.487267765822787
2025-10-27,452.4200134277344,460.1600036621094,438.6900024414063,439.9800109863281,105867500,0.043115401997602554,0.042211814191010485,0.030195032337247994,0.03151179011741992,0.028106760502733814,443.3380065917969,1.2070638844265742,439.0357128324963,1.3126325962190275
2025-10-28,460.5499877929688,467.0,451.6000061035156,454.7799987792969,80185700,0.017969970655449474,0.01781041931942368,0.029811405606769203,0.031702530457040745,0.028105341332428008,446.9280029296875,1.2734268657731789,439.8614269438244,1.8465648549812477
2025-10-29,461.510009765625,465.7000122070313,452.6499938964844,462.5,67983500,0.0020845119924044475,0.0020823424117692893,0.028749049967804793,0.031700563385497336,0.027636454219530156,451.4360046386719,0.8962134159805967,440.6609511602493,1.7189763625904027
2025-10-30,440.1000061035156,455.05999755859375,439.6099853515625,451.0499877929688,72447900,-0.04639120107705208,-0.047501755655160294,0.03699902424315219,0.0326104746453951,0.028292256943522685,449.6600036621094,-0.7728109975349765,439.73904709588913,0.031835000908656035
2025-10-31,456.55999755859375,458.0,443.6900024414063,446.75,83135800,0.03740057084027071,0.03671813319553837,0.03599046570404484,0.031509889155956906,0.028489982493701025,454.2280029296875,0.2686929183767476,440.71809459867933,1.3341204565644003
2025-11-03,468.3699951171875,474.0700073242188,453.7999877929688,455.989990234375,84595200,0.02586735066967427,0.025538450543862383,0.0329329115100647,0.03166743413096181,0.028574751136750568,457.4179992675781,1.0358504333695313,442.55333310081846,1.9813935592728669
2025-11-04,444.260009765625,460.2200012207031,443.6000061035156,454.4599914550781,87756600,-0.05147636612701911,-0.052848572813666,0.04121527062525961,0.03191141380530749,0.02929151147328451,454.1600036621094,-0.8386514598564703,442.125238327753,0.16669693687706805
2025-11-05,462.0700073242188,466.3299865722656,440.7099914550781,452.0499877929688,85573000,0.040089130615176716,0.039306411995623604,0.04635332272852864,0.03135363060835099,0.029604156690619082,454.2720031738281,0.655617078263633,443.50523885091144,1.3922327279888875
2025-11-06,445.9100036621094,467.4500122070313,435.0899963378906,461.9599914550781,109622900,-0.03497306340156048,-0.03559926445921521,0.04350662474755249,0.03236536600327459,0.02997423868869277,455.4340026855469,-0.9204950209712226,443.8490484328497,0.15499173307569608
2025-11-07,429.5199890136719,439.3599853515625,421.8800048828125,437.9200134277344,103471500,-0.03675632866235745,-0.03744886561150212,0.04157654943690642,0.03339482656344834,0.030288802459271447,450.0260009765625,-1.3290364483105894,443.5623808361235,-1.0365063189974844
2025-11-10,445.2300109863281,449.6700134277344,433.3599853515625,439.6000061035156,76515900,0.03657576451501576,0.03592274671529928,0.04411545807053971,0.032128135979860625,0.030558495318272573,445.39800415039065,-0.014571615243325245,445.07381039574034,0.013390833353797517
2025-11-11,439.6199951171875,442.489990234375,432.3599853515625,439.3999938964844,60533200,-0.01260026442672324,-0.01268032095842644,0.03756296857590852,0.030229520805702733,0.030614494318876865,444.4700012207031,-0.41010658397095495,445.2509533110119,-0.4876934376538807
2025-11-12,430.6000061035156,442.3299865722656,426.55999755859375,442.1499938964844,58513500,-0.02051769508633805,-0.020731107188327342,0.029814635192641062,0.030390921578382607,0.03071426722247782,438.1760009765625,-0.9700440868801091,445.31571597144716,-1.2846244369645379
2025-11-13,401.989990234375,424.5,396.3399963378906,423.1300048828125,118948000,-0.06644220962287406,-0.06875241071018368,0.03827532861620753,0.033699674289221514,0.03196963366192508,429.3919982910156,-1.6465755071607344,443.7366681780134,-2.832032619495255
2025-11-14,404.3500061035156,412.1900024414063,382.7799987792969,386.2999877929688,105506700,0.005870832424868633,0.005853666241942873,0.038447510394074215,0.033662874637731634,0.03194231423619072,424.3580017089844,-0.9978523782628799,442.5747637067522,-2.2753971647119124
2025-11-17,408.9200134277344,423.9599914550781,398.739990234375,398.739990234375,102214300,0.011302107716671506,0.011238716089416035,0.031743530553713976,0.03325421431897366,0.03184905989912645,417.09600219726565,-0.48278429995673844,441.12762160528274,-1.7567763814399846
2025-11-18,401.25,408.8999938964844,393.7099914550781,405.3800048828125,80688600,-0.018756757252943457,-0.01893489628165649,0.03165315312126673,0.03302996366065097,0.0318744574402875,409.4220031738281,-0.669195151356817,438.92857433500745,-1.8640894361441103
2025-11-19,403.989990234375,411.7799987792969,398.5,406.1799926757813,72047700,0.006828636098130891,0.006805426562391663,0.03346076897145486,0.033103203718744756,0.03181773694346027,404.1,-0.03673028267023088,437.09000215076264,-1.5343634832026791
2025-11-20,395.2300109863281,428.9400024414063,394.739990234375,414.6300048828125,113548800,-0.02168365419886953,-0.021922199285516537,0.015720031936381353,0.03331764068930873,0.03113712733594508,402.7480041503906,-1.4963819569684855,435.0071454729353,-1.698803600677997
2025-11-21,391.0899963378906,402.7999877929688,383.760009765625,402.3200073242188,100460600,-0.010474950113494086,-0.010530198558583292,0.01500223000411818,0.032726937295282886,0.03110353745313921,400.09600219726565,-1.2763758082724952,432.25047810872394,-1.6438606509581752
2025-11-24,417.7799987792969,421.7200012207031,401.0899963378906,402.1700134277344,96806400,0.0682451678419993,0.0660172720981127,0.03627222399044785,0.03565405598401543,0.03210078395935308,401.8679992675781,1.5559955954391347,431.4914303734189,-0.543393006656621
2025-11-25,419.3999938964844,420.4800109863281,405.9500122070313,414.4200134277344,71915600,0.0038776272725380423,0.003870128654219355,0.03398380763327078,0.034242254566812895,0.03208197678735127,405.497998046875,1.0827536403167406,429.9190484909784,-0.4226197878907514
2025-11-26,426.5799865722656,426.9400024414063,416.8900146484375,423.9500122070313,63463000,0.017119677587676296,0.016974787220379935,0.034134968738387644,0.034216595188395135,0.03208440356690598,410.0159973144531,1.0478482096102397,428.3014293852307,-0.0720770724000735
2025-11-28,430.1700134277344,432.9299926757813,426.2000122070313,426.5899963378906,36252900,0.008415835173881447,0.008380619474776033,0.02918593906217905,0.034296849509337715,0.03169939695670246,417.0039978027344,0.8575243939067749,426.80904860723587,0.14837424133545551
2025-12-01,430.1400146484375,433.6600036621094,425.2900085449219,425.3200073242188,57463600,-6.973703038437584e-05,-6.97394621241348e-05,0.02701878321037918,0.03277163883595434,0.03162381717133242,424.8140014648437,0.9036209794507596,426.3347632998512,0.16939913413113677
2025-12-02,429.239990234375,436.7999877929688,422.1199951171875,430.80999755859375,69336600,-0.0020923987153301793,-0.0020945908399217085,0.007604053037935156,0.0316065035751667,0.031607343241492156,427.1059997558594,0.4690186447537911,425.0338105701265,0.19663564011294993
2025-12-03,446.739990234375,447.9200134277344,431.1099853515625,432.1000061035156,87483000,0.04076973347810542,0.039960567737700375,0.01704399675084947,0.03240285771481797,0.03191162098124984,432.5739990234375,1.759029469975374,424.0038103376116,1.1570822188112453
2025-12-04,454.5299987792969,454.6300048828125,445.3900146484375,449.9400024414063,71906500,0.017437455153354264,0.017287167308555625,0.01706446315167857,0.03048471954912779,0.0317037166437645,438.16400146484375,1.39656099720279,424.4928574335007,1.479946583802686
2025-12-05,455.0,458.8699951171875,451.6600036621094,453.0299987792969,56427500,0.0010340378456106247,0.0010335035967348669,0.01782787109547758,0.02920272840083316,0.03163309121495086,443.1299987792969,0.9343554411373292,424.1561904180618,1.5663724566705395
2025-12-08,439.5799865722656,449.75,435.25,447.4500122070313,69165800,-0.033890139401614006,-0.03447772390855956,0.027366067211639238,0.029136729220921958,0.032007677456510945,445.0179931640625,-0.5008206632027732,423.8547610328311,0.8110931953776075
2025-12-09,445.1700134277344,452.3900146484375,435.7000122070313,437.5400085449219,62367400,0.01271674558948499,0.012636566806914386,0.02729277200647769,0.02800445475444839,0.032026633085918486,448.20399780273436,-0.4627779984563872,424.6000002906436,1.033145097561486
2025-12-10,451.4500122070313,456.8800048828125,443.6099853515625,446.0700073242188,63257500,0.01410696720325344,0.014008389943791177,0.021345645420279193,0.02705790539838617,0.031280396496813925,449.1460021972656,0.3474587658763825,424.8961908249628,1.3096665498217528
2025-12-11,446.8900146484375,449.2699890136719,440.3299865722656,448.9500122070313,55979500,-0.010100780674035303,-0.010152139695978488,0.0199455214961402,0.02700114390659751,0.030092796812658987,447.6180053710938,-0.12291665999792023,425.2423822312128,1.0509216212296755
2025-12-12,458.9599914550781,463.010009765625,441.6700134277344,448.0899963378906,95656700,0.027008830833098685,0.026650529578487583,0.02420190756519554,0.027093161428117272,0.02996301382305139,448.4100036621094,1.4514785584055845,426.5928577241443,1.4807470609290703
2025-12-15,475.30999755859375,481.7699890136719,467.6600036621094,469.4400024414063,114542200,0.035624033484225714,0.03500417593015653,0.017125417897778848,0.022401189274622833,0.030076722326064315,455.556005859375,1.6107139223342009,430.08428664434524,1.9224907519549101
2025-12-16,489.8800048828125,491.5,465.8299865722656,472.2099914550781,107608100,0.030653694218629735,0.03019325551468915,0.01812882687983455,0.022909665461591264,0.030271352643137198,464.4980041503906,1.4232925442704807,434.15714372907365,2.134286116643717
2025-12-17,467.260009765625,495.2799987792969,466.2000122070313,488.2200012207031,106490400,-0.04617456293730249,-0.04727460429487326,0.035171600237914165,0.025992194409213173,0.03076866667775492,467.6600036621094,-0.024577302188165635,436.93523879278274,1.149052408595792
2025-12-18,483.3699951171875,490.8599853515625,473.1199951171875,478.1600036621094,95168400,0.034477560704677446,0.03389652701091261,0.03535369132694191,0.025979197661375256,0.030931918606621544,474.95599975585935,0.6820462249850817,440.84571475074404,1.579778606132424
2025-12-19,481.2000122070313,490.489990234375,474.7200012207031,488.1199951171875,103305400,-0.004489279293453219,-0.0044993863680712525,0.03568331673579979,0.0261406663795629,0.030865944829686687,479.40400390625,0.20986976612650277,444.5223824637277,1.3632222405481709
2025-12-22,488.7300109863281,498.8299865722656,485.3299865722656,489.8800048828125,86916100,0.015648376118613028,0.015527202757108985,0.03317298398728995,0.025235532024977612,0.030795230766150504,482.0880065917969,0.7344580419829269,448.97476341610866,1.525331341775349
2025-12-23,485.55999755859375,491.9700012207031,482.8399963378906,489.3999938964844,58223600,-0.00648622625268469,-0.006507353223946919,0.030297918402892768,0.025085829816494695,0.03044939525048095,481.2240051269531,0.5231877759221147,453.4733349028088,1.3590176826925495
2025-12-24,485.3999938964844,490.8999938964844,476.7999877929688,488.4800109863281,41285400,-0.00032952397832164415,-0.0003295782832779731,0.01704873254409171,0.02166258049809498,0.029869501158118154,484.852001953125,0.195668110407343,456.6933346702939,1.2424692090779528
2025-12-26,475.1900024414063,489.0899963378906,473.8200073242188,485.2300109863281,58780700,-0.021034181259704465,-0.02125855152458737,0.013204712558148935,0.022529149865652506,0.029626915212850824,483.21600341796875,-1.5364509395994386,459.3500017438616,0.7275745831572337
2025-12-29,459.6400146484375,469.3999938964844,459.0,469.0,66263000,-0.032723726747357684,-0.03327112293491274,0.018855978827929224,0.02392435162377,0.029934874474155833,478.90400390625,-1.6166754280716071,460.9242887951079,-0.06283972501183056
2025-12-30,454.4299926757813,463.1199951171875,453.8299865722656,461.0899963378906,59238500,-0.01133500523587172,-0.011399736021774638,0.012964507107757012,0.02411347831991199,0.029970417636697243,472.04400024414065,-1.2190615707657022,462.07952590215774,-0.3970908154927734
2025-12-31,449.7200012207031,456.5499877929688,449.2999877929688,456.1000061035156,49078000,-0.010364613980130888,-0.01041870064110701,0.012466073459748785,0.024276238706888133,0.02971245496000771,464.8760009765625,-1.013868909948599,463.0119062151228,-0.7352488698561036
2026-01-02,438.0700073242188,458.3399963378906,435.2999877929688,457.7999877929688,85535400,-0.02590499391813128,-0.026246437918020935,0.0097614566473526,0.025045775797814966,0.02915047078671802,455.4100036621095,-1.2721542472028606,463.43238321940106,-1.462567827951153
2026-01-05,451.6700134277344,457.5499877929688,444.5700073242188,447.989990234375,67940800,0.031045280151877908,0.03057312274344065,0.024767359429317896,0.024390259494025526,0.029341549475758597,450.706005859375,0.12067677065469,463.66714622860866,-0.7001181804172787
2026-01-06,432.9599914550781,448.25,428.7799987792969,446.3800048828125,89093800,-0.041424095947095174,-0.04230652917497186,0.027095987574314008,0.025770008661639778,0.02906007302506742,445.3700012207031,-1.3305034992509557,462.64000302269346,-1.6203779231892061
2026-01-07,431.4100036621094,438.3699951171875,431.2900085449219,435.8999938964844,59828800,-0.0035799792672750463,-0.003586402728205757,0.027360365486475267,0.025759709799006773,0.02849280252109332,440.76600341796876,-0.993397846411116,461.5166698637463,-1.5443896327807844
2026-01-08,435.7999877929688,436.8900146484375,424.3699951171875,427.8900146484375,57041100,0.01017589785492734,0.010124471981728842,0.02885777157761235,0.02481578249691858,0.028474963856533815,437.98200073242185,-0.270363563988428,461.336669921875,-1.2947662585649107
2026-01-09,445.010009765625,449.0499877929688,430.3900146484375,435.9500122070313,67331500,0.02113359850994656,0.02091338126870214,0.02840723321901762,0.02509750332171974,0.028582040458648948,439.3700012207031,0.6509323669897071,461.3290506998698,-0.8271352038750848
2026-01-12,448.9599914550781,454.2999877929688,438.0,441.2300109863281,61649600,0.00887616368794375,0.00883700211279967,0.024563327857061834,0.024978090937249568,0.02780363761170489,438.8279968261719,1.3093898537716213,461.2104782831101,-0.6187335603401196
2026-01-13,447.2000122070313,451.80999755859375,443.9500122070313,450.2000122070313,53719200,-0.003920124914344236,-0.003927828743923325,0.010450061994872912,0.024891661486732074,0.02701716461150209,441.6760009765625,0.7212998761370789,461.22524007161456,-0.7087674418328824
2026-01-14,439.2000122070313,443.9100036621094,434.2200012207031,442.80999755859375,57259500,-0.017889087168218576,-0.018051031148363036,0.014959790178358912,0.024408280978504403,0.02704426258473859,443.2340026855469,-0.7268509224221822,460.28428867885043,-1.0354332046803583
2026-01-15,438.5700073242188,445.3599853515625,437.6499938964844,441.1300048828125,49465800,-0.0014344373071545347,-0.0014354670972459708,0.014583904914830997,0.022886779320317782,0.026991264320826405,443.78800659179694,-1.1114604309927638,458.5347653343564,-0.9699004160612396
2026-01-16,437.5,447.25,435.260009765625,439.5,60220600,-0.0024397640202235005,-0.002442745094192464,0.00961055648131045,0.021528656759165692,0.02692572872466351,442.28600463867195,-0.8928763654234045,456.0404793875558,-0.9386179289279654
2026-01-20,419.25,430.7300109863281,417.4400024414063,429.3599853515625,63187300,-0.041714285714285704,-0.042609305094350874,0.017516556834810723,0.021094471078693,0.02728139713545501,436.3440063476563,-1.6593266769138235,453.7542884463356,-1.6336891998309477
2026-01-21,431.4400024414063,438.2000122070313,419.6199951171875,421.6600036621094,68124000,0.02907573629435012,0.02866105598439217,0.026045332656586827,0.020635710950701738,0.027428706483596733,433.19200439453124,-0.20902134484941678,451.2814316522507,-0.9673620272592494
2026-01-22,449.3599853515625,449.5,432.6300048828125,435.1600036621094,71546700,0.041535283721378935,0.040695858938020815,0.03239053737280884,0.022961374431229312,0.027882365233113573,435.2239990234375,1.2828528044432808,449.7652398972284,-0.0209633368066127
2026-01-23,449.05999755859375,452.4299926757813,444.0400085449219,447.4299926757813,56771400,-0.0006675890216037983,-0.0006678119583802994,0.03235673372380135,0.02256741824950719,0.027861554109738732,437.3219970703125,0.9251411803075689,447.8761916387649,0.06903210204536064
2026-01-26,435.2000122070313,445.0400085449219,434.2799987792969,445.0,49397400,-0.030864440001146964,-0.03135078007637361,0.036300560185042186,0.023341603093612915,0.027996476879907105,436.86199951171875,-0.130645250853996,445.4780970982144,-0.6851022967779994
2026-01-27,430.8999938964844,437.5199890136719,430.6900024414063,437.4100036621094,37733100,-0.009880556502607218,-0.00992969313376057,0.029194514286874383,0.023335163747753556,0.027682938477802854,439.19199829101564,-0.8921394642674033,442.88285900297626,-0.9818919306190019
2026-01-28,431.4599914550781,438.260009765625,430.1000061035156,431.9100036621094,54857400,0.0012995998294869082,0.0012987560805733547,0.026171336719341784,0.02309976883677986,0.027148992352342926,439.19599609375,-0.8326923685773049,440.80047752743684,-0.9400967759344513
2026-01-29,416.55999755859375,440.2300109863281,414.6199951171875,437.7999877929688,81686100,-0.03453389466363932,-0.0351442835440217,0.017101046871910813,0.023219334620865187,0.02738372961672843,432.63599853515626,-1.3846838541340736,438.74904814220616,-2.15587986406152
2026-01-30,430.4100036621094,439.8800048828125,422.7000122070313,425.3500061035156,82626100,0.033248526466028494,0.032707748293060876,0.027514599859465177,0.024539108140614538,0.027719805664058038,428.9059997558594,0.21019130683067194,437.60523914155516,-0.7353534685778359
2026-02-02,421.80999755859375,427.1499938964844,414.5,421.2900085449219,58739500,-0.019980962408733927,-0.02018328139266714,0.025579513109928852,0.024786215623879317,0.027190973122358526,426.2279968261719,-0.6591836867002187,436.27619134812136,-1.4537429203821386
2026-02-03,421.9599914550781,428.55999755859375,413.6900024414063,424.2699890136719,56886500,0.0003555958781265023,0.00035553266889641583,0.025623157547713285,0.02421467062592438,0.02676708284519559,424.43999633789065,-0.3920215131253314,435.50904773530516,-1.300803607153303
2026-02-04,406.010009765625,423.8999938964844,399.1799926757813,420.4599914550781,74606900,-0.03779974882085746,-0.038532688670109685,0.029402051097972524,0.02429305478138622,0.026949370968906684,419.35,-1.489301166596323,433.3347618466333,-2.360691484578964
2026-02-05,397.2099914550781,402.1000061035156,387.5299987792969,397.0199890136719,72819800,-0.02167438757390938,-0.02191272731756527,0.0273392117501912,0.02310905184404126,0.0262865658721778,415.47999877929686,-1.353855744866968,431.6323808942523,-2.4576259018093896
2026-02-06,411.1099853515625,414.5499877929688,397.75,400.8699951171875,62677100,0.03499406912088299,0.03439569638292661,0.027993492438044557,0.024590459039417475,0.026169797663230805,411.6199951171875,-0.0480771350332203,430.6657133556549,-1.3298205650212906
2026-02-09,417.3200073242188,421.25,407.2900085449219,409.9100036621094,54484300,0.015105500216312517,0.014992548192064116,0.028939581608575293,0.02473590762945758,0.025892375625395918,410.7219970703125,0.6816632709763703,429.7857142857144,-0.834714744926714
2026-02-10,425.2099914550781,427.25,417.0,418.0799865722656,64450200,0.018906316477488083,0.018729813289406216,0.030462305250841346,0.024638893033484516,0.025584208778216874,411.3719970703125,1.2956905468327145,428.8428562709264,-0.24977047390653556
2026-02-11,428.2699890136719,436.3500061035156,420.0299987792969,427.9599914550781,57362000,0.00719643851293883,0.007170667714086594,0.02073905128437511,0.024604340774923652,0.025183473606576315,415.82399291992186,1.0046075107688632,427.8576180594309,0.029891858662749727
2026-02-12,417.0700073242188,436.2300109863281,414.0,430.2999877929688,61933400,-0.02615168463063966,-0.02649972117437709,0.022562284040244285,0.025168029994305993,0.025349883966703797,419.79599609375,-0.39539463056756813,426.4228559221541,-0.7064750987318605
2026-02-13,417.4400024414063,424.05999755859375,410.8800048828125,414.30999755859375,51434100,0.0008871295242764976,0.0008867362574486323,0.017911773052184603,0.024952221781990757,0.025222224270700196,421.06199951171874,-0.6838269451343679,425.38666498093386,-0.6094651086955645
2026-02-17,410.6300048828125,413.7200012207031,400.510009765625,412.3599853515625,59678800,-0.016313715788533467,-0.016448249621048447,0.018190360286891815,0.025136990486412814,0.023757417200229447,419.7239990234375,-1.2922667923127835,424.05618867420026,-1.0286882604543248
2026-02-18,411.3200073242188,416.8999938964844,409.5799865722656,411.1099853515625,45921400,0.0016803507615164026,0.0016789405517192606,0.014205644406537049,0.02515874446854624,0.023747603336126976,416.9460021972656,-0.7955647618595059,422.8095223563059,-0.8869897385097604
2026-02-19,411.7099914550781,415.25,404.1099853515625,407.25,51019600,0.0009481282794783219,0.0009476790897650401,0.012906060647354604,0.02346297184958054,0.02370630411980839,413.6340026855469,-0.5776733335933063,422.4504743303572,-0.8161565810188784
2026-02-20,411.8200073242188,414.7000122070313,405.5,408.2999877929688,57912200,0.0002672169037041261,0.0002671812076262355,0.007794635199092785,0.02247372819526732,0.023580627786609274,412.58400268554686,-0.2773853475251493,421.5161888485863,-0.7353310989182679
2026-02-23,399.8299865722656,407.7000122070313,394.0400085449219,407.2900085449219,69680000,-0.029114711618451472,-0.02954695527872496,0.013926679417961541,0.02094269215555151,0.023864737160279408,409.0619995117188,-1.7816097910181259,419.1576174781436,-1.5636499704840083
2026-02-24,409.3800048828125,410.8200073242188,397.6400146484375,399.5,58579500,0.023885197787236967,0.023604408796446652,0.018921680909189127,0.021875282346007455,0.02388454676630904,408.81199951171874,0.11100305920481715,417.2680940173921,-0.7551687269146605
2026-02-25,417.3999938964844,420.3399963378906,412.1499938964844,412.1499938964844,54809700,0.019590573349979934,0.01940114803767631,0.02100299151881948,0.02155063700138338,0.02395799834118526,410.0279968261719,1.148493568971395,416.42047409784226,0.10196885019949936
2026-02-26,408.5799865722656,416.80999755859375,403.6600036621094,414.4200134277344,53602500,-0.021130827631028026,-0.021357279325286554,0.02372315347963164,0.021902585654794266,0.022627552539332567,409.40199584960936,-0.129120754900482,415.3576166062128,-0.7409071494279094
2026-02-27,402.510009765625,407.1199951171875,398.1099853515625,402.9400024414063,56890100,-0.014856275407819197,-0.014967735162802965,0.024403827230851653,0.022047463285409276,0.022695205647877043,407.5399963378906,-0.7367783403023707,413.97904604957216,-1.3072345111769172
2026-03-02,403.3200073242188,404.5400085449219,388.25,390.6000061035156,55088300,0.00201236624914114,0.0020103441525256786,0.020016707508211436,0.02082158189645309,0.022585787128099923,408.2380004882813,-0.8243739369142958,413.3485703241257,-1.1081128858849045
2026-03-03,392.4299926757813,396.3399963378906,385.3900146484375,395.0899963378906,62617300,-0.027000928420799375,-0.027372150980348144,0.01905407778695802,0.01999187277564795,0.02279727379413751,404.847998046875,-1.3600085604269454,411.5399983723958,-2.0631447646799033
2026-03-04,405.9400024414063,408.3299865722656,394.5799865722656,397.8500061035156,68305500,0.03442654745501761,0.03384721273919843,0.02461741080036814,0.02129333275867048,0.0232270038746202,402.55599975585943,0.551024803048491,410.78428431919644,-0.5366336833901268
2026-03-05,405.5499877929688,408.6199951171875,399.4200134277344,401.5700073242188,51925900,-0.0009607691927178141,-0.00096123102727329,0.022982524264004395,0.021288525223315615,0.02322651767338087,401.95000000000005,0.6526551485208109,410.0028555733817,-0.5108675235867471
2026-03-06,396.7300109863281,402.3500061035156,394.2099914550781,398.0899963378906,64054600,-0.021748186591348695,-0.021988164166115053,0.024194378863740828,0.020139766757490237,0.02277565112938055,400.79400024414065,-0.6821950720106663,409.5609508696057,-1.401808150480891
2026-03-09,398.6799926757813,401.5899963378906,381.3999938964844,390.0499877929688,67018900,0.004915135319874642,0.004903095477786746,0.024374850890217237,0.019597047106959718,0.022660667558255864,399.8659973144532,-0.2035954700083992,409.6309509277344,-1.2088358326898734
2026-03-10,399.239990234375,406.5899963378906,398.1900024414063,402.2200012207031,59258700,0.0014046291985589932,0.0014036436297641278,0.01998029244951328,0.01797159716738407,0.022661536055009174,401.2279968261719,-0.4700193750879203,409.06571306501115,-1.0533012256887637
2026-03-11,407.8200073242188,416.3800048828125,402.1499938964844,402.2799987792969,62559900,0.02149087591352483,0.021263203188193833,0.015477950509554651,0.018306471436199862,0.022463316881002535,401.6039978027344,1.2953977432244688,408.6133321126302,-0.08682956503160762
2026-03-12,395.010009765625,406.5,394.6499938964844,405.1799926757813,60973800,-0.03141091003024232,-0.03191481278720455,0.02145625355408666,0.018890582543615583,0.022720794407063417,399.4960021972656,-0.9072553069522202,407.17523774646577,-1.3882911080242692
2026-03-13,391.2000122070313,400.2000122070313,389.9500122070313,399.1700134277344,58504100,-0.009645319015723963,-0.009692136394107544,0.019692762891410757,0.018771979936983593,0.022649282484945805,398.3900024414063,-1.1631156783608336,405.41000075567337,-1.7759067906598978
2026-03-16,395.55999755859375,403.7300109863281,394.4200134277344,396.2200012207031,58068300,0.011145156481373153,0.011083506865035425,0.020476118493555767,0.018337322603771106,0.022688127044260438,397.7660034179688,-0.350082671745176,404.3857145763579,-1.1302363301320268
2026-03-17,399.2699890136719,400.1199951171875,393.0,395.6900024414063,46890500,0.00937908655570907,0.00933537602077204,0.02106305316017057,0.01850772610012254,0.022439754800217235,397.7720031738282,0.2376565589749245,403.52047584170384,-0.5839699451760909
2026-03-18,392.7799987792969,403.0700073242188,392.30999755859375,399.0,50853100,-0.016254640751756533,-0.016388196671314647,0.018087730892985,0.018505405882996,0.021994753245845967,394.7640014648438,-0.646797840489233,402.6704755510603,-1.3280882257193773
2026-03-19,380.2999877929688,387.2699890136719,378.7300109863281,387.2699890136719,67078300,-0.03177353995904608,-0.03228927274343434,0.018214345501003152,0.019608746288460346,0.02188104999550463,391.8219970703125,-1.6153588212580194,401.1933317638579,-2.4214463351050455
2026-03-20,367.9599914550781,379.8900146484375,364.4599914550781,379.8500061035156,78628600,-0.032448058727281515,-0.032986169449252395,0.021558448705108448,0.020577907514874344,0.021496133190149282,387.1739929199219,-1.4907398456059904,399.10999843052457,-2.848515011398089
2026-03-23,380.8500061035156,385.3299865722656,372.7300109863281,373.0899963378906,74606000,0.035031022251806876,0.03443139945829688,0.02908905963844115,0.022320859742899882,0.021511358940372035,384.23199462890625,-0.27825961454645826,397.63523646763394,-1.4959635719578541
2026-03-24,383.0299987792969,387.4800109863281,376.30999755859375,376.55999755859375,60004900,0.005724019012326664,0.005707699063017406,0.028602880565114706,0.02159546739540755,0.02154429527573079,380.98399658203124,0.23113050712854408,396.83523704892116,-1.1853200348261186
2026-03-25,385.9500122070313,396.2300109863281,385.010009765625,389.989990234375,55157300,0.007623458833617258,0.007594547116542857,0.028917632281692123,0.020916663488637438,0.02145356466368292,379.6179992675781,0.9196451835695565,395.7195231119792,-0.8490484533835341
2026-03-26,372.1099853515625,384.4400024414063,371.8699951171875,381.6000061035156,55522900,-0.03585963575004303,-0.036518388902706034,0.03001108885920021,0.021499472497593517,0.021845441628337684,377.97999877929686,-0.7705743174503635,393.56285603841144,-1.8680652106350257
2026-03-27,361.8299865722656,369.8599853515625,359.4700012207031,369.6900024414063,62065700,-0.027626237359861583,-0.0280150189690427,0.028886691818284675,0.021792564143802765,0.02204340449662985,376.7539978027344,-1.5211464654250602,391.33666556222096,-2.291877184965625
2026-03-30,355.2799987792969,367.2900085449219,352.1400146484375,365.8599853515625,67954400,-0.018102390725044493,-0.018268243604687585,0.01985185285723219,0.021873840739598624,0.02201028919619862,371.63999633789064,-1.237924474560651,389.0876174200149,-2.283451449498529
2026-03-31,371.75,373.3299865722656,361.0,361.510009765625,75534900,0.04635780589195071,0.045315377792307994,0.0331082326892121,0.024539974448421802,0.022579634713077463,369.3839965820313,0.20298619047218558,387.5842837379093,-1.0633716564819158
2026-04-01,381.260009765625,383.1400146484375,374.0799865722656,378.6300048828125,58683800,0.025581734406523227,0.02525999735964806,0.03575547966676519,0.02470799224641216,0.022840202040629216,368.44599609375,1.2724379579336766,387.05237978980654,-0.38853110371811506
2026-04-02,360.5899963378906,370.2799987792969,359.0299987792969,364.2000122070313,83031200,-0.05421500524128142,-0.05574001402961767,0.04098559504932113,0.026021577880340076,0.023778901485110894,366.1419982910156,-0.537105656635833,384.89285568963913,-1.5869013641125111
2026-04-06,352.82000732421875,367.7200012207031,346.6400146484375,362.5899963378906,77697600,-0.021547988276388597,-0.021783536042954785,0.04024791208676938,0.026230211463282756,0.02371662922519833,364.3400024414062,-0.9649956469167396,382.3819042387463,-1.8403851712531127
2026-04-07,346.6499938964844,348.0199890136719,337.239990234375,346.44000244140625,74515400,-0.017487708462248674,-0.017642424845982326,0.04019744448561265,0.02611991967573748,0.02337700861504977,362.61400146484374,-1.1388283906793135,379.9971415201823,-1.907608207835922
2026-04-08,343.25,364.5,339.6700134277344,363.7900085449219,78838600,-0.009808146419583275,-0.009856563133277247,0.028963483409623195,0.025998133260878464,0.022875981615081465,356.91400146484375,-0.903407951221982,377.3576180594308,-1.8274686449267832
2026-04-09,345.6199951171875,348.8800048828125,337.25,343.1499938964844,62164000,0.006904574267115882,0.006880846850074372,0.022972082735295538,0.026115220870280592,0.02291469167167185,349.78599853515624,-0.5953849441232518,374.80428495861236,-1.521509745236264
2026-04-10,348.95001220703125,350.3599853515625,342.739990234375,346.2900085449219,51336000,0.009634908676839249,0.009588788947183922,0.014202845083787385,0.025605733922344463,0.02290964606220913,347.4580017089844,0.41099089787575277,372.0009518577939,-1.252722659594397
2026-04-13,352.4200134277344,356.3500061035156,348.57000732421875,350.07000732421875,53617500,0.009944121218842028,0.00989500379675574,0.012701886365617351,0.02522890431801118,0.022761629012956953,347.3780029296875,1.447174419314294,369.9728567940848,-0.9707252971117483
2026-04-14,364.2000122070313,367.6300048828125,354.7699890136719,357.6700134277344,59979600,0.033426021027357145,0.03287951656879672,0.015228177866487533,0.026545560979165835,0.02317309698334192,350.88800659179685,1.6220786611050586,368.6871425083705,-0.2571994900391479
2026-04-15,391.9500122070313,394.6499938964844,362.5,366.8299865722656,113810400,0.07619439612820589,0.07343111096819792,0.02823936699516431,0.031306680853689206,0.02510914131708378,360.62800903320317,1.660754366826836,368.51523844401044,1.3637638431680594
2026-04-16,388.8999938964844,394.05999755859375,381.7999877929688,393.80999755859375,63515100,-0.007781651270713286,-0.00781208631169376,0.03138514420951614,0.031262653939634906,0.02503721934302756,369.28400878906257,0.9740507401349812,368.02142915271577,1.2741392082529412
2026-04-17,400.6199951171875,409.2799987792969,391.6499938964844,395.9200134277344,90640000,0.03013628543234881,0.0296911094422974,0.030414708944469678,0.03176038117290905,0.025352285398904245,379.6180053710938,1.031953913747379,368.39476231166293,1.8895571603198502
2026-04-20,392.5,406.7999877929688,388.3299865722656,402.5799865722656,64603900,-0.02026857175416885,-0.020476797687229584,0.03713040817297542,0.031242806979134338,0.02546538876013129,387.63400268554693,0.3526231960739962,368.97571527390255,1.3308111023867129
2026-04-21,386.4200134277344,393.9500122070313,385.2200012207031,393.0,50530600,-0.015490411649084379,-0.0156116416401595,0.03967461248199049,0.03050513987707616,0.02498895270720605,392.0780029296875,-1.0539716694064754,369.8547639392671,0.9163178708075898
2026-04-22,387.510009765625,393.010009765625,385.2999877929688,387.5700073242188,62362800,0.0028207553957204645,0.0028167845306925577,0.01992228108498642,0.029608677860056165,0.02469972420510132,391.19000244140625,-0.6401678402696268,370.17190697079616,0.945517585633359
2026-04-23,373.7200012207031,386.0,368.3900146484375,375.2799987792969,93969500,-0.03558619957523779,-0.03623482292188371,0.025240981236950722,0.030658881079144617,0.024470304030001448,388.15400390625,-1.4692466718195205,369.72857375372024,0.22025283137215984
2026-04-24,376.2999877929688,382.760009765625,370.7300109863281,373.5,62893300,0.0069035282132037246,0.006879807968652782,0.017655247593770535,0.03064905797483968,0.024499994608772523,383.2900024414063,-0.879134613278478,369.269048781622,0.3947795106194499
2026-04-27,378.6700134277344,380.7799987792969,364.0199890136719,372.0899963378906,66735800,0.0062982346841571335,0.006278483691631967,0.018668287524512293,0.02958809766018191,0.024250281563712933,380.5240051269531,-0.3016103731984961,369.58143107096356,0.5071950874119097
2026-04-28,376.0199890136719,382.2900085449219,372.5400085449219,374.6799926757813,50864400,-0.006998242057971282,-0.007022844604162197,0.018083833738778882,0.02891164716594406,0.02423811617778137,378.4440002441406,-0.45201676008557184,370.2571454729353,0.322308651325685
2026-04-29,372.7999877929688,376.3999938964844,370.0400085449219,375.3999938964844,45384800,-0.008563377785179349,-0.008600254179981804,0.0174890390851737,0.02865138027762959,0.024247400682264317,375.5019958496094,-1.1676945364191116,371.0914306640625,0.09734345523842726
2026-04-30,381.6300048828125,384.75,368.1700134277344,372.75,51076000,0.023685668935019777,0.0234095155636003,0.012945125434342357,0.027377114055109588,0.02409060906093226,377.08399658203126,1.3820087848328928,371.56190708705356,0.5687499218428163
2026-05-01,390.8200073242188,397.8200073242188,378.7999877929688,382.489990234375,65338300,0.024080922159745555,0.023795549041588548,0.0157341580757702,0.027314688696468317,0.02391266156311198,379.9880004882813,1.5750824137929746,372.01714506603423,1.0398171029053653
2026-05-04,392.510009765625,394.6400146484375,384.7999877929688,390.2300109863281,48765100,0.004324247504565948,0.004314924812415244,0.015798888537760163,0.024000129402665958,0.023803403206374703,382.75599975585936,1.115321734974334,373.53714570545014,1.03041494596953
2026-05-05,389.3699951171875,402.1199951171875,389.0,395.1900024414063,47780600,-0.007999833304410453,-0.008032003657369561,0.016030430756837386,0.023441440953172764,0.02381833958352648,385.4260009765625,0.4812439255242087,375.27762131463913,0.7793983995841829
2026-05-06,398.7300109863281,401.6799926757813,384.0199890136719,386.25,53465400,0.024038873016714035,0.023754487827164997,0.014640106498096205,0.02320863234081032,0.023537989810504048,390.61200561523435,1.3179265128208666,377.7576221284412,1.1969737848792787
2026-05-07,411.7900085449219,415.8299865722656,402.1199951171875,407.4800109863281,64294200,0.03275398690529352,0.03222900776203085,0.01654735566861411,0.023525529132664074,0.02372333905375064,396.6440063476563,1.6484655980821246,381.0214320591518,1.7939171148587723
2026-05-08,428.3500061035156,431.2000122070313,416.3900146484375,416.4800109863281,65050000,0.040214665764012114,0.03942710124226755,0.019742545152312153,0.024455485911620355,0.02384718662823788,404.15000610351564,1.5100509374687303,384.9609563918341,2.398618044114651
2026-05-11,445.0,449.1600036621094,416.7999877929688,422.1600036621094,78376100,0.038870068073398656,0.03813364950728898,0.019528854552550472,0.02520063605301279,0.024246514533854815,414.64800415039065,1.3541644826499664,389.5347653343564,2.7043412636014015
2026-05-12,433.4500122070313,447.7999877929688,422.260009765625,441.4100036621094,60569300,-0.02595502874824429,-0.026297804689101208,0.027399228330978874,0.02652436082468601,0.024379321546035143,423.46400756835936,0.5465233765362428,393.3933367047991,1.9259639803937547
2026-05-13,445.2699890136719,453.3999938964844,430.2099914550781,436.6700134277344,68283200,0.027269526989873283,0.026904337595479343,0.027501500684450782,0.026296087641492282,0.02459478094650066,432.7720031738281,0.903152127482872,397.2538117908296,2.1285608643495157
2026-05-14,443.2999877929688,451.9800109863281,441.1600036621094,446.489990234375,46070400,-0.004424284747029272,-0.0044341008583382606,0.02896737065803341,0.021976010158586773,0.02435835647586114,439.0739990234375,0.547860316866338,399.6990487234933,1.76942570920114
2026-05-15,422.239990234375,434.6600036621094,422.0,433.9800109863281,52688700,-0.04750732717915007,-0.04867286458740455,0.036114475090640565,0.02486614851124936,0.02514848379352638,437.85199584960935,-1.5633254285920108,401.2866675967262,0.8387232178290738
2026-05-18,409.989990234375,421.1300048828125,405.3299865722656,419.2699890136719,52474200,-0.029011937010514632,-0.029441104289050234,0.02884450745237998,0.02514799128426851,0.025339608359479255,430.84999389648436,-1.4072044409137925,401.7328578404018,0.32958031020356526
2026-05-19,404.1099853515625,405.6300048828125,393.6300048828125,403.1600036621094,46500600,-0.014341825466156255,-0.014445663458309575,0.028308583143980874,0.02492267591422182,0.025403476225263674,424.98198852539065,-1.1096984774933734,402.2857142857143,0.07306583263099714
2026-05-20,417.260009765625,417.4599914550781,406.3900146484375,407.6000061035156,45294700,0.0325407064678751,0.03202247022638431,0.030188368659041485,0.025459987108611224,0.02572733203026586,419.37999267578124,-0.14084902251098014,403.75428553989957,0.5425180609297701
2026-05-21,417.8500061035156,426.9500122070313,412.8999938964844,422.1799926757813,42636900,0.0014139776735901943,0.0014129789484986274,0.030711581136833498,0.025464144446803234,0.025727776268706815,414.2899963378906,0.49509119565327814,405.1990472702753,0.510432350608215
2026-05-22,426.010009765625,431.510009765625,420.510009765625,422.6700134277344,46104700,0.019528547428303344,0.019340312041325056,0.024804917618770808,0.023961929491770555,0.025551805260835326,415.04400024414065,1.3150795303659066,407.68904767717635,0.7608126159503932
2026-05-26,433.5899963378906,435.2000122070313,426.1199951171875,430.260009765625,45658900,0.017792977626126305,0.017636535587117294,0.017991348958844827,0.02409100368461089,0.02547763236035375,419.7640014648438,1.2554150414542313,410.4171433221726,0.9824398526316415
2026-05-27,440.3599853515625,445.6000061035156,435.5199890136719,442.8900146484375,44656500,0.015613803526030035,0.015493162254673815,0.01091579891414949,0.02416582204657488,0.02543661437888937,427.0140014648438,1.3321259944665553,413.3547610328311,1.1602709956553543
2026-05-28,442.1000061035156,443.9599914550781,436.2999877929688,437.6199951171875,32435000,0.003951359818862743,0.003943573700417892,0.008274949398734141,0.02396102256486397,0.02527958880336062,431.98200073242185,0.9987421378395059,416.50142851329986,1.141445552670228
2026-05-29,435.7900085449219,441.0700073242188,428.1400146484375,439.8500061035156,45176800,-0.014272783242432974,-0.014375619088440037,0.014088162051431017,0.02418963103855525,0.02527357074457289,435.57000122070315,0.034683703197587776,419.5009533110119,0.79805120933527
2026-06-01,415.8800048828125,429.6000061035156,415.4299926757813,427.489990234375,44937900,-0.045687150397476395,-0.046763726698806594,0.026666020563251482,0.026599324687278852,0.025987204669327885,433.54400024414065,-1.690496474365593,421.1319056919643,-0.2836741427478098
2026-06-02,423.739990234375,424.4200134277344,413.6499938964844,418.2200012207031,37596000,0.018899647156100485,0.018723267699191404,0.02689816503722748,0.026433980838597684,0.02583866871553242,431.5739990234375,-0.6914645743649966,422.69952392578125,0.06062126196402788
2026-06-03,423.7000122070313,433.6000061035156,416.0,418.7000122070313,44500700,-9.434565598021027e-05,-9.435010681155804e-05,0.024810005716576697,0.026447620339366477,0.02549898234952048,428.24200439453125,-0.43172303187798455,424.1847621372768,-0.030859807729623986
2026-06-04,418.4500122070313,426.3500061035156,417.1600036621094,419.8399963378906,35323300,-0.012390842220308285,-0.012468248792164637,0.023953081521535448,0.026562986726975928,0.025552083464153563,423.5120056152344,-0.6608269172218026,425.56952485584077,-0.5223469357097168
2026-06-05,391.0,424.6799926757813,388.5899963378906,420.5,63420200,-0.06559926253138737,-0.06784987766553573,0.035157044353568256,0.030314988210309847,0.026824605598213376,414.55400390625,-1.7320056124172072,425.20142909458707,-2.363697601671423
2026-06-08,408.9500122070313,412.9400024414063,394.7200012207031,396.3299865722656,50328800,0.045907959608775695,0.044885369045308286,0.042035268912675935,0.03112228082299361,0.027414510680204632,413.1680053710937,-0.30604534467931804,425.0661911737351,-1.1028182757846796
2026-06-09,396.6799926757813,418.5,384.239990234375,411.0299987792969,59940200,-0.03000371479396924,-0.030463037176546175,0.041324403135659736,0.030386478207995712,0.0276883788565228,407.756005859375,-0.7965260570351269,423.55809529622394,-1.6968019948846418
2026-06-10,381.5899963378906,397.0899963378906,380.1499938964844,391.5400085449219,49695600,-0.038040729596927725,-0.03878316767107322,0.04187586769895234,0.029725684276565623,0.027973082877247164,399.3340026855469,-1.2177743421369163,420.538571312314,-2.2249984210981713
2026-06-11,399.1499938964844,399.5400085449219,380.6600036621094,388.2799987792969,45324300,0.046017971453959916,0.044990546617469984,0.05154763194281372,0.03146951879378319,0.02828102285583346,395.4739990234375,0.363375946008383,418.90523710704986,-1.1075373045640973
2026-06-12,406.4299926757813,406.6799926757813,386.760009765625,399.489990234375,63514500,0.018238754580026217,0.018074423616042935,0.04030526997965942,0.031093740660832644,0.028341217781710434,398.55999755859375,0.7324867022092842,417.0557134719122,-0.6265655648740612
2026-06-15,411.1499938964844,416.0,407.1000061035156,412.3699951171875,45620500,0.011613319158924273,0.011546402155351725,0.03503757697386163,0.03128643381328458,0.028344037719571197,398.9999938964844,1.0746109499465586,415.5247613816034,-0.2753434208519444
2026-06-16,404.6600036621094,412.4200134277344,400.5400085449219,404.1099853515625,40255500,-0.015784969793794956,-0.015910879171028017,0.03225718399029319,0.029702466288499346,0.028397156960930175,400.59599609375,0.35464870286810096,414.6876191638765,-0.6275194927960227
2026-06-17,396.3800048828125,405.9400024414063,393.760009765625,401.5299987792969,43534300,-0.02046161890071707,-0.020673857986175808,0.026811904815507277,0.029357459312449513,0.028442663522436764,403.5539978027344,-1.2211375638151165,414.0395246233259,-1.0735974843203406
2026-06-18,400.489990234375,402.5199890136719,384.7000122070313,398.1000061035156,58384700,0.010368800900483421,0.010315413608767319,0.01764036504938851,0.029313268720864774,0.028164188884440337,403.8219970703125,-0.5897381458589113,413.8671439034598,-0.8069875138687315
2026-06-22,405.0499877929688,414.75,394.3999938964844,394.8500061035156,47819500,0.011386046267786165,0.01132171311592009,0.01617219206702469,0.028504342739465262,0.027857907364306645,403.54599609375,0.272313963575882,413.2857142857143,-0.49417535740496926
2026-06-23,381.6099853515625,392.8699951171875,379.05999755859375,392.6099853515625,50420200,-0.05786940661108497,-0.059611379843779844,0.02896921394559231,0.03118616107414443,0.028576505889210735,397.63799438476565,-1.6645801920866756,411.5599990118118,-1.664555038685134
2026-06-24,375.5299987792969,384.5799865722656,373.0499877929688,380.0799865722656,37081400,-0.0159324619523894,-0.016060748057995154,0.02897058360388277,0.030797628353028888,0.02863830630673928,391.81199340820314,-1.2865985597485168,409.15618896484375,-1.7431047736767604
2026-06-25,375.1199951171875,379.1199951171875,371.2200012207031,375.2699890136719,30138800,-0.00109180002514353,-0.0010923964729650014,0.029323371721980088,0.03034662377051657,0.028620522009203474,387.55999145507815,-0.8752958626203435,406.37190319242933,-1.5783099019228986
2026-06-26,379.7099914550781,387.7999877929688,368.6000061035156,370.1499938964844,53434100,0.01223607484974698,0.012161819203993191,0.02966890534076234,0.030232215459303775,0.028286270554465146,383.40399169921875,-0.29766193646105826,403.4838082449777,-1.251080822176537
2026-06-29,411.8399963378906,413.2699890136719,379.2999877929688,381.7900085449219,57645800,0.08461722263269356,0.08122713454703766,0.051242415213794495,0.035824786198469766,0.029827589267733472,384.7619934082031,1.7599508361377465,402.0428553989955,0.5774522002194546
2026-06-30,420.6000061035156,424.5400085449219,406.0,406.0,43385600,0.02127042017171621,0.02104736226435513,0.037266226528799115,0.03611376529560562,0.029806802947496235,392.55999755859375,1.280760425106686,401.31952194940476,1.2253604803901332
2026-07-01,425.2999877929688,432.8599853515625,418.0899963378906,421.4599914550781,40127900,0.011174468904540324,0.011112495777372793,0.0324636324252457,0.03468196325897453,0.029325293059537988,402.51399536132817,0.9707746346038634,401.7680925641741,1.4441441345900392
2026-07-02,393.4500122070313,432.3500061035156,389.2999877929688,428.010009765625,73717700,-0.07488825887632455,-0.07784074755080678,0.05682474450951781,0.038423527048269165,0.030851142572429886,406.17999877929685,-0.664441050406749,400.3257126581101,-0.44139067951003813
2026-07-06,419.7699890136719,420.0,390.5,397.5,54727900,0.06689535135353131,0.06475289005284891,0.06205735624582239,0.04121775980546373,0.031042715880794384,414.19199829101564,0.44399797411343356,400.1385686965216,1.2827887066782038
2026-07-07,402.8999938964844,419.55999755859375,401.8800048828125,416.9599914550781,38149900,-0.04018866417017264,-0.041018539011121395,0.055688392422974936,0.04209571483559975,0.03137731707237112,412.40399780273435,-0.7000176783655387,399.39809163411456,0.23759135040881502
2026-07-08,394.05999755859375,399.6300048828125,390.510009765625,399.3800048828125,33844900,-0.021940919513048773,-0.022185201276039682,0.054084764357499406,0.039620043138029484,0.031428612351410645,407.09599609375,-0.8860791876249459,399.54380580357144,-0.3738886652147878
2026-07-09,406.5499877929688,407.8599853515625,390.8599853515625,393.989990234375,37835000,0.03169565627507742,0.0312037168556396,0.056995418657982515,0.03895842403208036,0.0316032976647163,403.34599609375,0.2973638901137636,399.4295189267113,0.4877304054890234
2026-07-10,407.760009765625,413.1600036621094,402.80999755859375,410.489990234375,33410000,0.002976317818197405,0.002971897353286902,0.04211559341781452,0.038341570975967694,0.03159876692339963,406.20799560546874,0.1671225083572494,399.95713878813245,0.5309969099616836
2026-07-13,394.760009765625,405.5700073242188,391.3699951171875,404.6099853515625,32809200,-0.03188149815738972,-0.03240077993929111,0.02937820731223681,0.03803190271887845,0.031890984946653635,401.20599975585935,-0.9976143316113814,400.5842822846912,-0.4118322431458173
2026-07-14,396.1799926757813,402.2200012207031,394.760009765625,399.0499877929688,23385000,0.0035970789214423426,0.003590624905498134,0.02490386344606973,0.03672153653939488,0.03187556519873261,399.86199951171875,-0.5483354634164797,400.44285365513394,-0.30078988620968444
2026-07-15,394.4599914550781,406.5899963378906,390.6600036621094,399.3999938964844,31549800,-0.004341464113536864,-0.004350915634407149,0.02271525838786718,0.036484086982900586,0.03163537385571322,399.94199829101564,-0.8268079740731851,399.8728535970052,-0.38226182982834234
2026-07-16,391.05999755859375,395.30999755859375,385.3200073242188,392.3500061035156,29269100,-0.00861936310433542,-0.008656724657948154,0.014693569108308043,0.03639123234403489,0.030276481896412542,396.8440002441406,-0.9058500328088241,398.9161871047247,-0.5596283253287957
2026-07-17,380.8399963378906,385.6900024414063,377.2200012207031,381.7799987792969,31394600,-0.02613410035418373,-0.026481664853464253,0.015205984001319383,0.036659788919384595,0.03044472039706071,391.4599975585937,-1.7054174808661176,397.7819010416667,-1.167966370105602
2026-07-20,369.5700073242188,386.6099853515625,369.4299926757813,386.0499877929688,33901500,-0.029592451218471316,-0.030039142341406637,0.014498545552294635,0.036942831457783015,0.03042470028039307,386.42199707031256,-1.5126106934452035,396.50523449125745,-1.7090293305938147
2026-07-21,378.9299926757813,384.0700073242188,369.9800109863281,371.1700134277344,32735300,0.025326690927467865,0.02501128466509805,0.021947134198637135,0.03735126986204892,0.030501450673969283,382.9719970703125,-0.40527262718879065,395.4785679408482,-1.022494496265136
2026-07-22,374.010009765625,380.1700134277344,372.8999938964844,375.5299987792969,30646100,-0.012983883580748756,-0.013068910989716612,0.02184108462074612,0.03727471651556512,0.030482887115497345,378.8820007324219,-0.6013094949138295,394.00047374906995,-1.1987138106932755
2026-07-23,319.69000244140625,342.1099853515625,315.739990234375,341.0,115606400,-0.14523677416617442,-0.15693077724657808,0.0687496652420516,0.048822064465765334,0.03629172194485648,364.6080017089844,-1.7620854245096829,391.0519031343006,-3.078329490478593
2026-07-24,313.0299987792969,322.9599914550781,306.510009765625,320.7200012207031,62760000,-0.020832692956452514,-0.021052755196125365,0.06906464602031955,0.04887319832900077,0.03611782840039184,351.04600219726564,-1.1908503111827353,388.0757126581101,-2.6200232487865085
2026-07-27,309.2200012207031,317.0,304.2799987792969,313.239990234375,44919400,-0.012171349626078465,-0.012246027070754707,0.07010625720259263,0.04884734731651135,0.03611542399123926,338.9760009765625,-0.863103215430628,384.93761771065846,-2.269999386209956
2026-07-28,307.44000244140625,311.1600036621094,300.69000244140625,305.92999267578125,39802400,-0.005756415407379811,-0.0057730474244629066,0.06458017713836361,0.048611407298014477,0.03609677116188357,324.6780029296875,-0.6162029851514462,381.4961896623884,-1.9798709523980784
2026-07-29,298.32000732421875,309.0599975585937,297.3800048828125,307.1400146484375,39478000,-0.029664308628561287,-0.03011319377555425,0.06311678456847021,0.044012073356564194,0.036251993555630566,309.5400024414063,-1.4318766106289331,376.0904758998326,-1.9040501696535632
2026-07-30,308.8500061035156,310.8699951171875,301.3299865722656,302.70001220703125,38005400,0.03529766197629747,0.034688981481862634,0.024993230333518163,0.0446719574284571,0.03656601628159775,307.37200317382815,0.27034606007403045,370.76904732840404,-1.4736072992477103
2026-07-31,311.2099914550781,315.5,301.9700012207031,309.69000244140625,36630600,0.007641202217659959,0.007612156102981297,0.02421036779314143,0.0445772348582896,0.036436015967583044,307.00800170898435,0.8337112587306222,365.336190359933,-1.2889890293365762
2026-08-03,322.0799865722656,324.6499938964844,310.42999267578125,310.9599914550781,38281400,0.03492816881091865,0.034332022193839726,0.027604475841343838,0.04335870804662682,0.036585977009865545,309.5799987792969,1.4660121361006788,361.93761771065846,-0.9381074123188459
2026-08-04,327.3500061035156,329.57000732421875,320.7900085449219,324.0,33318300,0.01636245575931672,0.016230033331529004,0.02656437484070609,0.04039365911119428,0.03665550282274033,313.56199951171874,1.2061396455765487,357.53666614350817,-0.7370456849844649
2026-08-05,321.54998779296875,327.1400146484375,320.2799987792969,323.4200134277344,27820800,-0.01771809440172356,-0.017876938914546434,0.021785140393976186,0.03987015881699205,0.03669877443767479,318.20799560546874,0.42591156489930526,353.66285632905505,-0.7969848003978458
2026-08-06,319.5299987792969,323.0,315.5199890136719,317.04998779296875,26033800,-0.006282037289245479,-0.006301852314906756,0.020175524877501752,0.039792760283132646,0.03653987987310875,320.343994140625,-0.13876242566669653,350.11380876813615,-0.7677319831698995
2026-08-07,328.5799865722656,333.7300109863281,321.25,322.3399963378906,39492300,0.02832281108985857,0.027929136309362692,0.022312940754747424,0.039629374477147566,0.0364759979947728,323.8179931640625,1.2124539882030614,346.4009515671503,-0.4702099929832722
2026-08-10,330.8800048828125,332.04998779296875,326.1499938964844,326.6000061035156,25003800,0.006999873408422008,0.006975488024820526,0.018069882474723964,0.03970516095059165,0.03608587319759146,325.5779968261719,1.099193001226575,342.739998953683,-0.3359708877742702
2026-08-11,332.8099975585937,336.20001220703125,329.5299987792969,332.79998779296875,23345200,0.005832908145854132,0.0058159625997472935,0.017081361155222793,0.039499922389963374,0.03570352385287311,326.6699951171875,1.051973843084137,339.7899983723958,-0.20982402218925386
2026-08-12,327.510009765625,335.5,323.6400146484375,335.0,28698900,-0.015924965691680004,-0.01605313045872697,0.016526318147293804,0.03944106339543916,0.035626404259313696,327.86199951171875,-0.06914642657479518,336.51999918619794,-0.29325857634770697
2026-08-13,339.9599914550781,341.6400146484375,325.239990234375,327.20001220703125,34708300,0.0380140493976433,0.037309319717265685,0.020880515361101602,0.040717071778356206,0.03579780124318015,331.947998046875,1.6260263282209377,333.9247610909598,0.21754921860754609
2026-08-14,342.2699890136719,351.260009765625,335.3299865722656,342.3299865722656,45437100,0.006794910038403712,0.0067719286826166255,0.019005149117674758,0.04082625841674623,0.03582487049110365,334.6859985351563,1.2189835377676843,331.60142735072543,0.4340235906907652
2026-08-17,339.29998779296875,345.45001220703125,337.4800109863281,340.69000244140625,26037100,-0.008677363823985429,-0.008715231364881356,0.020488022231875645,0.040571416520998285,0.035373988177953626,336.3699951171875,0.48257589781494564,329.6233317057292,0.4408331892723054
2026-08-18,336.8699951171875,340.5299987792969,331.1199951171875,333.2200012207031,27994500,-0.00716178238492593,-0.007187551055172663,0.021176394576194777,0.040184945629657076,0.035221258632904345,337.18199462890624,-0.05436664405574271,328.0661882672991,0.4390218835156798
2026-08-19,351.1199951171875,351.6199951171875,335.70001220703125,338.8900146484375,36735400,0.04230118504630487,0.04143094671567836,0.024046256373687458,0.04093872917370734,0.03563254100842571,341.90399169921875,1.6758463548954605,326.7419026692708,1.4133517384201453
2026-08-20,345.1300048828125,347.5,338.9599914550781,346.20001220703125,30766400,-0.01705966711572726,-0.01720685967593452,0.02313284133735886,0.0409963511957479,0.035408339798980275,342.9379943847656,0.39650134695622735,325.36666434151783,1.3949887211055583
2026-08-21,362.8599853515625,366.5,346.8999938964844,349.8800048828125,59224000,0.05137188948486271,0.050095872774972884,0.03149324792599665,0.02349453256889241,0.036032205356807276,347.0559936523438,1.5174032817126901,327.42237781343005,2.1771049666918727
2026-08-24,348.95001220703125,363.239990234375,348.260009765625,361.4100036621094,39190500,-0.03833427136104406,-0.03908836412728585,0.03855017265590949,0.024826017860200004,0.03621926037241873,348.9859985351562,-0.003800112127453014,329.13285464332216,1.1956792310519684
2026-08-25,350.25,357.0,349.20001220703125,349.5799865722656,29816700,0.003725426988085312,0.0037185047717777416,0.03794898304790089,0.024508350525463143,0.03613266358929946,351.66199951171876,-0.21184375348585177,331.086664109003,1.1594802295109008
2026-08-26,345.82000732421875,351.92999267578125,342.5299987792969,345.2699890136719,28573000,-0.012648087582530332,-0.01272875556119292,0.03340342346798011,0.02472054951768858,0.036069691288620365,350.602001953125,-0.6664819372541008,332.9142833891369,0.8121030430607983
2026-08-27,354.8099975585937,355.739990234375,345.45001220703125,346.1600036621094,30136200,0.025996154195747634,0.025663998394328192,0.03434733238985803,0.023665260843872334,0.03624861440500867,352.5380004882812,0.34354728684621916,335.60428292410717,1.3282260085847397
2026-08-28,348.75,358.79998779296875,345.20001220703125,357.1000061035156,32972200,-0.017079556946793528,-0.017227094914676146,0.024210287317490732,0.023477038299408705,0.0362642010683078,349.71600341796875,-0.29485939204027034,337.50428263346356,0.842564742653521
2026-08-31,367.9500122070313,368.9200134277344,347.1499938964844,347.2099914550781,61732300,0.05505379844310054,0.05359175941282039,0.029330651123156845,0.02569517253257669,0.03653785565616461,353.51600341796876,1.6594516120230984,340.20618838355654,2.0550703407229336
2026-09-01,356.0899963378906,362.7000122070313,352.9599914550781,360.8999938964844,36193900,-0.03223268236356924,-0.03276359494263295,0.035384582574772235,0.026415367367686883,0.03664379404061343,354.6840026855469,0.16462607257533107,341.8257126581101,1.076165983048847
2026-09-02,357.010009765625,360.6199951171875,349.9200134277344,360.4100036621094,33951900,0.002583654236838928,0.0025803223399768612,0.03429568387620342,0.02628716465135315,0.036648482428066294,356.9220031738281,0.012651392382841312,343.2380937848772,1.0421195129083871
2026-09-03,376.3699951171875,384.0400085449219,365.8200073242188,365.8200073242188,63601000,0.05422813036607077,0.052808869171430906,0.039817606583396725,0.027809776733108405,0.03728562064777315,361.2340026855469,1.3899160344456787,345.8485703241257,2.164388960303222
2026-09-04,354.0799865722656,364.6900024414063,351.32000732421875,362.0700073242188,65018200,-0.05922365978717725,-0.061049850737314657,0.05104419210118663,0.031490566117547254,0.03710036717912737,362.3,-0.8616866153983141,347.49380783807663,0.5130934894163516
2026-09-08,368.1600036621094,370.0,355.75,357.1000061035156,51078800,0.039765074626634034,0.038994797854259064,0.0477401856689725,0.031984088962792284,0.036988644408794166,362.3419982910156,0.6078816902806466,349.3785705566406,1.4643243269628583
2026-09-09,367.80999755859375,375.4400024414063,366.0,368.25,32564300,-0.0009506901891408459,-0.0009511423816780997,0.04425575172769696,0.03201152641616458,0.03680450434164707,364.6859985351563,0.34407020524827564,351.1371416364397,1.3134534834316534
2026-09-10,363.55999755859375,369.2099914550781,357.67999267578125,360.6000061035156,29667200,-0.011554878954379011,-0.011622155317144714,0.04501757465900754,0.03221587554619817,0.03651509208269777,365.99599609375,-0.3001243630292926,352.60142735072543,0.8953424352614153
2026-09-11,365.4400024414063,368.6600036621094,361.6000061035156,364.2000122070313,30153000,0.0051710993933251626,0.005157775173029338,0.036182030700814626,0.03187962375043216,0.036051907682093834,363.80999755859375,0.2834093829803912,354.4076174781436,0.9941783628061751
2026-09-14,358.9700012207031,367.7300109863281,357.0400085449219,359.7799987792969,32477200,-0.01770468798565794,-0.017863290770868866,0.022162172621179664,0.031372103114974625,0.03602309503309905,364.7880004882812,-1.5509828480475167,355.31285603841144,0.34420776672448683
2026-09-15,356.5799865722656,362.3900146484375,354.04998779296875,358.75,30317700,-0.006657978773463191,-0.006680241987832851,0.008972574296525832,0.03141976727071672,0.03598595447046961,362.4719970703125,-1.2746611617656718,355.9942844935826,0.057440083822575254
2026-09-16,358.0799865722656,365.1000061035156,354.8900146484375,357.92999267578125,32177400,0.004206629806734918,0.004197806674681738,0.009990810162559212,0.03132681754776363,0.03595208814647974,360.5259948730469,-0.6461088270168828,356.88857014973956,0.1259954363425923
2026-09-17,366.2000122070313,374.1199951171875,363.2200012207031,367.4800109863281,38924100,0.022676569312054973,0.02242327795043738,0.015002336637697065,0.03153161701056674,0.03599988589575697,361.0539978027344,1.1585079811255163,358.2852376302083,0.9349346226703946
2026-09-18,364.2699890136719,370.8999938964844,360.75,369.0,51922300,-0.005270407233815999,-0.005284344822769726,0.01508323043228915,0.03038400792274747,0.03597264312651555,360.8199951171875,0.8261542735032723,358.9114278157552,0.6382933812945452
2026-09-21,375.2999877929688,378.3599853515625,371.0700073242188,371.6400146484375,36599600,0.030279735119444373,0.029830352862943027,0.016484908882296572,0.03064919890731603,0.036154207092726175,364.08599243164065,1.503005702060738,360.3480936686198,1.759119393854331
2026-09-22,378.8999938964844,380.4200134277344,372.8800048828125,379.0700073242188,28229900,0.009592342714120905,0.009546628301129519,0.014072190272452358,0.028822171404344513,0.03539433185406078,368.54999389648435,1.2237025877215073,361.11190359933033,1.8905899691633903
2026-09-23,380.1199951171875,386.7000122070313,377.5799865722656,380.1000061035156,33522500,0.0032198501988798256,0.0032146775816225223,0.014217077661578861,0.02723719815509877,0.03533751802070023,372.95799560546874,0.9809156659432069,362.596188499814,1.780364149925362
2026-09-24,377.9400024414063,383.3299865722656,375.7000122070313,377.3500061035156,26165700,-0.005735011848322036,-0.005751520175999438,0.014604561586560524,0.027321646246586066,0.035345125623241866,375.3059936523438,0.4103349035679508,363.91476004464283,1.4081271557290458
2026-09-25,372.1099853515625,386.8299865722656,367.6700134277344,384.6199951171875,45999500,-0.015425774070442988,-0.015545989199978098,0.017141993910177115,0.027412716740099683,0.03536523713434972,376.87399291992193,-1.4889187368551537,365.1666637602307,0.7551227544604701
2026-09-28,357.45001220703125,369.4299926757813,356.79998779296875,368.05999755859375,39452900,-0.03939688189415502,-0.040193943758508294,0.01947342864675782,0.0284948118118859,0.03413662166631559,373.3039978027344,-1.6899443925463422,365.29237874348956,-0.8652800365122894
2026-09-29,352.8399963378906,358.739990234375,351.6700134277344,358.3999938964844,32492400,-0.012896952613532298,-0.01298084035156419,0.016229738774183114,0.028378652999873074,0.03403112377158443,368.0919982910156,-1.2415238203700343,365.48714047386534,-1.4490528587377984
2026-09-30,354.8099975585937,355.2200012207031,345.8800048828125,352.1099853515625,39235800,0.005583270720863842,0.005567742038637267,0.01688375998563906,0.025699595772503914,0.0340017505157774,363.0299987792969,-0.7299136870543882,364.8614254906064,-1.115714354537303
2026-10-01,354.1099853515625,359.7900085449219,353.79998779296875,356.8099975585937,31004400,-0.0019729213152049896,-0.0019748700880685226,0.017409080012139044,0.024699515970334148,0.03261930420703955,358.2639953613281,-0.5244188091644196,364.7671392531622,-1.1691772722464684
